[
    {
        "start":0.50346875,
        "end":1.39784375,
        "speaker":2,
        "text":"كان مني ⁇ "
    },
    {
        "start":2.02221875,
        "end":3.08534375,
        "speaker":2,
        "text":"تبصلي عليه عاقله عاقله عاقله عاقله عاقله ع"
    },
    {
        "start":3.64221875,
        "end":9.32909375,
        "speaker":2,
        "text":"هو إنت جبت لغه العربيه حصلت و جبت مصلحه على السرير مالك عندي صلاح في الشارع هل ازاي صح هل ازاي صح ⁇ "
    },
    {
        "start":9.90284375,
        "end":11.03346875,
        "speaker":2,
        "text":"بتتعاطف حاجه قالها ⁇ "
    },
    {
        "start":11.30346875,
        "end":11.92784375,
        "speaker":2,
        "text":"أنا ⁇ "
    },
    {
        "start":12.07971875,
        "end":18.34034375,
        "speaker":2,
        "text":"لأ أساسا صلى الله عليه وسلم عليه الصلاة والسلام عليه الصلاة والسلام عليه الصلاة والسلام عليه الصلاة والسلام عليه الصلاة والسلام عليه الصلاة والسلام عليه الصلاة والسلام عليه الصلاة والسلام عليه الصلاة والسلام عليه الصلاة والسلام ⁇ "
    },
    {
        "start":15.64034375,
        "end":16.12971875,
        "speaker":3,
        "text":"كلمني أنا بكلمك بكلمك"
    },
    {
        "start":20.48346875,
        "end":25.47846875,
        "speaker":3,
        "text":"بقى هستندى كوميديان إنت أساسا يعني ⁇ "
    },
    {
        "start":24.09471875,
        "end":26.08596875,
        "speaker":0,
        "text":"<fil> <fil> <fil> ⁇ "
    },
    {
        "start":26.76096875,
        "end":31.68846875,
        "speaker":3,
        "text":"وشايفه لها رواج في مصر لها إهتمام يعني ⁇ "
    },
    {
        "start":31.82346875,
        "end":39.31596875,
        "speaker":1,
        "text":"<fil> بنسميها <fil> بنسميها <fil> <fil> <fil> <fil> <fil> <fil> <fil> <fil> <fil> <fil> <fil> <fil> <fil> <fil> <fil> <fil> <fil> <fil> <fil> <fil> <fil> <fil> <fil> <fil> <fil> <fil> <fil> بنسم"
    },
    {
        "start":39.41721875,
        "end":39.45096875,
        "speaker":1,
        "text":""
    },
    {
        "start":39.68721875,
        "end":40.96971875,
        "speaker":1,
        "text":"محمد سامي اللي محمد سامي اللي محمد سامي اللي محمد سامي اللي محمد سامي اللي محمد سامي اللي محمد س"
    }
]