[
    {
        "start":0.03096875,
        "end":42.74159375,
        "speaker":2,
        "text":"أنا و غاده عبد الرازق قالولي المره دي طبعا وراها عملت معاهم ده وبعد كده إشتغلت أنا و الحمام إيه ده العمل و الخامس ⁇ "
    },
    {
        "start":3.42284375,
        "end":3.62534375,
        "speaker":0,
        "text":"واقعد وا"
    },
    {
        "start":7.65846875,
        "end":8.23221875,
        "speaker":0,
        "text":"إم إم إم إم إم إم إم إم إم إم إم إم إم إم"
    },
    {
        "start":8.40096875,
        "end":8.43471875,
        "speaker":0,
        "text":""
    },
    {
        "start":9.10971875,
        "end":11.15159375,
        "speaker":0,
        "text":"كيميا عظيم هو ده اللي حطاه صاصاصاصاصاصاصاصاصاصاصاصاصاصاصاصاصاصاصاص"
    },
    {
        "start":18.98159375,
        "end":19.31909375,
        "speaker":0,
        "text":"عبد الناصر عبد المنعم"
    },
    {
        "start":21.22596875,
        "end":24.11159375,
        "speaker":0,
        "text":"<fil> <fil> <fil> <fil> <fil> <fil> <fil> <fil> <fil> <fil> <fil> <fil>"
    },
    {
        "start":25.14096875,
        "end":25.66409375,
        "speaker":0,
        "text":"باتجاك جدك جدك جد"
    },
    {
        "start":30.72659375,
        "end":30.82784375,
        "speaker":0,
        "text":""
    },
    {
        "start":42.74159375,
        "end":43.58534375,
        "speaker":1,
        "text":"ترجع زهق ذكاء ذكاء ذكاء ذكاء"
    },
    {
        "start":43.58534375,
        "end":53.98034375,
        "speaker":2,
        "text":"<fil> <fil> <fil> <fil> <fil> ⁇ "
    },
    {
        "start":43.73721875,
        "end":43.90596875,
        "speaker":1,
        "text":""
    },
    {
        "start":43.92284375,
        "end":43.99034375,
        "speaker":1,
        "text":""
    },
    {
        "start":46.84221875,
        "end":48.22596875,
        "speaker":1,
        "text":"متهيألي ده اللي يقدر ي ي ي ي ي ي ي ي ي يتر جه ده اللي يقدر ي ي ي ي ي ي ي ي"
    },
    {
        "start":48.22596875,
        "end":48.27659375,
        "speaker":0,
        "text":""
    },
    {
        "start":48.27659375,
        "end":48.29346875,
        "speaker":1,
        "text":""
    },
    {
        "start":48.29346875,
        "end":48.46221875,
        "speaker":0,
        "text":""
    },
    {
        "start":54.75659375,
        "end":83.98409375,
        "speaker":2,
        "text":"أصغر في الجانب ست الاسم إسماعيل بس مش ممكن أنساها شغلها و لا بصوتها مناري اللي عملت شغلي الكاستيني لأنه كان بعد ما بتختار قالي هجومي الصف الأول والتاني وبتاع يبقى عندك مجموعه من الشباب إم و مجموعه من الأدوار المهم عايز تسكنها صح دي شغلانه ⁇ "
    },
    {
        "start":62.56971875,
        "end":63.22784375,
        "speaker":0,
        "text":"باعتبارها باعتبارها باعتبارها ب"
    },
    {
        "start":74.93909375,
        "end":75.31034375,
        "speaker":1,
        "text":"إزازه إزاز"
    },
    {
        "start":76.64346875,
        "end":80.50784375,
        "speaker":1,
        "text":"<fil> <fil> <fil> <fil> <fil> <fil> <fil> <fil> <fil> <fil> <fil> <fil> <fil> <fil> <fil> <fil>"
    },
    {
        "start":82.19534375,
        "end":85.35096875,
        "speaker":1,
        "text":"بس بحاجه حاجه من الحاجات برضو لازم نشيل بيها ⁇ "
    },
    {
        "start":85.65471875,
        "end":86.49846875,
        "speaker":1,
        "text":"إنه ⁇ "
    },
    {
        "start":86.59971875,
        "end":91.18971875,
        "speaker":1,
        "text":"<fil> وهذا المسلسل لما بنتكلم على خمسه وأربعين حلقه ⁇ "
    },
    {
        "start":91.54409375,
        "end":97.43346875,
        "speaker":1,
        "text":"بس في زخم في الأحداث وبالتالي مبيحسش في لحظه إنه قرآني وإعلي لأن كل يوم منعيش مع الأسره دي مشكله ⁇ "
    },
    {
        "start":93.24846875,
        "end":93.73784375,
        "speaker":0,
        "text":"وبالتالي بي بي بي بي بي بي بي بي"
    },
    {
        "start":97.50096875,
        "end":103.79534375,
        "speaker":1,
        "text":"و في هذا الإطار خلونا نرحب باقي بالمؤلف إن أنا على الهاتف يا أستاذ محمد مساء الخير مساء الخير مساء الخير مساء الخير مساء الخير يا أستاذ محمد مساء الخير ⁇ "
    },
    {
        "start":97.55159375,
        "end":97.99034375,
        "speaker":0,
        "text":"وفففاته وفففف"
    },
    {
        "start":100.01534375,
        "end":102.36096875,
        "speaker":0,
        "text":"<fil> <fil> <fil> <fil> <fil> <fil> <fil> <fil> <fil> ⁇ "
    },
    {
        "start":107.10284375,
        "end":107.69346875,
        "speaker":1,
        "text":"محمد ⁇ "
    },
    {
        "start":110.17409375,
        "end":112.01346875,
        "speaker":1,
        "text":"أستاذ محمد أهلا بحضرتك يا أستاذ محمد أهلا وسهلا يا أستاذ محمد أهلا بحضرتك يا أستاذ محمد ⁇ "
    },
    {
        "start":110.32596875,
        "end":110.59596875,
        "speaker":0,
        "text":"أقل أقل أقل وأ"
    },
    {
        "start":111.18659375,
        "end":111.55784375,
        "speaker":0,
        "text":"أستاذه صلى الله عليه و "
    },
    {
        "start":113.90346875,
        "end":123.01596875,
        "speaker":1,
        "text":"طيب بحاول نرجعله بره تانيه لأ بالحقيقه فعلا لازم أحقيقه إنه أه صعب خمسه و أربعين وحلقه يفضلوا كل واحد ⁇ "
    },
    {
        "start":114.78096875,
        "end":114.84846875,
        "speaker":2,
        "text":""
    },
    {
        "start":114.84846875,
        "end":115.05096875,
        "speaker":0,
        "text":"دهده ده ده ده"
    },
    {
        "start":115.05096875,
        "end":115.13534375,
        "speaker":2,
        "text":""
    },
    {
        "start":121.86846875,
        "end":123.26909375,
        "speaker":0,
        "text":"كل واحد صديقي حقيقيه حقيقيه حقيقيه حقيقيه حقيقيه الحقيقي ⁇ "
    },
    {
        "start":123.26909375,
        "end":127.21784375,
        "speaker":1,
        "text":"<fil> اللي قالته لحضرتك اللي هي <fil> <fil> <fil> <fil> <fil> <fil> <fil> <fil> <fil> <fil> <fil> <fil> <fil> <fil> اللي"
    },
    {
        "start":126.05346875,
        "end":126.64409375,
        "speaker":0,
        "text":"بوريه بوريه بوريه بورييه بري"
    },
    {
        "start":126.71159375,
        "end":127.25159375,
        "speaker":0,
        "text":"أه ⁇ "
    },
    {
        "start":127.25159375,
        "end":130.06971875,
        "speaker":1,
        "text":"دي حاله أنا سمعتها من كذا حد و أنا شخصيا ويقعد فيها أه أه أه أه أه أه أه أه أه أه أه أه أه أه أه أه أه أه أه أه أه أه أه أه أه أه أه أه أه أه أه أه أه أه أه أه أه أه أه أه أه أه أه أه أه أه أه أه أه أه أه أه"
    },
    {
        "start":129.96846875,
        "end":130.39034375,
        "speaker":0,
        "text":"أه <fil> <f"
    },
    {
        "start":130.32284375,
        "end":143.55284375,
        "speaker":1,
        "text":"اللي هو باجي أتفرج على واكشف خلصت الحلقه لا <fil> <fil> <fil> <fil> <fil> ⁇ "
    },
    {
        "start":135.63846875,
        "end":136.09409375,
        "speaker":0,
        "text":"ما بيبانش بيه بيئه بي"
    },
    {
        "start":138.86159375,
        "end":139.26659375,
        "speaker":0,
        "text":"فاطمه فاطمه فاط"
    },
    {
        "start":144.02534375,
        "end":145.59471875,
        "speaker":0,
        "text":"النبي صلى الله عليه وسلم عليه الصلاة والسلام عليه الصلاة والسلام عليه الصلاة والسلام عليه الصلاة والسل"
    },
    {
        "start":144.85221875,
        "end":145.91534375,
        "speaker":1,
        "text":"معاها بيقولوا معانا ⁇ "
    },
    {
        "start":146.32034375,
        "end":147.61971875,
        "speaker":1,
        "text":"والكلام الأغنيه ⁇ "
    },
    {
        "start":147.85596875,
        "end":147.88971875,
        "speaker":0,
        "text":""
    },
    {
        "start":147.88971875,
        "end":149.45909375,
        "speaker":1,
        "text":"<fil> <fil> <fil> <fil> <fil> ⁇ "
    },
    {
        "start":147.92346875,
        "end":150.04971875,
        "speaker":0,
        "text":"نهاية الأغنيه الأغنيه الأغنيه الأغنيه الأغنيه الأغنيه الأغنيه ⁇ "
    },
    {
        "start":150.04971875,
        "end":163.51596875,
        "speaker":1,
        "text":"يعني أنا لازم أحييك بصراحه اللي لسه بقول إن خمسه وأربعين حلقه كلهم مشدودين وكلهم فيهم زخم في الأحداث و الشيء الواحد من الأول للآخر ودي ميزه و عيب في نفس الوقت إن اللي بيتفرج على واكشن إنه بيبذل حاجه ميعرفش ⁇ "
    },
    {
        "start":161.94659375,
        "end":165.15284375,
        "speaker":0,
        "text":"أنا مبيعرفش بقى يا فرديك يا أستاذ ربنا يخليك ⁇ "
    },
    {
        "start":165.35534375,
        "end":176.15534375,
        "speaker":1,
        "text":"و الله يبقى بحييك فعلا بسنت قولي حفلة إن اقتصاد كل هذه المشاكل والتحديات اللي في الحلقات دي كلها مع بعض لهذه الثلاثه ده مكنش سهل أكيد في الحلقات دي كلها مع بعض لهذه الثلاثه ده مكنش سهل أكيد ⁇ "
    },
    {
        "start":177.18471875,
        "end":180.35721875,
        "speaker":0,
        "text":"أكيد مكنش سهل بس يعني قبل ما أتكلم عن الجزئيه دي ⁇ "
    },
    {
        "start":180.61034375,
        "end":182.83784375,
        "speaker":0,
        "text":"يعني أولا عايز بس أقول مداخله صغيره في ⁇ "
    },
    {
        "start":183.14159375,
        "end":185.94284375,
        "speaker":0,
        "text":"شغال في الدراما بقال اتناشر سنه ⁇ "
    },
    {
        "start":186.14534375,
        "end":193.53659375,
        "speaker":0,
        "text":"و ظهوري في الإعلام قليل جدا يعني ممكن في وزارة هناك أربع مرات أه وده أنا عندي يعني لكن المرادي أنا غيرهم بطرحني ⁇ "
    },
    {
        "start":193.82346875,
        "end":208.87596875,
        "speaker":0,
        "text":"دولار من الحلقه الجميله دي ويستقبل حلوه أوي أوي أوي وخصوصا مع الأستاذ رامي لأن أنا بحبك جدا ⁇ "
    },
    {
        "start":200.92784375,
        "end":202.98659375,
        "speaker":1,
        "text":"<fil> <fil> <fil> <fil> <fil> <fil> <fil> <fil> <f"
    },
    {
        "start":205.11284375,
        "end":205.70346875,
        "speaker":1,
        "text":"الحاله الحاله الحاله الحاله الحاله"
    },
    {
        "start":209.09534375,
        "end":211.96409375,
        "speaker":0,
        "text":"دول للأمتع النجوم اللي ممكن تشخيص إن ممكن الحشاشينج اللي ممكن تشخيص إن ممكن ⁇ "
    }
]