[
    {
        "start":0.03096875,
        "end":0.90846875,
        "speaker":1,
        "text":"رائعه ⁇ "
    },
    {
        "start":0.90846875,
        "end":1.02659375,
        "speaker":0,
        "text":""
    },
    {
        "start":1.29659375,
        "end":10.29096875,
        "speaker":1,
        "text":"<fil> بالمناسبه <fil> بالمناسبه <fil> بالمناسبه صح ⁇ "
    },
    {
        "start":10.29096875,
        "end":10.54409375,
        "speaker":0,
        "text":"بي بي بي بي بي بي"
    },
    {
        "start":10.47659375,
        "end":15.21846875,
        "speaker":1,
        "text":"<fil> <fil> <fil> <fil> <fil> <fil> <fil> <fil> <fil> <fil> <fil> <fil> <fil> <fil> <fil> <fil> <fil> <fil> <fil> <fi"
    },
    {
        "start":13.78409375,
        "end":13.91909375,
        "speaker":2,
        "text":""
    },
    {
        "start":13.91909375,
        "end":14.23971875,
        "speaker":3,
        "text":"ها ها ها ها"
    },
    {
        "start":14.23971875,
        "end":14.40846875,
        "speaker":2,
        "text":""
    },
    {
        "start":14.83034375,
        "end":14.89784375,
        "speaker":2,
        "text":""
    },
    {
        "start":14.89784375,
        "end":15.33659375,
        "speaker":3,
        "text":"تروحي تروحي تروحي تروح"
    },
    {
        "start":15.33659375,
        "end":16.97346875,
        "speaker":1,
        "text":"إيه إيه إيه إيه ⁇ "
    },
    {
        "start":16.97346875,
        "end":20.97284375,
        "speaker":3,
        "text":"بالفعل و كانت عامله كانت تلاتين ثانيه فهي كانت عامله كانت تلاتين ثانيه فهي كانت عامله كانت تلاتين ثانيه فهي كانت عامله كانت تلاتين ثانيه فهي كانت عامله كانت تلاتين ثانيه فهي كانت عامله كانت تلاتين ثانيه فهي كانت عامله كانت تلاتين ثانيه ⁇ "
    },
    {
        "start":17.05784375,
        "end":17.66534375,
        "speaker":1,
        "text":"باجي لا لا لا لا لا لا لا لا لا لا لا لا"
    }
]