[
    {
        "start":0.03096875,
        "end":7.52346875,
        "speaker":1,
        "text":"بترجعي بقى خلاص ولا إيه أه إن شاء الله طبعا أنا مبسوطه طبعا أنا رجعت في المسلسل أنا بصي ولا إيه أه إن شاء الله طبعا أنا مبسوطه طبعا أنا رجعت في المسلسل أنا بصي ولا إيه أه إن شاء الله طبعا أنا مبسوطه طبعا أنا رجعت في المسلسل أنا بصي ولا إيه أه إن شاء الله طبعا أنا مبسوطه طبعا أنا رجعت في المسلسل أنا بصي ولا إيه أه إن شاء الله طبعا أنا مبسوطه طبعا أنا رجعت في المسلسل أنا بصي ولا إيه أه إن شاء الله طبعا أنا مبسوطه طبعا أنا رجعت في المسلسل أنا بصي ولا إيه أه إن شاء الله طبعا أنا مبسوطه طبعا أنا رجعت في المسلسل أنا بصي ولا إيه أه إن شاء الله طبعا أنا مبسوطه طبعا أنا رجعت في المسلسل أنا بصي ولا إيه أه و إن شاء الله طبعا أنا مبسوطه طبعا أنا رجعت في مسلسل أنا بس أنا بس"
    },
    {
        "start":7.06784375,
        "end":10.86471875,
        "speaker":0,
        "text":"أنا بصي عشان أنا لازم أقولك بيتقالي إيه في من الكنترول لازم ترجعي ⁇ "
    },
    {
        "start":11.57346875,
        "end":23.31846875,
        "speaker":0,
        "text":"<laugh> <fil> <fil> <fil> <fil> <fil> ⁇ "
    },
    {
        "start":12.02909375,
        "end":12.45096875,
        "speaker":1,
        "text":"ده بي بي بي بي بي بي بي بي بي"
    },
    {
        "start":16.80471875,
        "end":18.03659375,
        "speaker":1,
        "text":"<fil> <fil> <fil> ⁇ "
    },
    {
        "start":18.05346875,
        "end":18.10409375,
        "speaker":1,
        "text":""
    },
    {
        "start":18.18846875,
        "end":30.92909375,
        "speaker":1,
        "text":"<fil> <fil> <fil> <fil> <fil> <fil> <fil> <fil> <fil> ⁇ "
    },
    {
        "start":31.31721875,
        "end":38.42159375,
        "speaker":1,
        "text":"سعيده و فخوره جدا بإن في عمل بجد عمل محترم عن عمل بيهخاطب كل بقول ⁇ "
    },
    {
        "start":39.04596875,
        "end":57.52409375,
        "speaker":1,
        "text":"منستهطرش بيه أبدا أبدا سعيده بكل كل عمل من الصغير اللي الكبير من الأطفال كممثلين لحد نجوم الكبار أي سعيده إن أنا كنت محطوطه في هيدي أمينه بجد بجد وبيشتغلوا بمنتهى الحب واللي بيزرع حبك بيلاقي ⁇ "
    },
    {
        "start":58.19909375,
        "end":73.82534375,
        "speaker":1,
        "text":"فأنا بشكر الجميع بجد <fil> وسعيده و إن شاء الله يا رب إن شاء الله يا رب تكون فتحت خير مش عشان أنا أرجع فتحت خير لأن بعد ما المسلسل نجح النجاح ده كله سمالي ما شاء الله ⁇ "
    },
    {
        "start":74.14596875,
        "end":81.75659375,
        "speaker":1,
        "text":"يبقى فكرة الناس إنما ليه بيعملوا بقى مسلسل بعد كده أول حاجه على نفسك فيلم يقدموا حاجه ⁇ "
    },
    {
        "start":78.78659375,
        "end":80.01846875,
        "speaker":0,
        "text":"يحيى على نفسك كده على نفسك ⁇ "
    },
    {
        "start":82.58346875,
        "end":99.07034375,
        "speaker":1,
        "text":"للمشاهد تعلي ثقافتك منبقاش من منرجعش الورق عايزين نطلع اللي قدامك والمسلسل ده طلعنا خطوات كتير أوي أوي أوي أنا بشكرهم أنا بجد جميعا وبشكرك طبعا هو رجالة الدور ده كان فرصه كبيره أوي بالنسبالي ⁇ "
    },
    {
        "start":92.42159375,
        "end":93.88971875,
        "speaker":0,
        "text":"بجد جميعا ⁇ "
    },
    {
        "start":94.98659375,
        "end":95.86409375,
        "speaker":0,
        "text":"هو رجنت دب دب دب دب دب دب دب دب دب"
    },
    {
        "start":99.64409375,
        "end":101.97284375,
        "speaker":1,
        "text":"و <fil> و مش <fil> و مش <fil> و مش <fil> و مش <fil> و مش <fil> و مش <fil> و مشع"
    }
]