[
    {
        "start":0.03096875,
        "end":28.16159375,
        "speaker":0,
        "text":"تهههههههههههههههههههههههههههههههههههههههههههههههههههههههههههههههههههههههههههههههههههههههههههههههههههههههههههههههههههههههههههههههههههههههههههههههههههههههههههههههههههههههههههههههههههههههههههههههههههههههههههههههههههههههههههههههههههههههههههههههههههههههههههههههههههههههههههههههههههههههههههههههههههههههههههههههههههههههههههههههههههههههههههههههههههههههههههههههههههههههههههههههههههههههههههههههههههههههههههههههههههههههههههههههههههههههههههههههههههههههههههههههههههههههههههههههههههههههههههههههههههههههههههههههههههههههههههههههههههههههههههههههههههههههههههههههههههههههههههههههههههههههههههههههههههههههههههههههههههههههههههههههههههههههههههههههههههههههههههههههههههههههههههههههههههههههههههههههههههههههههههههههههههههههههههههه"
    },
    {
        "start":28.04346875,
        "end":30.96284375,
        "speaker":1,
        "text":"<fil> <fil> <fil> <fil> <fil> <fil> <fil> <fil> <fil> <fil> <fil> <fil> "
    },
    {
        "start":28.78596875,
        "end":32.11034375,
        "speaker":0,
        "text":"أنا بسألك على الصور اللي إحنا كنا فيه بس إحنا يعني ⁇ "
    },
    {
        "start":32.53221875,
        "end":34.92846875,
        "speaker":0,
        "text":"يعني هو مكان إعمل اللي إنت بتعرف تعملها ⁇ "
    },
    {
        "start":35.24909375,
        "end":66.31596875,
        "speaker":0,
        "text":"فإحنا عملنا إن إحنا بنعرف إنه حتى في المزيكا و كل مره بقول هاني نفس الكلام بقول مستثمر الناس كان برضو أقوله دارس المزيكا اللي حصل الجيش في المسلسل رذي مسلسل مصري ميه في الميه ⁇ "
    },
    {
        "start":62.78909375,
        "end":62.85659375,
        "speaker":2,
        "text":""
    },
    {
        "start":62.85659375,
        "end":62.99159375,
        "speaker":1,
        "text":""
    },
    {
        "start":62.99159375,
        "end":63.07596875,
        "speaker":2,
        "text":""
    },
    {
        "start":63.07596875,
        "end":64.79721875,
        "speaker":1,
        "text":"تبقى عليها مش هيتخانق مش هيتخانق مش هيتخانق مش هيتخانق مش هيتخانق مش هيتخانق مش هيتخان"
    },
    {
        "start":64.79721875,
        "end":68.88096875,
        "speaker":2,
        "text":"مش متكلمه مميزه للحاله دي حالة الإرهاب بالظبط ومشتغل نشتغل نشتغل نشتغل نشتغل نشتغل نشتغل نشتغل نشتغل نشتغل نشتغل نشتغلناش ⁇ "
    },
    {
        "start":67.66596875,
        "end":72.47534375,
        "speaker":0,
        "text":"بالظبط ما بيشتغلناش قد ما إحنا يعني حاسينه فترجمنا اللي إحنا مننا بس ⁇ "
    },
    {
        "start":72.69471875,
        "end":76.96409375,
        "speaker":2,
        "text":"مراتك الحالات على نشوف الحاله التالته الحاله التالته الكثبتت معانا النهارده ⁇ "
    }
]