[
    {
        "start":0.03096875,
        "end":11.10096875,
        "speaker":1,
        "text":"و شوفنا ده على جمهوري سريش أنا عايزه أقولكوا بجد إنتو عاملين عمل إنتو تحترموه و هو ده المهم إنكو تحترمونا يعني غير إنكو تحبوه الحقيقه يعني ⁇ "
    },
    {
        "start":7.94534375,
        "end":8.68784375,
        "speaker":0,
        "text":"ده ⁇ "
    },
    {
        "start":11.60721875,
        "end":23.26784375,
        "speaker":1,
        "text":"نشوف بقى لقطات من حسن أبو الروس عز المحامي اللي يعني لوع شويه ⁇ "
    },
    {
        "start":20.06159375,
        "end":21.42846875,
        "speaker":0,
        "text":"يعني <fil> يعني <fil> يعني <fil> يعني <fil> يعني إيه ⁇ "
    },
    {
        "start":21.51284375,
        "end":21.68159375,
        "speaker":0,
        "text":""
    },
    {
        "start":24.16221875,
        "end":37.45971875,
        "speaker":1,
        "text":"<fil> <fil> <fil> <fil> <fil> <fil> <fil> <fil> <fil> <fil> <fil> <fil> <fil> <fil> <fil> <fil> <fil> <fil> <fil> <fil> <fil> <fil> <fil> <fil> <fil> <fil> <fil> <fil> <fil> <fil> <fil> <fil> <fil> <fil> <fil> <fil> <fil> <fil> <fil> <fil> <fil> <fil> <fil> <fil> <fil> <fil> <fil> <fil> <fil> <fil> <fil> <fil> <fil> <fil> <fil> <"
    },
    {
        "start":27.52034375,
        "end":28.81971875,
        "speaker":0,
        "text":"و عامله دور معاها عاقله دور عشره دور عشره دور عشره دور عشره دور عشره دور ع"
    },
    {
        "start":29.30909375,
        "end":29.98409375,
        "speaker":0,
        "text":"أه ⁇ "
    },
    {
        "start":31.55346875,
        "end":32.09346875,
        "speaker":0,
        "text":"عمري ما فيلم فيلم فيلم فيلم فيلم"
    },
    {
        "start":36.71721875,
        "end":37.08846875,
        "speaker":0,
        "text":"وشياء وشياء و"
    },
    {
        "start":37.67909375,
        "end":40.14284375,
        "speaker":1,
        "text":"عشانك أه عشان تتجوزوا ⁇ "
    },
    {
        "start":39.13034375,
        "end":47.83784375,
        "speaker":0,
        "text":"نشوف كبيره جدا يعني أستاذ الرياد عادل على إحتضانها لكل من في اللوكيشن عامة ⁇ "
    },
    {
        "start":40.54784375,
        "end":41.67846875,
        "speaker":1,
        "text":"نشوف ⁇ "
    },
    {
        "start":43.31534375,
        "end":43.75409375,
        "speaker":1,
        "text":"على اللعيبه اللي على اللع"
    },
    {
        "start":47.88846875,
        "end":54.04784375,
        "speaker":0,
        "text":"و و حلاوة روحه والله و طبعا مش هنتكلم عن تاريخها والتايخه بيتكلم عنها يعني ⁇ "
    },
    {
        "start":54.25034375,
        "end":57.22034375,
        "speaker":1,
        "text":"بس غاده فعلا إدمان المسلسل ده ⁇ "
    },
    {
        "start":57.22034375,
        "end":58.14846875,
        "speaker":0,
        "text":"<fil> طبعا سقط طبعا سقطت طبعا سقط طبعا سقط"
    },
    {
        "start":57.76034375,
        "end":68.96534375,
        "speaker":1,
        "text":"ثقه العظيم تقول كده و كانت مشاهدها كلها كده تحس إنه غاده طلعت فراح كده الغاده جزء كبير أوي من الحاله الحلوه اللي إحنا وصلنا لها وإن إحنا سألنا ⁇ "
    },
    {
        "start":59.22846875,
        "end":60.47721875,
        "speaker":0,
        "text":"لكده و <fil> <fil> <fil> <fil> ⁇ "
    },
    {
        "start":65.01659375,
        "end":65.57346875,
        "speaker":0,
        "text":"وحشه غلطان غلطان غل"
    }
]