[
    {
        "start":0.03096875,
        "end":4.36784375,
        "speaker":1,
        "text":"وخلاص هو مش فاهم هو بيتعب هو مش فاهم بقى ⁇ "
    },
    {
        "start":4.45221875,
        "end":7.28721875,
        "speaker":1,
        "text":"فبيدي جامد بقى هو مش فاهم ده بس أشخاص ⁇ "
    },
    {
        "start":6.47721875,
        "end":15.72471875,
        "speaker":0,
        "text":"<fil> <fil> <fil> <fil> <fil> <fil> <fil> <fil> <fil> <fil> <fil> <fil> <fil> <fil> <fil> <fil> <fil> <fil> <fil> <fil> <fil> <fil> <fil> <fil> <fil> <fil> <fil> <fil> <fil> <fil> <fil> <fil> <fil> <fil> <fil> <fil> <fil> <fil> قدرت"
    },
    {
        "start":15.13409375,
        "end":24.26346875,
        "speaker":1,
        "text":"<fil> <fil> <fil> <fil> <fil> <fil> <fil> <fil> <fil> <fil> <fil> <fil> <fil> ⁇ "
    },
    {
        "start":15.72471875,
        "end":15.82596875,
        "speaker":2,
        "text":""
    },
    {
        "start":15.82596875,
        "end":15.97784375,
        "speaker":0,
        "text":""
    },
    {
        "start":15.97784375,
        "end":16.43346875,
        "speaker":2,
        "text":"وصلتهصلهصلهصلهصل"
    },
    {
        "start":16.43346875,
        "end":16.51784375,
        "speaker":0,
        "text":""
    },
    {
        "start":16.51784375,
        "end":16.55159375,
        "speaker":2,
        "text":""
    },
    {
        "start":18.94784375,
        "end":19.28534375,
        "speaker":0,
        "text":"وخلل وخلل وخل"
    },
    {
        "start":20.66909375,
        "end":21.04034375,
        "speaker":0,
        "text":"هدي حته حتة"
    },
    {
        "start":24.97221875,
        "end":28.97159375,
        "speaker":1,
        "text":"ويقعد معاه في البيت و هو عايز يقعد معاه في البيت عايز يحب برضو فبيقوله أنا عايز ⁇ "
    }
]