[
    {
        "start":0.03096875,
        "end":0.25034375,
        "speaker":0,
        "text":"قولتله قولتله جايب و"
    },
    {
        "start":1.33034375,
        "end":4.55346875,
        "speaker":0,
        "text":"حاجات أوقات بيبقى فيها حاجات بتوجع الألب شويتين إم إم و إم إم إم إم إم إم إم إم إم إم إم إم إم إم إم إم إم إم إم إم إم إم إم إم إم إم إم إم إم إم إم إم إم إم إم إم إم إم إم إم إم إم إم إم إم إم إم إم إم إم إم إم إم إم إم إم إم إم إم إم إم"
    },
    {
        "start":4.55346875,
        "end":4.77284375,
        "speaker":1,
        "text":"<fil"
    },
    {
        "start":5.12721875,
        "end":7.00034375,
        "speaker":0,
        "text":"و <fil> و <fil> و <fil> و <fil> ⁇ "
    }
]