[
    {
        "start":0.03096875,
        "end":0.21659375,
        "speaker":3,
        "text":"و ببص"
    },
    {
        "start":0.67221875,
        "end":1.53284375,
        "speaker":3,
        "text":"و أنا تاني لوحدكوا و أنا تاني لوحدكوا و أنا تاني لوحدكوا"
    },
    {
        "start":2.42721875,
        "end":2.81534375,
        "speaker":3,
        "text":"نالها اااااه"
    },
    {
        "start":2.88284375,
        "end":4.01346875,
        "speaker":0,
        "text":"ولدت ولد <fil> <fil> <fil> <f"
    },
    {
        "start":3.91221875,
        "end":4.24971875,
        "speaker":3,
        "text":"عمري ما هش ه"
    },
    {
        "start":5.46471875,
        "end":7.03409375,
        "speaker":3,
        "text":"فرق معايا أنا عادي ⁇ "
    },
    {
        "start":7.11846875,
        "end":8.63721875,
        "speaker":3,
        "text":"<fil> <fil> <fil> <fil> <fil> <fil> <"
    },
    {
        "start":7.75971875,
        "end":8.02971875,
        "speaker":0,
        "text":"و الهدنه و"
    },
    {
        "start":8.14784375,
        "end":8.97471875,
        "speaker":0,
        "text":"و نحن نحن ناحية و نحن نحن ناحية"
    },
    {
        "start":8.73846875,
        "end":12.95721875,
        "speaker":3,
        "text":"وعايز يقعد وعايز يقعد وعايز يقعد وعايز يقعد وعايز يقعد وعايز يقعد وعايز يقعد وعايز يقعد وعايز يقعد ⁇ "
    },
    {
        "start":9.02534375,
        "end":9.04221875,
        "speaker":0,
        "text":""
    },
    {
        "start":9.10971875,
        "end":9.44721875,
        "speaker":0,
        "text":"القطط في كيك ك"
    },
    {
        "start":12.95721875,
        "end":14.39159375,
        "speaker":0,
        "text":"<fil> <fil> <fil> <fil> <fil> <fil>"
    },
    {
        "start":15.67409375,
        "end":16.21409375,
        "speaker":0,
        "text":"عماله تعالوا عن إعلان عن"
    },
    {
        "start":16.21409375,
        "end":16.77096875,
        "speaker":3,
        "text":"عمرها ما هي هي هي هي هي هي هي هي هي هي هي"
    },
    {
        "start":16.77096875,
        "end":16.80471875,
        "speaker":0,
        "text":""
    },
    {
        "start":16.80471875,
        "end":16.97346875,
        "speaker":3,
        "text":""
    },
    {
        "start":16.97346875,
        "end":16.99034375,
        "speaker":0,
        "text":""
    },
    {
        "start":16.99034375,
        "end":17.02409375,
        "speaker":3,
        "text":""
    },
    {
        "start":17.02409375,
        "end":17.19284375,
        "speaker":0,
        "text":""
    },
    {
        "start":17.19284375,
        "end":18.25596875,
        "speaker":3,
        "text":"و لا إنتي راحل نحن اللحن اللحن اللحن اللحن الن"
    },
    {
        "start":19.11659375,
        "end":26.91284375,
        "speaker":2,
        "text":"<fil> <fil> <fil> <fil> <fil> <fil> <fil> <fil> <fil> <fil> <fil> ⁇ "
    },
    {
        "start":19.30221875,
        "end":21.39471875,
        "speaker":3,
        "text":"<fil> <fil> <fil> <fil> <fil> <fil> <fil> <fil> <fi"
    },
    {
        "start":21.39471875,
        "end":21.44534375,
        "speaker":0,
        "text":""
    },
    {
        "start":24.73596875,
        "end":24.75284375,
        "speaker":0,
        "text":""
    },
    {
        "start":24.76971875,
        "end":24.88784375,
        "speaker":0,
        "text":""
    },
    {
        "start":24.93846875,
        "end":27.52034375,
        "speaker":0,
        "text":"<fil> <fil> ⁇ "
    },
    {
        "start":44.29409375,
        "end":44.64846875,
        "speaker":1,
        "text":"و عمرو ⁇ "
    },
    {
        "start":45.44159375,
        "end":46.01534375,
        "speaker":1,
        "text":"ربنا يخليكي إيمي إيمي ⁇ "
    },
    {
        "start":47.26409375,
        "end":48.46221875,
        "speaker":1,
        "text":"رجعوا ر الميله الطنطنه الطنطنه الطنطنه الطنطنه الطنط"
    },
    {
        "start":49.72784375,
        "end":50.84159375,
        "speaker":1,
        "text":"أنا سهرانه وانا سهرانه وانا سهرانه ⁇ "
    },
    {
        "start":52.42784375,
        "end":52.79909375,
        "speaker":1,
        "text":"السلام عليه الصلاة والس"
    }
]