[
    {
        "start":0.03096875,
        "end":1.12784375,
        "speaker":3,
        "text":"للحمد لله الحمد لله الحمد لله الحمد لله الحمد لله الحمد لله الحمد لله الحمد لله الحمد لله الحمد لله الحمد لله الحمد لله الحمد"
    },
    {
        "start":0.89159375,
        "end":3.11909375,
        "speaker":1,
        "text":"<fil> بدون <fil> بدون <fil> بدون <fil> بدون <fil> بدون <fil> بدون "
    },
    {
        "start":4.43534375,
        "end":5.98784375,
        "speaker":3,
        "text":"فكلهم بيبان بيهم بيهم بيهم بيهم بيهم بيهم بكلهم بيهم بيهم بكلهم بيهم بيهم بكلهم بيهم بيهم"
    },
    {
        "start":5.46471875,
        "end":7.33784375,
        "speaker":1,
        "text":"كلهم بيسلموا عليكم يا طارق يقدروا عليك يا طارق يقدروا عليك يا طارق يقدروا عليك يا طارق يقدروا عليك يا طارق ⁇ "
    },
    {
        "start":6.30846875,
        "end":7.79346875,
        "speaker":3,
        "text":"يا طارق الألم ⁇ "
    },
    {
        "start":7.96221875,
        "end":11.08409375,
        "speaker":1,
        "text":"ده ده حسن أبو الروس بيسلم عليه الصلاة والسلام عليه الصلاة والسلام عليه الصلاة والسلام عليه الصلاة والسلام عليه الصلاة والسلام ⁇ "
    },
    {
        "start":10.56096875,
        "end":14.10471875,
        "speaker":3,
        "text":"<fil> <fil> <fil> <fil> <fil> <fil> <fil> <fil> <fil> <fil> <fil> <fil> <fil> <fil> <fi"
    },
    {
        "start":12.45096875,
        "end":17.54721875,
        "speaker":1,
        "text":"و قالك لابس <fil> <fil> <fil> <fil> <fil> <fil> <fil> <fil> <fil> ⁇ "
    },
    {
        "start":17.26034375,
        "end":24.98909375,
        "speaker":2,
        "text":"بس أنا أنا لطيفه مش عارف إن أنا أتفرج فا أنا مش عارف إيه موجود بس أنا بتكلم عليهم كلهم ⁇ "
    },
    {
        "start":17.54721875,
        "end":18.03659375,
        "speaker":0,
        "text":"في شبك شه في شبك شه"
    },
    {
        "start":25.02284375,
        "end":25.07346875,
        "speaker":2,
        "text":""
    },
    {
        "start":25.19159375,
        "end":26.62596875,
        "speaker":2,
        "text":"وأولهم مساعدتك طبعا ⁇ "
    },
    {
        "start":25.32659375,
        "end":25.64721875,
        "speaker":1,
        "text":"وده وده وده وي"
    },
    {
        "start":26.67659375,
        "end":26.72721875,
        "speaker":0,
        "text":""
    },
    {
        "start":26.72721875,
        "end":29.24159375,
        "speaker":1,
        "text":"أشكرك طارق ⁇ "
    },
    {
        "start":29.32596875,
        "end":30.96284375,
        "speaker":1,
        "text":"اختيار صعب ليا لي لي لي لي لي لي لي لي لي لي لي لي لي لي لي لي لي"
    }
]