[
    {
        "start":0.03096875,
        "end":4.06409375,
        "speaker":1,
        "text":"و الهدفون يعني بجد تفاصيل ⁇ "
    },
    {
        "start":4.67159375,
        "end":6.10596875,
        "speaker":1,
        "text":"جبت منين التفاصيل دي دي تفاصيل تفاصيل تفاصيل تفاصيل تفاصيل"
    },
    {
        "start":6.10596875,
        "end":23.63909375,
        "speaker":0,
        "text":"هما عندهم حاجه حبيتها أنا برضو أوي و أنا و أنا في مرحلة التحضير إن هما عندهم جزء طفولي أوي هو هو على طبيعته جدا على حقيقته جدا لدرجه تحسي طفل هو مش طفل يعني هو ⁇ "
    },
    {
        "start":21.17534375,
        "end":24.06096875,
        "speaker":1,
        "text":"<fil> رائعه يعني بس الظابط ⁇ "
    },
    {
        "start":24.24659375,
        "end":36.26159375,
        "speaker":0,
        "text":"براءة الأطفال في حتة إن هو بيقول اللي على في قلبه لو سألت سؤال بيرد بصراحه شديده مش معندوش السوشيال ميديا ⁇ "
    },
    {
        "start":36.02534375,
        "end":37.20659375,
        "speaker":1,
        "text":"الخداعه ⁇ "
    },
    {
        "start":37.37534375,
        "end":37.88159375,
        "speaker":0,
        "text":"إيه إيه إيه أنا إيه إيه إيه إيه إيه إيه إيه إيه"
    },
    {
        "start":37.88159375,
        "end":37.98284375,
        "speaker":1,
        "text":""
    },
    {
        "start":39.61971875,
        "end":39.65346875,
        "speaker":0,
        "text":""
    },
    {
        "start":39.65346875,
        "end":39.67034375,
        "speaker":1,
        "text":""
    },
    {
        "start":39.67034375,
        "end":41.17221875,
        "speaker":0,
        "text":"<fil> <fil> <fil> <fil> <fil> <fil> "
    },
    {
        "start":40.00784375,
        "end":49.28909375,
        "speaker":1,
        "text":"<fil> <fil> <fil> <fil> <fil> <fil> <fil> <fil> <fil> <fil> <fil> ⁇ "
    },
    {
        "start":41.77971875,
        "end":44.58096875,
        "speaker":0,
        "text":"<fil> <fil> <fil> <fil> ⁇ "
    },
    {
        "start":45.59346875,
        "end":46.30221875,
        "speaker":0,
        "text":"وعاوز وعاوز وعايز وعاوز و"
    },
    {
        "start":47.61846875,
        "end":60.56159375,
        "speaker":0,
        "text":"<fil> <fil> <fil> <fil> <fil> <fil> <fil> <fil> <fil> <fil> <fil> <fil> <fil> <fil> ⁇ "
    },
    {
        "start":50.62221875,
        "end":51.21284375,
        "speaker":1,
        "text":"و لماة لمادة مادة مدد مدد"
    },
    {
        "start":51.76971875,
        "end":53.96346875,
        "speaker":1,
        "text":"<fil> <fil> <fil> <fil> <fil> <fil> <fil> <fil> ⁇ "
    },
    {
        "start":60.61221875,
        "end":63.24471875,
        "speaker":1,
        "text":"أصعب حاجه و ⁇ "
    },
    {
        "start":63.48096875,
        "end":68.00346875,
        "speaker":1,
        "text":"أصلا مش أ صعب مشهد بس أصعب تفصيله كانت عندك إيهم تفصيله كانت عندك إيه إم تفصيله كانت عندك إيه ⁇ "
    },
    {
        "start":68.29034375,
        "end":85.72221875,
        "speaker":0,
        "text":"الشخصيه دي تحديدا مبيعرفش يعبر عن إحساسه أو بيعبر عنه بطريقه مش مش اللي الناس بتتعبر بيها عن ⁇ "
    },
    {
        "start":85.77284375,
        "end":85.97534375,
        "speaker":0,
        "text":"لا لا لا لا لا"
    }
]