[
    {
        "start":0.03096875,
        "end":10.57784375,
        "speaker":2,
        "text":"يعني مش عامل يعني مش حاسين إن في حاجه مختلفه عن ⁇ "
    },
    {
        "start":9.85221875,
        "end":18.27284375,
        "speaker":1,
        "text":"هي من طيف التوازن و النظام ظروف جدا و إن هو بيعمل نفس الحاجات بيشرب شايب لبن هو هو بيصحى بالظبط مواعيد معينه ⁇ "
    },
    {
        "start":12.06284375,
        "end":12.94034375,
        "speaker":2,
        "text":"<fil> <fil> <fil> <fi"
    },
    {
        "start":16.58534375,
        "end":17.22659375,
        "speaker":2,
        "text":"الصناعه والصناعه والصناعه والص"
    },
    {
        "start":18.50909375,
        "end":23.74034375,
        "speaker":1,
        "text":"لازم نتكلم على الموسيقى وهنش نوضه إم دي كانت فكرة مين الفكره العبقريه دي ⁇ "
    },
    {
        "start":20.88846875,
        "end":21.20909375,
        "speaker":2,
        "text":"ينقليمي ين"
    },
    {
        "start":24.02721875,
        "end":29.27534375,
        "speaker":2,
        "text":"<fil> ابتدت <fil> <fil> <fil> <fil> <fil> <fil> <fil> <fil> <fil> <fil> <fil> <fil> <fil> <fil> <fil> <fil> <fil> <fil> <fil> <fil> "
    },
    {
        "start":24.11159375,
        "end":24.43221875,
        "speaker":1,
        "text":"<fil> <"
    },
    {
        "start":26.74409375,
        "end":27.38534375,
        "speaker":1,
        "text":"أه ⁇ "
    },
    {
        "start":27.65534375,
        "end":29.32596875,
        "speaker":0,
        "text":"هو الهوا أه أه أه أه أه أه أه أه أه أه أه أه أه أه أه أه أه أه أه أه أه أه أه أه أه أه أه أه أه أه أه أه أه أه أه أه أه أه"
    },
    {
        "start":29.27534375,
        "end":29.96721875,
        "speaker":1,
        "text":"أه ايه أه أه أه أه أه أه أه أه أه أه أه أه أه أه"
    },
    {
        "start":29.32596875,
        "end":29.37659375,
        "speaker":2,
        "text":""
    },
    {
        "start":29.78159375,
        "end":31.13159375,
        "speaker":2,
        "text":"هو هو <fil> هو هو هو هو هو هو هو هو هو هو هو هو هو هو هو هو هو هو هو هو هو هو هو هو هو هو"
    },
    {
        "start":29.96721875,
        "end":35.77221875,
        "speaker":0,
        "text":"هو هو اللي كان في الاسكريبت الأول معاك طارق كان كاتب الفرص المصريين كانت في الورق ⁇ "
    },
    {
        "start":35.02971875,
        "end":35.29971875,
        "speaker":2,
        "text":"الواقعو الو"
    },
    {
        "start":35.29971875,
        "end":35.35034375,
        "speaker":1,
        "text":""
    },
    {
        "start":35.35034375,
        "end":35.38409375,
        "speaker":2,
        "text":""
    },
    {
        "start":35.83971875,
        "end":38.69159375,
        "speaker":0,
        "text":"إن ندم بيصنع فريد المصريين ⁇ "
    },
    {
        "start":38.70846875,
        "end":38.74221875,
        "speaker":0,
        "text":""
    },
    {
        "start":38.75909375,
        "end":44.07471875,
        "speaker":0,
        "text":"فبعد كده يا أستاذ طارق طبعا حاجه عندها برضو مع ⁇ "
    },
    {
        "start":44.32784375,
        "end":45.08721875,
        "speaker":0,
        "text":"ب لم يستطيع أن يستنى ⁇ "
    },
    {
        "start":44.34471875,
        "end":45.59346875,
        "speaker":1,
        "text":"يلا بينا يلا بينا <fil> <fil> ⁇ "
    },
    {
        "start":45.64409375,
        "end":64.72971875,
        "speaker":0,
        "text":"إن هو عشان فرقة المصريين كده كده أوريدي موجوده في الورق في أستاذ طارق كان برضو صاحب فكرة إن أستاذ العظيم مع القريه أستاذ هاني شنوده إن هو يبقى اللي بيعمل موسيقى التصويريه بتاعت المسلسل و دي حاجه طبعا يعني عدت المسلسل في حته تانيه خالص تمام ⁇ "
    },
    {
        "start":63.04221875,
        "end":71.96909375,
        "speaker":1,
        "text":"يعني دي مش مجرد أغاني إنتو لعبتوها ⁇ "
    },
    {
        "start":68.56034375,
        "end":68.98221875,
        "speaker":0,
        "text":"الزقاق فقط وض"
    },
    {
        "start":72.25596875,
        "end":75.78284375,
        "speaker":1,
        "text":"لأ هو عمل الموسيقى يعدي الموسيقى التصوير ⁇ "
    },
    {
        "start":75.22596875,
        "end":76.05284375,
        "speaker":2,
        "text":"بالظبط برافو عليكي بالظبط ⁇ "
    },
    {
        "start":76.30596875,
        "end":80.98034375,
        "speaker":2,
        "text":"وغير الموضوع يعني الموضوع كان في حته والموسيقى طبعا خدتها في حته تانيه خالص ⁇ "
    },
    {
        "start":81.04784375,
        "end":94.48034375,
        "speaker":1,
        "text":"في بالنسبالي و كمان الأماكن الأغاني صلحظاتها في مشاعرها كانت عظيمه جدا ⁇ "
    },
    {
        "start":87.17346875,
        "end":87.54471875,
        "speaker":2,
        "text":"صاصاصاصاص"
    },
    {
        "start":94.64909375,
        "end":98.69909375,
        "speaker":2,
        "text":"وبالتالي كمان بقى يسمعها وأبقى مبسوط من أغاني جدا ⁇ "
    },
    {
        "start":95.32409375,
        "end":96.03284375,
        "speaker":0,
        "text":"<fil> <fil> <fil"
    },
    {
        "start":96.03284375,
        "end":96.64034375,
        "speaker":1,
        "text":"كمان <fil> كمان <fil> كمان"
    },
    {
        "start":96.64034375,
        "end":96.89346875,
        "speaker":0,
        "text":"واقع وا"
    },
    {
        "start":98.73284375,
        "end":117.70034375,
        "speaker":1,
        "text":"يهيههههههههههههههههههههههههههههههههههههههههههههههههههههههههههههههههههههههههههههههههههههههههههههههههههههههههههههههههههههههههههههههههههههههههههههههههههههههههههههههههههههههههههههههههههههههههههههههههههههههههههههههههههههههههههههههههههههههههههههههههههههههههههههههههههههههههههههههههههههههههههههههههههههههههههههههههههههههههههههههههههههههههههههههههههههههههههههههههههههههههههههههههههههههههههههههههههههههههههههههههههههههههههههههههههههههههههههههههههههههههههههههههههههههههههههههههههههههه"
    },
    {
        "start":104.14971875,
        "end":104.16659375,
        "speaker":0,
        "text":""
    },
    {
        "start":104.16659375,
        "end":104.55471875,
        "speaker":2,
        "text":"ايه ايه ايه ايه ا"
    },
    {
        "start":104.55471875,
        "end":104.60534375,
        "speaker":0,
        "text":""
    },
    {
        "start":110.86596875,
        "end":111.42284375,
        "speaker":0,
        "text":"<fil> <fil> <"
    },
    {
        "start":112.14846875,
        "end":113.70096875,
        "speaker":0,
        "text":"<fil> <fil> <fil> <fil> <fil> <fil> <f"
    },
    {
        "start":117.49784375,
        "end":119.77596875,
        "speaker":0,
        "text":"قبل ما رمسيس كمان كرسي بقى على على على <fil> كمان <fil> كمان <fil> كمان <fil> كمان <fil> كمان <fil> كمان"
    },
    {
        "start":119.25284375,
        "end":123.70784375,
        "speaker":1,
        "text":"بقى على الجروب السيتش على غني المصريين كبرت ازاي حالة ازاي مع ال ⁇ "
    },
    {
        "start":123.70784375,
        "end":130.96409375,
        "speaker":0,
        "text":"فكرة أماكن الأغاني في المسلسل دي برضو بنشكر عليها كريم صعب المانبري كمان ⁇ "
    }
]