[
    {
        "start":0.03096875,
        "end":4.30034375,
        "speaker":1,
        "text":"يجي مع الناس والناس تحبه و لا لأ ⁇ "
    },
    {
        "start":4.30034375,
        "end":10.96596875,
        "speaker":0,
        "text":"أنا بس عايزه أقول لخبر مهم من وزارة الصحه وهما ⁇ "
    },
    {
        "start":6.10596875,
        "end":6.67971875,
        "speaker":1,
        "text":"لازم تاكل تاكل تاكل تاكل ت"
    },
    {
        "start":7.62471875,
        "end":8.38409375,
        "speaker":1,
        "text":"أنا بس عايز أعيي أنا بس عايز عايز أشعي أنا بس عايز أ"
    }
]