[
    {
        "start":0.03096875,
        "end":1.98846875,
        "speaker":1,
        "text":"على موبايل و لا موبايل و لا موبايل و لا موبايل و ⁇ "
    },
    {
        "start":2.29221875,
        "end":4.16534375,
        "speaker":1,
        "text":"بيها عنوان الإمارات عندكك ⁇ "
    },
    {
        "start":5.21159375,
        "end":6.34221875,
        "speaker":1,
        "text":"إنتي مش زعلانه مني منه منه منه زعلانه منه منه زعلانه منه"
    },
    {
        "start":7.40534375,
        "end":9.39659375,
        "speaker":0,
        "text":"ميرسي لنفسك لينا الصغيرين الصغيرين الصغيرين الصغيرين الصغيرين الصغيرين الصغيرين الصغيرين الصغيرين الصغيرين الصغيرين الصغيرين الصغير"
    },
    {
        "start":10.08846875,
        "end":10.96596875,
        "speaker":0,
        "text":"من مدرسه هاهه من مدرسه هاهه من مدرسه ها"
    },
    {
        "start":10.96596875,
        "end":11.67471875,
        "speaker":1,
        "text":"<fil> <fil> <fil"
    }
]