[
    {
        "start":0.03096875,
        "end":0.82409375,
        "speaker":1,
        "text":"جدا ⁇ "
    },
    {
        "start":1.11096875,
        "end":3.16971875,
        "speaker":1,
        "text":"يا رب دايما نبقى ⁇ "
    },
    {
        "start":3.62534375,
        "end":5.32971875,
        "speaker":1,
        "text":"كلنا ⁇ "
    },
    {
        "start":5.76846875,
        "end":9.58221875,
        "speaker":1,
        "text":"قد المسؤوليه دي قدام الناس قدامك يا رب إن شاء الله ⁇ "
    },
    {
        "start":8.56971875,
        "end":9.44721875,
        "speaker":0,
        "text":"إن شاء الله مع بعضها مع بعضها مع بعضها مع بعضها مع بعضها مع بعضها مع"
    },
    {
        "start":9.58221875,
        "end":9.59909375,
        "speaker":0,
        "text":""
    },
    {
        "start":9.86909375,
        "end":12.26534375,
        "speaker":0,
        "text":"بره تانيه بقولكوا ألف مبروك ⁇ "
    },
    {
        "start":12.72096875,
        "end":20.33159375,
        "speaker":0,
        "text":"هنروح دلوقتي نشوف الكواليس بعض الكواليس مسلسل أو العروسه وبعدين نرجع نكمل بعديه ⁇ "
    },
    {
        "start":21.79971875,
        "end":24.33096875,
        "speaker":3,
        "text":"<fil> ⁇ "
    },
    {
        "start":25.61346875,
        "end":29.35971875,
        "speaker":3,
        "text":"<fil> <fil> <fil> <fil> ⁇ "
    },
    {
        "start":31.13159375,
        "end":36.27846875,
        "speaker":3,
        "text":"بسم الله الرحمن الرحيم ⁇ "
    },
    {
        "start":37.83096875,
        "end":41.99909375,
        "speaker":3,
        "text":"<fil> <fil> <fil> <fil> ⁇ "
    },
    {
        "start":41.62784375,
        "end":41.71221875,
        "speaker":0,
        "text":""
    },
    {
        "start":43.93971875,
        "end":45.59346875,
        "speaker":3,
        "text":"طول عمري <fil> ⁇ "
    },
    {
        "start":46.31909375,
        "end":46.38659375,
        "speaker":3,
        "text":""
    },
    {
        "start":47.71971875,
        "end":48.29346875,
        "speaker":3,
        "text":"باي بايحي باي باي"
    },
    {
        "start":54.01409375,
        "end":54.33471875,
        "speaker":3,
        "text":"يا نهار أبيض و"
    },
    {
        "start":56.12346875,
        "end":57.35534375,
        "speaker":1,
        "text":"<fil> <fil> <fil> ⁇ "
    },
    {
        "start":57.45659375,
        "end":58.92471875,
        "speaker":1,
        "text":"في لقطه مظبوطه عاليه الولايات المتحده الأمريكيه ⁇ "
    },
    {
        "start":59.54909375,
        "end":64.47659375,
        "speaker":1,
        "text":"<fil> <fil> <fil> <fil> <fil> <fil> <fil> <fil> <fil> <fil> <fil> <fil> <fil> <fil> <fil> <fil> <fil> <fil> <fil> <fil> <f"
    },
    {
        "start":66.51846875,
        "end":70.21409375,
        "speaker":1,
        "text":"<fil> <fil> <fil> <fil> <fil> <fil> <fil> <fil> <fil> <fil> <fil> <fil> <fil> <fil> <fil> ⁇ "
    },
    {
        "start":70.87221875,
        "end":71.20971875,
        "speaker":1,
        "text":"إيمي إيمي"
    },
    {
        "start":71.37846875,
        "end":78.65159375,
        "speaker":2,
        "text":"<fil> <fil> <fil> <fil> <fil> <fil> <fil> ⁇ "
    },
    {
        "start":80.65971875,
        "end":81.60471875,
        "speaker":1,
        "text":"ده مستحيل ⁇ "
    },
    {
        "start":81.99284375,
        "end":86.27909375,
        "speaker":1,
        "text":"<fil> <fil> <fil> <fil> <fil> <fil> <fil> <fil> <fil> <fil> <fil> <fil> <fil> ⁇ "
    },
    {
        "start":87.44346875,
        "end":95.81346875,
        "speaker":1,
        "text":"أهلا وسهلا بحضرتك أهلا وسهلا بحضرتك أهلا وسهلا بحضرتك يا فندم ربنا يخليكي ⁇ "
    },
    {
        "start":98.61471875,
        "end":99.64409375,
        "speaker":1,
        "text":"يا أستاذه رضي الله سبحانه وتعالى ⁇ "
    },
    {
        "start":100.08284375,
        "end":100.85909375,
        "speaker":1,
        "text":"ده أنا حاسه إن أنا أنا حاسه إن أنا أنا حاسه إن أنا"
    }
]