[
    {
        "start":0.03096875,
        "end":3.57471875,
        "speaker":0,
        "text":"هو بيبقى اللي بيضحك هو هيتدارة الموقف ده إزاي ⁇ "
    },
    {
        "start":3.57471875,
        "end":4.03034375,
        "speaker":1,
        "text":"إن هو قعدوا يواواوا هتوا"
    },
    {
        "start":3.76034375,
        "end":6.96659375,
        "speaker":0,
        "text":"إن هو هيخش في النقطه اللي بعدها ازاي أو في السينما بتبعت ⁇ "
    },
    {
        "start":6.56159375,
        "end":10.66221875,
        "speaker":1,
        "text":"حصلت فيها لسانده كوميديان حصلي أو السن ⁇ "
    },
    {
        "start":10.45971875,
        "end":13.32846875,
        "speaker":0,
        "text":"<fil> والحمد لله مش مش <fil> والحمد لله مش مش <fil> ⁇ "
    },
    {
        "start":12.78846875,
        "end":14.74596875,
        "speaker":1,
        "text":"مضحكوش مده طويله يعني ⁇ "
    },
    {
        "start":15.21846875,
        "end":26.05221875,
        "speaker":0,
        "text":"لأ هو هو كان موقف هو كان في جوك أنا ضمنها دي دايما بتحصل عند استخدام الكوميديا زينب في شقه وضمنها ده من الن دي بتضحك تمام فلما ابتدى يضمنها أوي سعاده بتقل ⁇ "
    },
    {
        "start":26.06909375,
        "end":26.15346875,
        "speaker":0,
        "text":""
    },
    {
        "start":26.15346875,
        "end":26.45721875,
        "speaker":2,
        "text":"شيرين شيرين ش"
    },
    {
        "start":26.45721875,
        "end":26.49096875,
        "speaker":0,
        "text":""
    },
    {
        "start":26.55846875,
        "end":47.60159375,
        "speaker":0,
        "text":"في مره حصلت كده و كان فيها حركه وبعمل الحركه و مجهود فالناس بتضحك فبتسقط فأنا برجع في السوق السودا أشرب ميه وواحده شويه فمحصلش الشخصيه فرجعت في الصند فأكيد دي كانت أكتر صدمه ⁇ "
    },
    {
        "start":45.91409375,
        "end":46.84221875,
        "speaker":1,
        "text":"بقولك ما أنا بقولك ما أنا بقولك ما أنا بقولك ما أنا بقولك ما أنا بقولك ما"
    },
    {
        "start":47.63534375,
        "end":50.28471875,
        "speaker":1,
        "text":"وعارف السهره بتاعته صممت ⁇ "
    },
    {
        "start":50.28471875,
        "end":50.79096875,
        "speaker":0,
        "text":"أه أه ⁇ "
    },
    {
        "start":51.06096875,
        "end":53.08596875,
        "speaker":0,
        "text":"الواحد بيراجع نفسه فيها كده في كتفه ⁇ "
    },
    {
        "start":53.57534375,
        "end":56.34284375,
        "speaker":0,
        "text":"<fil> <fil> <fil> <fil> <fil> <fil> <fil> <fil> <fil> <fil> <fil> <f"
    },
    {
        "start":55.02659375,
        "end":59.71784375,
        "speaker":1,
        "text":"<fil> <fil> <fil> <fil> <fil> <fil> <fil> <fil> <fil> أه فعلا ⁇ "
    },
    {
        "start":57.84471875,
        "end":59.32971875,
        "speaker":0,
        "text":"طبعا طبعا فعلا فعلا فعلا فعلا فعلا فعلا فعلا فعلا فعلا فعلا فعلا فعلا فعلا فعلا فعلا فعلا فعلا فعلا فعلا فعلا فعلا فعلا فعلا فعلا فعلا فعلا فعلا فعلا فعلا فعلا فعلا فعلا فعلا فعلا فعلا"
    },
    {
        "start":59.71784375,
        "end":61.25346875,
        "speaker":0,
        "text":"وبحبه تقعد تتفرج عليه أوي أهي أهي أهو أهو أهو أهو أهو ⁇ "
    },
    {
        "start":59.98784375,
        "end":63.44721875,
        "speaker":1,
        "text":"<fil> <fil> <fil> <fil> <fil> <fil> <fil> <fil> <fil> <fil> <fil> ⁇ "
    },
    {
        "start":61.25346875,
        "end":61.27034375,
        "speaker":2,
        "text":""
    },
    {
        "start":61.42221875,
        "end":61.87784375,
        "speaker":2,
        "text":"الفتره اللي اللي اللي اللي اللي اللي اللي اللي اللي اللي"
    },
    {
        "start":63.80159375,
        "end":63.81846875,
        "speaker":2,
        "text":""
    },
    {
        "start":63.81846875,
        "end":63.86909375,
        "speaker":1,
        "text":""
    },
    {
        "start":63.86909375,
        "end":65.60721875,
        "speaker":2,
        "text":"عفالات كتير بتروحيله ويعمل ويعمل ويعمل ويعمل ويعمل ويعمل ويعمل ويعمل وي"
    },
    {
        "start":64.56096875,
        "end":65.70846875,
        "speaker":1,
        "text":"بتروحيله ويعني ويعني ويعني ويعني ويعني ويعني"
    },
    {
        "start":65.60721875,
        "end":65.69159375,
        "speaker":3,
        "text":""
    },
    {
        "start":65.70846875,
        "end":70.85534375,
        "speaker":3,
        "text":"<fil> <fil> <fil> <fil> <fil> <fil> <fil> <fil> <fil> <fil> <fil> <fil> <fil> <fil> <fil> <fil> <fil> <fil> فإنيت يعني هو وبقيت ⁇ "
    },
    {
        "start":67.78409375,
        "end":68.18909375,
        "speaker":0,
        "text":" ⁇ "
    },
    {
        "start":70.99034375,
        "end":81.58784375,
        "speaker":0,
        "text":"<fil> <fil> <fil> <fil> <fil> <fil> <fil> <fil> <fil> <fil> <fil> <fil> <fil> <fil> <fil> <fil> <fil> <fil> <fil> <fil> <fil> <fil> <fil> <fil> <fil> <fil> <fil> <fil> <fil> <fil> <fil> <fil> <fil> <fil> <fil> <fil> <fil> <fil> <fil> <fil> <fil> <fil> <fil> <fil> "
    },
    {
        "start":73.38659375,
        "end":73.43721875,
        "speaker":3,
        "text":""
    },
    {
        "start":73.52159375,
        "end":73.58909375,
        "speaker":3,
        "text":""
    },
    {
        "start":81.58784375,
        "end":85.55346875,
        "speaker":1,
        "text":"<fil> <fil> <fil> <fil> <fil> <fil> <fil> <fil> <fil> ⁇ "
    },
    {
        "start":82.07721875,
        "end":83.93346875,
        "speaker":0,
        "text":"<fil> <fil> <fil> ⁇ "
    },
    {
        "start":85.09784375,
        "end":92.94471875,
        "speaker":0,
        "text":"كون من سبعه أنا محمد أشرف ومصطفى عباسته فيه وأحمد عصام السيد هو محمد حلمي وأحمد خيري ورينا الموبايلات ⁇ "
    },
    {
        "start":93.50159375,
        "end":98.22659375,
        "speaker":1,
        "text":"هجري و إنتي بتمثلي معاه مشاهد بقى في رومانسيه و في حاجات تانيه ⁇ "
    },
    {
        "start":99.40784375,
        "end":105.44909375,
        "speaker":1,
        "text":"بيضحكك ساعات وإنتي عارفه إن هو كوميديا يعني هو كوميدي إنتي بتبص كده ل طبعا ممكن تتحكي لوحدك في ساعات وإنتي عارفه إن هو كوميديا يعني هو كوميدي إنتي بتبص كده ل طبعا ممكن تتحكي لوحدك ⁇ "
    },
    {
        "start":106.02284375,
        "end":107.54159375,
        "speaker":1,
        "text":"يعني <fil> <fil> <fil> <fil> <fil> <fil> ⁇ "
    },
    {
        "start":106.88346875,
        "end":110.79846875,
        "speaker":0,
        "text":"<fil> <fil> <fil> <fil> <fil> ⁇ "
    },
    {
        "start":108.58784375,
        "end":109.02659375,
        "speaker":1,
        "text":"أجي أ حجح يحيى"
    },
    {
        "start":109.02659375,
        "end":109.12784375,
        "speaker":2,
        "text":""
    },
    {
        "start":109.12784375,
        "end":109.63409375,
        "speaker":1,
        "text":"وحشه جدا وحشنا وحش"
    },
    {
        "start":109.63409375,
        "end":110.73096875,
        "speaker":2,
        "text":"الص عارفه و و و و و و و و و و و و و و و و و و و و و و و و و"
    },
    {
        "start":110.73096875,
        "end":111.35534375,
        "speaker":1,
        "text":"<fil> <fil> <f"
    },
    {
        "start":113.17784375,
        "end":113.21159375,
        "speaker":1,
        "text":""
    },
    {
        "start":113.21159375,
        "end":114.59534375,
        "speaker":3,
        "text":"هاجر ده يعني ⁇ "
    },
    {
        "start":114.64596875,
        "end":121.37909375,
        "speaker":3,
        "text":"في مرات صراع مش مرات مرات كتير دايما و كان في بيبقى في إفيهات كده ما بين نفسها كانت بتساعد إن إحنا ⁇ "
    },
    {
        "start":121.88534375,
        "end":125.32784375,
        "speaker":3,
        "text":"يعني نفك التوتر كده أو لو في تمثيل في وسط التصوير ⁇ "
    },
    {
        "start":125.83409375,
        "end":130.98096875,
        "speaker":3,
        "text":"بس لأ بس برضو وقت الجد أو لو مشاهد أتقال شويه أو فيها مشاعر أكتر ⁇ "
    },
    {
        "start":131.52096875,
        "end":136.04346875,
        "speaker":3,
        "text":"برضو طاقه كان بيساعد أوي إن إحنا الإتنين نخش في الموت بتاعي المشهد يعني إيه ⁇ "
    },
    {
        "start":135.95909375,
        "end":138.57471875,
        "speaker":1,
        "text":"بيضحك ⁇ "
    },
    {
        "start":138.72659375,
        "end":139.75596875,
        "speaker":1,
        "text":"أه طبعا أه طبعا أه طبعا أه طبعا أه طبعا أه طبعا أه طبعا أه طبعا أه طبعا أه طبعا أه طبعا أه طبعا أه"
    },
    {
        "start":138.89534375,
        "end":138.94596875,
        "speaker":3,
        "text":""
    },
    {
        "start":138.94596875,
        "end":139.23284375,
        "speaker":2,
        "text":"ما هو ما هو ما هو مع"
    },
    {
        "start":139.23284375,
        "end":139.68846875,
        "speaker":3,
        "text":"طبعا طبعا طبعا طبعا طبعا طبعا طبعا طبعا طبعا طبعا طبعا"
    },
    {
        "start":140.31284375,
        "end":140.34659375,
        "speaker":1,
        "text":""
    },
    {
        "start":140.34659375,
        "end":140.43096875,
        "speaker":3,
        "text":""
    },
    {
        "start":140.43096875,
        "end":140.59971875,
        "speaker":1,
        "text":""
    },
    {
        "start":140.44784375,
        "end":140.48159375,
        "speaker":3,
        "text":""
    },
    {
        "start":140.49846875,
        "end":141.49409375,
        "speaker":3,
        "text":"<fil> <fil> <fil> <fil> ⁇ "
    },
    {
        "start":140.59971875,
        "end":140.93721875,
        "speaker":2,
        "text":"لا لا لا لا لا لا لا لا"
    },
    {
        "start":140.93721875,
        "end":141.03846875,
        "speaker":1,
        "text":""
    },
    {
        "start":141.08909375,
        "end":141.96659375,
        "speaker":2,
        "text":"<fil> <fil> <fil> ⁇ "
    },
    {
        "start":141.49409375,
        "end":141.56159375,
        "speaker":1,
        "text":""
    },
    {
        "start":141.88221875,
        "end":144.17721875,
        "speaker":3,
        "text":"حسن بيتهيألي <fil> <fil> <fil> <fil> <fil> <fil> <fil> ⁇ "
    },
    {
        "start":141.96659375,
        "end":142.03409375,
        "speaker":1,
        "text":""
    },
    {
        "start":142.03409375,
        "end":143.77221875,
        "speaker":2,
        "text":"حسن بيتهيألي <fil> <fil> <fil> <fil> <fil> <fil> ⁇ "
    },
    {
        "start":144.17721875,
        "end":144.22784375,
        "speaker":2,
        "text":""
    },
    {
        "start":144.22784375,
        "end":144.44721875,
        "speaker":3,
        "text":"واقعد وا"
    },
    {
        "start":145.24034375,
        "end":146.55659375,
        "speaker":2,
        "text":"<fil> <fil> <fil> <fil> <fil> <f"
    },
    {
        "start":146.13471875,
        "end":146.18534375,
        "speaker":3,
        "text":""
    },
    {
        "start":146.55659375,
        "end":146.57346875,
        "speaker":1,
        "text":""
    },
    {
        "start":146.57346875,
        "end":146.59034375,
        "speaker":2,
        "text":""
    },
    {
        "start":146.59034375,
        "end":146.80971875,
        "speaker":1,
        "text":"هتلاقيهدهدهده"
    },
    {
        "start":147.07971875,
        "end":147.14721875,
        "speaker":2,
        "text":""
    },
    {
        "start":147.14721875,
        "end":147.28221875,
        "speaker":3,
        "text":""
    },
    {
        "start":147.28221875,
        "end":147.38346875,
        "speaker":2,
        "text":""
    },
    {
        "start":147.38346875,
        "end":147.40034375,
        "speaker":3,
        "text":""
    },
    {
        "start":147.40034375,
        "end":147.55221875,
        "speaker":2,
        "text":""
    },
    {
        "start":147.82221875,
        "end":154.45409375,
        "speaker":2,
        "text":"<fil> يعني <fil> يعني بخش المثل ⁇ "
    },
    {
        "start":154.62284375,
        "end":160.63034375,
        "speaker":2,
        "text":"هو أنا عامله كده عبير مش طايقه على طول عزا فبرضو حسب قالي وقام إضحكي إحنا في كتفه ⁇ "
    },
    {
        "start":160.69784375,
        "end":160.71471875,
        "speaker":2,
        "text":""
    },
    {
        "start":160.90034375,
        "end":165.72659375,
        "speaker":2,
        "text":"<fil> أنا بتكلم معاكي التكلفه اللي هو يعني أنا مش طايقات طول الوقت بعد عني ⁇ "
    },
    {
        "start":161.17034375,
        "end":162.45284375,
        "speaker":3,
        "text":"أنا بتكلم معاكي تتكلم معاكي تتكلم معاكي تتكلم معاكي تتكلم معاكي تتكلم معاكي تتكلم معاكي تتكلم معاك"
    },
    {
        "start":165.55784375,
        "end":167.68409375,
        "speaker":1,
        "text":"و هو هو كان عندك شلدي معايا بصراحه حاضر صراحه صراحه صراحه صراحه ⁇ "
    },
    {
        "start":168.13971875,
        "end":170.62034375,
        "speaker":1,
        "text":"إن أنا دايما بحب أغذر كتير أوي ⁇ "
    },
    {
        "start":171.21096875,
        "end":172.96596875,
        "speaker":1,
        "text":"أنا هعدي الحته ديهزه جامده و بس من القرى القرآن القرى القرآن القرى القرآن القرى القرار"
    }
]