[
    {
        "start":0.03096875,
        "end":2.37659375,
        "speaker":0,
        "text":"حاجه معينه عندك وحاجه خاصه لرمضان ⁇ "
    },
    {
        "start":2.10659375,
        "end":5.14409375,
        "speaker":1,
        "text":"لحظة <fil> <fil> <fil> <fil> <fil> <fil> <fil> <fil> <fil> <fil> <fil> <fil>"
    },
    {
        "start":3.30471875,
        "end":10.24034375,
        "speaker":0,
        "text":"الحمد لله طبعا طبعا صابر صابونه صابر صابونه صابر صابونه صابر صابونه صابر صابونه صابر صابونه صابر صابونه صابر صابونه صابر صابونه صابر صابونه صابر صابونه صابر صابونه صابر صابونه صابر صابونه صابر صابونه صابر صابونه صابر صابونه صابر صابونه صابر صابونه صابر صابونه صابر صابونه صابر صابونه صابر صابونه صابر صابونه ص"
    },
    {
        "start":7.38846875,
        "end":7.47284375,
        "speaker":1,
        "text":""
    },
    {
        "start":10.32471875,
        "end":10.35846875,
        "speaker":0,
        "text":""
    },
    {
        "start":10.35846875,
        "end":15.37034375,
        "speaker":1,
        "text":"<fil> <fil> <fil> <fil> <fil> <fil> <fil> <fil> <fil> <fil> <fil> <fil> <fil> <fil> ⁇ "
    },
    {
        "start":10.45971875,
        "end":11.35409375,
        "speaker":0,
        "text":"دي حقيقه ⁇ "
    },
    {
        "start":12.87284375,
        "end":13.93596875,
        "speaker":0,
        "text":"نفسه المتوسطه المتوسطه المتأخره ⁇ "
    },
    {
        "start":13.93596875,
        "end":14.45909375,
        "speaker":2,
        "text":"مايو ويقولوجي ويمكن و"
    },
    {
        "start":15.37034375,
        "end":15.89346875,
        "speaker":2,
        "text":"غير معينين معينين معينين معينين"
    },
    {
        "start":15.38721875,
        "end":15.97784375,
        "speaker":1,
        "text":"أربعين كيلو عينيك كيانك كي"
    },
    {
        "start":15.97784375,
        "end":16.36596875,
        "speaker":2,
        "text":"زينبانهم زينبان"
    },
    {
        "start":16.02846875,
        "end":16.28159375,
        "speaker":1,
        "text":"لازم ازازه"
    },
    {
        "start":16.36596875,
        "end":16.38284375,
        "speaker":1,
        "text":""
    },
    {
        "start":16.38284375,
        "end":16.41659375,
        "speaker":2,
        "text":""
    },
    {
        "start":17.04096875,
        "end":26.96346875,
        "speaker":0,
        "text":"مسلسل جميل جدا بدعمكم إنكو تتفرجوا عليه شكرا ليك وشكرا لحالة غزه شكرا ليكوا كلكوا للكاتب للمخرج لطارئه شكرا ليكو كلكو للكاتب للمخرج لطارئه شكرا ليكوا كلكوا للكاتب للمخرج لطارئه شكرا ليكوا كلكوا للكاتب للمخرج لطارئه شكرا ليكوا كلكوا للكاتب للمخرج لطارئه شكرا ليكوا كلكوا للكاتب للمخرج لطارئه شكرا ليكوا كلكوا للكاتب للمخرج لتاريخ ⁇ "
    },
    {
        "start":21.73221875,
        "end":22.32284375,
        "speaker":2,
        "text":"أصل أصل أصل أصل أصل أصل أصل أ"
    }
]