[
    {
        "start":0.03096875,
        "end":2.24159375,
        "speaker":0,
        "text":"حساس أوي فبالتالي ⁇ "
    },
    {
        "start":2.32596875,
        "end":6.17346875,
        "speaker":0,
        "text":"وإحنا تقريبا مدرسه واحده والله مدرسة الارتجاعات ⁇ "
    },
    {
        "start":5.70096875,
        "end":8.02971875,
        "speaker":3,
        "text":"تقريبا بتعود الإرهاب عملته في عبالها أيوه أيوه أيوه ⁇ "
    },
    {
        "start":10.30784375,
        "end":34.50659375,
        "speaker":0,
        "text":"يعني حقيقي بدر كل حد حقه لقينا أيوه نادرا إنك إنت في مسارتك و إنت بتشتغل تلاقي ناس حابين بعض أوي و اللي ما بين الكواليس طالع على الشاشه صحيح ده حاجه حقيقيه حلوه أوي خليك كمان وانا بنمثل طول الوقت بنضحك و ده اللي وصل للناس اللي هو لو في مشكله جامده جدا و أنا ممكن أكون بعيط يعني لازم كان خالد يقفلها وإحنا بنضحك إم ⁇ "
    },
    {
        "start":12.18096875,
        "end":12.63659375,
        "speaker":3,
        "text":"هيخش نخش نخش نخ"
    },
    {
        "start":15.21846875,
        "end":15.25221875,
        "speaker":1,
        "text":""
    },
    {
        "start":15.25221875,
        "end":15.42096875,
        "speaker":3,
        "text":""
    },
    {
        "start":15.42096875,
        "end":15.47159375,
        "speaker":1,
        "text":""
    },
    {
        "start":34.50659375,
        "end":34.52346875,
        "speaker":1,
        "text":""
    },
    {
        "start":34.74284375,
        "end":39.41721875,
        "speaker":0,
        "text":"وده الميزه المصريه للبيت المصري المهمه أوي بجد ⁇ "
    },
    {
        "start":39.41721875,
        "end":69.64034375,
        "speaker":1,
        "text":"يههي و ههههههههههههههههههههههههههههههههههههههههههههههههههههههههههههههههههههههههههههههههههههههههههههههههههههههههههههههههههههههههههههههههههههههههههههههههههههههههههههههههههههههههههههههههههههههههههههههههههههههههههههههههههههههههههههههههههههههههههههههههههههههههههههههههههههههههههههههههههههههههههههههههههههههههههههههههههههههههههههههههههههههههههههههههههههههههههههههههههههههههههههههههههههههههههههههههههههههههههههههههههههههههههههههههههههههههههههههههههههههههههههههههههههههههههههههههههههههههههههههههههههههههههههههههههههههههههههههههههههههههههههههههههههههههههههههههههههههههههههههههههههههههههههههههههههههههههههههههههههههههههههههههههههههههههههههههههههههههههههههههههههههههههههههههههههههههههههههههههههههههههههههههههههههههههههههههههههههههههههههههههههههههههههههههههههههههههههه"
    },
    {
        "start":42.15096875,
        "end":47.11221875,
        "speaker":0,
        "text":"<fil> <fil> <fil> <fil> <fil> <fil> <fil> <fil> <fil> <fil> <fil> ⁇ "
    },
    {
        "start":52.68096875,
        "end":52.83284375,
        "speaker":3,
        "text":""
    },
    {
        "start":52.83284375,
        "end":52.84971875,
        "speaker":0,
        "text":""
    },
    {
        "start":57.60846875,
        "end":58.53659375,
        "speaker":3,
        "text":"بسم الله الرحمن الرحيم بسم الله الرحمن الرحيم بسم الله"
    },
    {
        "start":61.92846875,
        "end":65.01659375,
        "speaker":3,
        "text":"<fil> <fil> <fil> <fil> <fil> <fil> <fil> ⁇ "
    },
    {
        "start":67.46346875,
        "end":76.01909375,
        "speaker":3,
        "text":"ده واحد وأخلينا نقول حاجه تانيه كمان لأن الحاله دي وصلت من من خلال مشاهداتها المسلسل أه لأن أنا يعني أنا ⁇ "
    },
    {
        "start":74.21346875,
        "end":81.77346875,
        "speaker":2,
        "text":"إن شاء الله بعد كده على إن جزء من الكيميا اللي موجوده دي كانت في لحظات عفويه مش مكتوبه بس في بنك من المشهد ⁇ "
    },
    {
        "start":76.59284375,
        "end":77.01471875,
        "speaker":3,
        "text":"موجود هو موجود موجود موجود موجود موجود موجود موجود موجود"
    },
    {
        "start":77.60534375,
        "end":78.78659375,
        "speaker":3,
        "text":"يعني في محظوظه في محظوظه في محظوظه في محظوظه"
    },
    {
        "start":80.05221875,
        "end":81.08159375,
        "speaker":0,
        "text":"بس البني آدم بني آدم بني آدم بني آدم"
    },
    {
        "start":81.75659375,
        "end":104.23409375,
        "speaker":0,
        "text":"بس ده برضو حناوي عامل أساس حلو صح فبالتالي إحنا لما بنيجي و المخرج تاني و خالد هاضم الليله فلما بنيجي نعمل أي حاجه بتوع طالع و زايد كمان إحنا كمصريين عندنا ميزه مختلفه عن العالم مع احترامي لجنيه العالم إن إحنا فعلا بنداوي جراحنا ⁇ "
    },
    {
        "start":92.40471875,
        "end":92.57346875,
        "speaker":1,
        "text":""
    },
    {
        "start":104.92596875,
        "end":106.68096875,
        "speaker":0,
        "text":"بنوته يا إما <fil> <fil> <fil> <fil> <fil> <fil> <"
    },
    {
        "start":105.51659375,
        "end":106.02284375,
        "speaker":3,
        "text":"<fil> <fil>"
    },
    {
        "start":106.02284375,
        "end":106.32659375,
        "speaker":1,
        "text":"عمري ما أستاذبعصري"
    },
    {
        "start":106.32659375,
        "end":106.36034375,
        "speaker":3,
        "text":""
    },
    {
        "start":106.36034375,
        "end":106.51221875,
        "speaker":1,
        "text":""
    },
    {
        "start":106.51221875,
        "end":108.53721875,
        "speaker":3,
        "text":"بسم الله الرحمن الرحيم بسم الله الرحمن الرحيم بسم الله الرحمن الرحيم بسم الله الرحمن الرحيم بسم الله الرحمن الرحيم"
    },
    {
        "start":106.68096875,
        "end":109.26284375,
        "speaker":1,
        "text":"<fil> <fil> <fil> <fil> <fil> <fil> <fil> <fil> <fil> ⁇ "
    },
    {
        "start":108.53721875,
        "end":108.58784375,
        "speaker":0,
        "text":""
    },
    {
        "start":108.58784375,
        "end":108.68909375,
        "speaker":3,
        "text":""
    },
    {
        "start":108.68909375,
        "end":111.23721875,
        "speaker":0,
        "text":"لو ملقيناش حد هيت حضرتك يضحك على نفسنا ⁇ "
    },
    {
        "start":110.88284375,
        "end":114.52784375,
        "speaker":1,
        "text":"في جزء الجماعي لسه الموضوع ده بدء من هنا ⁇ "
    },
    {
        "start":115.72596875,
        "end":115.96221875,
        "speaker":1,
        "text":"عمري مادي مادي"
    }
]