[
    {
        "start":0.03096875,
        "end":1.76909375,
        "speaker":2,
        "text":"بس خلينا مبقيتش على ⁇ "
    },
    {
        "start":2.51159375,
        "end":3.86159375,
        "speaker":1,
        "text":"فمتحدش يكشف ⁇ "
    },
    {
        "start":4.21596875,
        "end":5.51534375,
        "speaker":1,
        "text":"و إن شاء الله بإذن الله ⁇ "
    },
    {
        "start":6.35909375,
        "end":6.71346875,
        "speaker":2,
        "text":" ⁇ "
    },
    {
        "start":7.94534375,
        "end":9.27846875,
        "speaker":2,
        "text":"وانا مشاريع و إنتي مش جايزه ⁇ "
    },
    {
        "start":10.13909375,
        "end":12.04596875,
        "speaker":1,
        "text":"عبد الحميد <fil> ⁇ "
    },
    {
        "start":12.04596875,
        "end":12.13034375,
        "speaker":2,
        "text":""
    },
    {
        "start":12.13034375,
        "end":12.16409375,
        "speaker":3,
        "text":""
    },
    {
        "start":12.16409375,
        "end":12.43409375,
        "speaker":1,
        "text":"كبيره جدا جدا جدا جدا جدا جدا"
    },
    {
        "start":12.28221875,
        "end":13.17659375,
        "speaker":0,
        "text":"هي عباره عن ⁇ "
    },
    {
        "start":12.43409375,
        "end":12.45096875,
        "speaker":2,
        "text":""
    },
    {
        "start":12.45096875,
        "end":12.46784375,
        "speaker":1,
        "text":""
    },
    {
        "start":12.46784375,
        "end":13.96971875,
        "speaker":2,
        "text":"بعلنها أهلها أهلها أهلها أهلها أهلها أهلها أهلها أهلها أهلها أهلها ه"
    },
    {
        "start":13.17659375,
        "end":13.21034375,
        "speaker":3,
        "text":""
    },
    {
        "start":13.31159375,
        "end":13.49721875,
        "speaker":3,
        "text":"وده وده"
    },
    {
        "start":13.96971875,
        "end":15.40409375,
        "speaker":3,
        "text":"ليهم أه طايق حار ⁇ "
    },
    {
        "start":15.58971875,
        "end":16.73721875,
        "speaker":0,
        "text":"بقى اللي حاليا واقعليه واقعه ليا واقعه ليا واقع"
    },
    {
        "start":19.21784375,
        "end":22.15409375,
        "speaker":0,
        "text":"و نيللي إيه الرسول عليه الصلاة والسلام عليه الصلاة والسلام عليه الصلاة والسلام عليه الصلاة والسلام عليه الصلاة والسلام ⁇ "
    },
    {
        "start":22.59284375,
        "end":23.79096875,
        "speaker":0,
        "text":"أنا مذيعه و لا و لا و لا و لا و لا و لا و لا و لا و لا و لا و لا و لا"
    },
    {
        "start":22.74471875,
        "end":22.93034375,
        "speaker":2,
        "text":"ودهدهده"
    },
    {
        "start":22.96409375,
        "end":24.26346875,
        "speaker":2,
        "text":"علاقتك تاك تاك تاك تاك تاك تاك تاك تاك تاك تا"
    },
    {
        "start":24.60096875,
        "end":26.18721875,
        "speaker":2,
        "text":"هو كله رز العيال ⁇ "
    },
    {
        "start":26.38971875,
        "end":26.96346875,
        "speaker":0,
        "text":"ده نجاح ده نجاح ده نجاح ده ن"
    }
]