[
    {
        "start":0.03096875,
        "end":5.04284375,
        "speaker":0,
        "text":"اللي موجودين عندك و عليهم ناس كتيره جدا من مهام مهام مهام مهام مهام مهام مهام مهام مهام مهاب مهاب ⁇ "
    },
    {
        "start":1.71846875,
        "end":1.75221875,
        "speaker":1,
        "text":""
    },
    {
        "start":1.80284375,
        "end":1.85346875,
        "speaker":1,
        "text":""
    }
]