[
    {
        "start":0.03096875,
        "end":7.86096875,
        "speaker":0,
        "text":"<fil> أنا بقيت <fil> أنا بقيت <fil> أنا بقيت <fil> أنا بقيت <fil> أنا بقيت <fil> أنا بقيت <fil> أنا بقيت <fil> أنا بقيت <fil> أنا بقيت <fil> أنا بقيت ⁇ "
    },
    {
        "start":0.21659375,
        "end":1.04346875,
        "speaker":1,
        "text":"دلوقتي الوقت مساء الخير مساء الخير مساء الخير مساء الخير مساء الخير مساء الخير"
    },
    {
        "start":5.49846875,
        "end":6.03846875,
        "speaker":1,
        "text":"والله لي لي لي لي لي لي"
    },
    {
        "start":8.14784375,
        "end":16.72034375,
        "speaker":0,
        "text":"والله بتر جيلك فال هو مامتي بصوتني كده معلش يا ماما ⁇ "
    },
    {
        "start":17.32784375,
        "end":19.48784375,
        "speaker":0,
        "text":"يعني مش معنديش مصري أحمد بس يا رات يا رات يا رات يا رات يا رات يا رات يا رات يا رات يا رات يا رامي يا رب يا رب يا رب يا رب يا رب يا رب يا"
    },
    {
        "start":17.56409375,
        "end":36.29534375,
        "speaker":1,
        "text":"يعني مش معنديش مفهوم يا أحمد يا ريس و هي إتكلمت عن اختياراته على السوشيال ميديا قالت حاجه أنا اختياراتها هي الشخصيه بس هروح لسبب ⁇ "
    },
    {
        "start":24.76971875,
        "end":26.98034375,
        "speaker":2,
        "text":"<fil> <fil> <fil> <fil> <fil> <fil> <fil> <fil> <fil> "
    },
    {
        "start":36.59909375,
        "end":37.30784375,
        "speaker":1,
        "text":"<fil> <fil> <fil"
    },
    {
        "start":38.03346875,
        "end":46.97721875,
        "speaker":1,
        "text":"خليه أقول بصراحه الناس ممكن تقفل الناس ممكن تقول في في ظل التوترات و ضغوط وكده ناس مش عايزه تأثير الناس ممكن تقول في في ظل توترات وضغوط وكده ناس مش عايزه تأثير الناس ممكن تكون في ظل توترات وضغوط وكده ناس مش عايزه تأثير الناس ممكن تقول في في ظل توترات وضغوط وكده ناس مش عايزه تأثير الناس ممكن تكون في ظل توترات وضغوط وكده ناس مش عايزه تأثير الناس ممكن تقول في في ظل توترات وضغوط وكده ناس مش عايزه تأثير الناس ممكن تكون في ظل توترات وضغوط وكده ناس مش عايزه تأثير الناس ممكن تكون في ظل توترات و ضغوط وكده ناس مش عايزه تأثير الناس ممكن"
    }
]