[
    {
        "start":0.03096875,
        "end":6.64596875,
        "speaker":0,
        "text":"إتغيروا واقع وده دور الفن و ده ⁇ "
    },
    {
        "start":6.12284375,
        "end":7.01721875,
        "speaker":1,
        "text":"الزوجه الزوج ⁇ "
    },
    {
        "start":7.05096875,
        "end":11.69159375,
        "speaker":0,
        "text":"دور الفن بشكل بشكل كبير فشكرا ليكوا بره الأخرى ⁇ "
    },
    {
        "start":10.67909375,
        "end":11.89409375,
        "speaker":1,
        "text":"الأخرى اللي هي ⁇ "
    },
    {
        "start":11.89409375,
        "end":14.98221875,
        "speaker":0,
        "text":"فاصل ونرجع نواصل حاله خلاص ⁇ "
    }
]