[
    {
        "start":0.73971875,
        "end":1.93784375,
        "speaker":0,
        "text":"هي مكسفة مؤسسة سقي مؤسسة سقي مؤسسة سقي"
    },
    {
        "start":1.93784375,
        "end":3.52409375,
        "speaker":1,
        "text":"وحلم ليكوا حرم ليا ⁇ "
    },
    {
        "start":3.82784375,
        "end":4.67159375,
        "speaker":1,
        "text":"إنتو هبحث حته حته حته حته حته"
    },
    {
        "start":5.31284375,
        "end":7.13534375,
        "speaker":1,
        "text":"<fil> <fil> <fil> <fil> <fil> <fil> ⁇ "
    },
    {
        "start":7.13534375,
        "end":8.08034375,
        "speaker":0,
        "text":"إسم ما تجيبهوله تجيبه تدبحه إسمي ما تجيبه"
    }
]