[
    {
        "start":0.03096875,
        "end":3.96284375,
        "speaker":2,
        "text":"بالنسباله إبراهيم لا يعني تشغلني بشكل كبير ⁇ "
    },
    {
        "start":4.57034375,
        "end":12.45096875,
        "speaker":2,
        "text":"لأنه الطاقه نصه هي الحكايه كلها صحيح هي اللي بتطلع منها كل الحقيقه مصر طيبه ⁇ "
    },
    {
        "start":10.99971875,
        "end":11.01659375,
        "speaker":1,
        "text":""
    },
    {
        "start":11.01659375,
        "end":11.03346875,
        "speaker":0,
        "text":""
    },
    {
        "start":11.03346875,
        "end":12.04596875,
        "speaker":1,
        "text":"هي مصر يعني هي مصر يعني هي مصر يعني هي مصر يعني هي مصر يعني هي مصر يعني هي مصر يعني هي مصر يعني هي"
    },
    {
        "start":13.12596875,
        "end":17.66534375,
        "speaker":2,
        "text":"يعني المصطلح يستاهل بقى ده اللي بيتقال حقيقتهم هو بيتقال على التضخم الوسط المصريه ⁇ "
    },
    {
        "start":17.98596875,
        "end":20.26409375,
        "speaker":2,
        "text":"بفضل الله البلد دي شاطره كبيره جدا ⁇ "
    },
    {
        "start":20.80409375,
        "end":20.97284375,
        "speaker":2,
        "text":""
    }
]