[
    {
        "start":0.03096875,
        "end":0.95909375,
        "speaker":1,
        "text":"المصريين المسيحيين ⁇ "
    },
    {
        "start":3.11909375,
        "end":3.86159375,
        "speaker":1,
        "text":"هحكيلكوا احكيلي ⁇ "
    },
    {
        "start":5.61659375,
        "end":7.77659375,
        "speaker":1,
        "text":"<fil> <fil> <fil> <fil> <fil> <fil> <fil> <fil> <fil>"
    },
    {
        "start":9.10971875,
        "end":9.95346875,
        "speaker":0,
        "text":"هو ⁇ "
    },
    {
        "start":12.63659375,
        "end":14.69534375,
        "speaker":0,
        "text":"كوباية شاي في حم سينا ⁇ "
    },
    {
        "start":14.83034375,
        "end":16.99034375,
        "speaker":0,
        "text":"خمس دقايق سكر حد يخش حمامه ⁇ "
    },
    {
        "start":17.02409375,
        "end":17.98596875,
        "speaker":2,
        "text":"خمس معايا ⁇ "
    },
    {
        "start":17.98596875,
        "end":21.17534375,
        "speaker":0,
        "text":"اللي هو مين اللي هتعملي خليك تحطي اسمحلي وواحده ⁇ "
    },
    {
        "start":26.00159375,
        "end":27.97596875,
        "speaker":0,
        "text":"رهيب الرئيس عبد السلام صلى الله عليه وسلم عليه الصلاة والسلام <fil> <fil> <fil> <fil> <"
    }
]