[
    {
        "start":0.03096875,
        "end":1.12784375,
        "speaker":0,
        "text":"بيها لا يفك يحيى لا يبقي لا يبقي لا يبقي لا يبقي لا"
    },
    {
        "start":1.34721875,
        "end":1.83659375,
        "speaker":0,
        "text":"واقع واقع واقع"
    },
    {
        "start":2.61284375,
        "end":4.26659375,
        "speaker":0,
        "text":"حبيت أوي إن أنا جوزي جوزي جوزي ⁇ "
    },
    {
        "start":4.53659375,
        "end":7.38846875,
        "speaker":0,
        "text":"منها و ده و ده اللي أحب أشكر عليه و الله فعلا برضو ⁇ "
    },
    {
        "start":4.75596875,
        "end":5.07659375,
        "speaker":1,
        "text":"ها ها ها ها"
    },
    {
        "start":7.89471875,
        "end":9.29534375,
        "speaker":0,
        "text":"الأصدقاء في وتشت ⁇ "
    },
    {
        "start":10.51034375,
        "end":10.96596875,
        "speaker":0,
        "text":"إن إحنا ن إحنا نحن نحن ن"
    }
]