[
    {
        "start":0.41909375,
        "end":2.61284375,
        "speaker":0,
        "text":"مسلسل محترم كله إيجابيات في المسلسل محترم كله إيجابيات ⁇ "
    },
    {
        "start":3.10221875,
        "end":4.94159375,
        "speaker":0,
        "text":"سابقه العاده دريت شوقت شوقي دريت شوء ⁇ "
    },
    {
        "start":5.70096875,
        "end":14.35784375,
        "speaker":0,
        "text":"كارمه بجد إزازه لتحفه ثورة شئون مسلسل شمس مشرقه هنفتقده كتير ⁇ "
    },
    {
        "start":14.66159375,
        "end":17.85096875,
        "speaker":0,
        "text":"يحفر رحتونا إصراع جامد اخر حاجه فرحتونا إصراع بيعمل اخر حاجه فرحتونا إصرار جامد اخر حاجه ⁇ "
    },
    {
        "start":19.20096875,
        "end":22.28909375,
        "speaker":0,
        "text":"عصام الصلاح بيقولكوا جزء تاني زي الحفيد لو سمحتها ⁇ "
    },
    {
        "start":23.35221875,
        "end":25.37721875,
        "speaker":0,
        "text":"أنا حاسس إنكو وعشت عمري ⁇ "
    },
    {
        "start":23.36909375,
        "end":24.21284375,
        "speaker":1,
        "text":"أنا حاسس إن أنا حاسس إن أنا حاسس إن أنا حاسس إن أنا"
    },
    {
        "start":27.01409375,
        "end":36.93659375,
        "speaker":0,
        "text":"دنيا مسلسل جميل ومش عارفه إيه أخلص يا رب يعملوا جزء تاني ده ده طلب جماعي ⁇ "
    },
    {
        "start":32.05971875,
        "end":35.02971875,
        "speaker":1,
        "text":"يا إبراهيم يا إبراهيم يا فندم مساء الخير مساء الخير مساء الخير مساء الخير مساء مساء مساء مساء مساء مساء مساء مساء مساء مساء مساء مساء مساء مساء مساء مساء مساء مساء مساء مساء مساء مساء مساء"
    },
    {
        "start":37.61159375,
        "end":41.54346875,
        "speaker":0,
        "text":"في حد بعتلكوا يعني الست تيست بيعيط وكابتن زعلانه المسلسل خلصت رسول الله صلى الله عليه وسلم عليه الصلاة والسلام عليه الصلاة و السلام عليه الصلاة و السلام عليه الصلاة والسلام ⁇ "
    },
    {
        "start":42.87659375,
        "end":46.57221875,
        "speaker":0,
        "text":"مسلسل تحفه بجد أكتر مسلسل زعلت إنه خلاص ⁇ "
    },
    {
        "start":47.43284375,
        "end":49.79534375,
        "speaker":0,
        "text":"حجابي ده أجمل مسلسل حضرته ⁇ "
    },
    {
        "start":50.38596875,
        "end":54.03096875,
        "speaker":0,
        "text":"شعب مسلسل تحفه أنا زعلانه أوي إن هو خلاص ⁇ "
    },
    {
        "start":54.68909375,
        "end":59.22846875,
        "speaker":0,
        "text":"<fil> <fil> <fil> <fil> <fil> <fil> <fil> <fil> <fil> ⁇ "
    },
    {
        "start":60.08909375,
        "end":62.83971875,
        "speaker":0,
        "text":"هاله مسلسل أعمل زمان مشوفناش دراما راقيه في دراما راقيه في دراما راقيه في دراما رايقه في دراما ⁇ "
    },
    {
        "start":63.07596875,
        "end":65.60721875,
        "speaker":0,
        "text":"إيه بقى شكرا دي أم سي يا رب نشوف الحاجات المحترمه ⁇ "
    },
    {
        "start":65.84346875,
        "end":67.37909375,
        "speaker":0,
        "text":"بس على تليفزيون لاف لا لا لا لا لا لا لا لا لا لا لا لا لا لا لا لا لا لا في تليفزيون لنفسي"
    },
    {
        "start":68.35784375,
        "end":71.51346875,
        "speaker":0,
        "text":"حسين من أحلى المسلسلات بجد زعلت إنه خلاص ⁇ "
    },
    {
        "start":71.76659375,
        "end":74.82096875,
        "speaker":0,
        "text":"هدير يعني طارق يتجوز في المسلسل ويفركش في الحقيقه ⁇ "
    },
    {
        "start":75.04034375,
        "end":79.19159375,
        "speaker":0,
        "text":"<fil> لا لا لا لا لا لا لا لا لا لا لا لا لا لا لا لا لا لا لا لا لا لا لا لا لا لا لا لا لا لا لا لا لا لا لا لا لا لا لا لا لا لا لا لا لا لا لا لا لا لا لا لا لا لا لا لا لا لا لا لا لا لا لا لا لا لا لا لا لا لا لا لا لا لا لا لا لا لا لا لا لا لا لا لا لا لا لا لا لا لا لا لا لا لا لا لا لا لا"
    },
    {
        "start":75.32721875,
        "end":79.00596875,
        "speaker":1,
        "text":"لا لا الشيعه لا لا لا لا لا لا لا لا مش لا لا لا لا لا لا لا لا لا لا لا لا لا لا لا لا لا لا لا لا لا لا لا لا لا لا لا لا لا لا لا لا لا لا لا لا لا لا لا لا لا لا لا لا لا لا لا لا لا لا لا لا لا لا لا لا لا لا لا لا لا لا لا لا لا لا لا لا لا لا لا لا لا لا لا لا لا"
    },
    {
        "start":80.06909375,
        "end":85.62096875,
        "speaker":0,
        "text":"<fil> <fil> ⁇ "
    },
    {
        "start":80.87909375,
        "end":80.89596875,
        "speaker":1,
        "text":""
    },
    {
        "start":80.96346875,
        "end":83.68034375,
        "speaker":1,
        "text":"<fil> <fil> <fil> <fil> <fil> ⁇ "
    },
    {
        "start":85.68846875,
        "end":85.73909375,
        "speaker":0,
        "text":""
    },
    {
        "start":85.82346875,
        "end":85.85721875,
        "speaker":0,
        "text":""
    },
    {
        "start":85.95846875,
        "end":85.99221875,
        "speaker":0,
        "text":""
    },
    {
        "start":86.11034375,
        "end":86.14409375,
        "speaker":0,
        "text":""
    },
    {
        "start":86.24534375,
        "end":91.22346875,
        "speaker":0,
        "text":"<fil> <fil> <fil> <fil> <fil> <fil> <fil> ⁇ "
    },
    {
        "start":86.43096875,
        "end":87.24096875,
        "speaker":1,
        "text":"<fil> طبعا <fil> طبعا <fil>"
    },
    {
        "start":87.81471875,
        "end":89.67096875,
        "speaker":1,
        "text":"<fil> <fil> <fil> <fil> <fil> <fil> <fil> <fi"
    },
    {
        "start":90.44721875,
        "end":91.10534375,
        "speaker":1,
        "text":"لحينيننيننيننيننيننيننين"
    },
    {
        "start":91.67909375,
        "end":94.96971875,
        "speaker":0,
        "text":"أنا هنفتقدكم والله نرميم أنا زعلانه أوي أوي أوي أنا زعلانه أنا زعلانه أنا زعلانه أنا زعلانه ⁇ "
    }
]