[
    {
        "start":0.03096875,
        "end":5.26221875,
        "speaker":1,
        "text":"<fil> <fil> <fil> <fil> <fil> <fil> ⁇ "
    },
    {
        "start":7.21971875,
        "end":8.09721875,
        "speaker":0,
        "text":"بقولك على سرقته على سرقته على سرقت على سر"
    },
    {
        "start":8.87346875,
        "end":9.86909375,
        "speaker":0,
        "text":"إن إنت ⁇ "
    },
    {
        "start":10.08846875,
        "end":12.61971875,
        "speaker":0,
        "text":"أكثر واحد أنا بحبه بعزف النقطه باخد ليك تاكلي تاكلي تاكلي تاكلي تاكلي تاكلي ⁇ "
    }
]