[
    {
        "start":0.03096875,
        "end":0.19971875,
        "speaker":0,
        "text":""
    },
    {
        "start":0.38534375,
        "end":2.64659375,
        "speaker":0,
        "text":"ربنا يوفقنا و حاجه بتطلع ⁇ "
    },
    {
        "start":2.88284375,
        "end":4.33409375,
        "speaker":0,
        "text":"الشكل يشوف النبي مش أقل مش أقل مش أقل مش أقل مش أقل مش أقل مش أقل مش أقل مش أقل مش أقل مش"
    },
    {
        "start":4.53659375,
        "end":8.92409375,
        "speaker":0,
        "text":"بس برضو بتفرق و إنتو أكيد حسيته ده يعني حتى ال ال ال ⁇ "
    },
    {
        "start":9.59909375,
        "end":15.20159375,
        "speaker":0,
        "text":"الأغنيه و بالشيب اللي إتعمل ليها الأولانيه اللي بتحكي قصة الأب و إزاي إنه لحد بنته ⁇ "
    },
    {
        "start":15.58971875,
        "end":16.07909375,
        "speaker":0,
        "text":"رهان رهان رهان رهان"
    },
    {
        "start":16.51784375,
        "end":20.55096875,
        "speaker":0,
        "text":"ده إدى فكره إن الناس على القصه وشوئهم كمان إن هما يشوفوا لأ و وثوائهم كمان إن هما يشوفوا لأ و وثوائهم كمان إن هما يشوفوا لأ و وثوائهم كمان إن هما يشوفوا لأ و وثوائهم كمان إن هما يشوفوا لأ و وثوائهم كمان إن هما يشوفوا أه لأ و وثوائهم كمان إن هما يشوفوا لأ و"
    },
    {
        "start":20.55096875,
        "end":20.68596875,
        "speaker":1,
        "text":""
    },
    {
        "start":20.68596875,
        "end":20.71971875,
        "speaker":0,
        "text":""
    },
    {
        "start":20.71971875,
        "end":20.73659375,
        "speaker":1,
        "text":""
    },
    {
        "start":20.73659375,
        "end":20.97284375,
        "speaker":0,
        "text":"وده وده وده"
    },
    {
        "start":20.97284375,
        "end":34.97909375,
        "speaker":1,
        "text":"قصه غير القصه كمان إن كل دلوقتي تلاقي الأفراح معظمها بتشغلها تحفه وكلامها تلاقي أب بيغني بجد لبنته والغانيه دي فمش منجحتش بس في المسلسل دي نجحت ⁇ "
    },
    {
        "start":25.00596875,
        "end":26.71034375,
        "speaker":0,
        "text":"لما تيجي تفرجي على الفيس بوك على الفيس بوك على الفيس بوك على الفيس بوك على الفيس بوك على الفيس ب"
    },
    {
        "start":35.48534375,
        "end":40.37909375,
        "speaker":1,
        "text":"داف لنا بقى أسئله بالتحديد ليكي إم كنتي مختفيه في الفتره اللي فاتت بقالي كتير جدا مع ⁇ "
    },
    {
        "start":40.73346875,
        "end":47.07846875,
        "speaker":1,
        "text":"فعلا الحقيقه الناس فهو غلط خالص أيوه أنا كنت هروح إيه مبعملش أي حاجه في حياتك فيك إيه مبعملش أي حاجه في حياتي ⁇ "
    },
    {
        "start":43.87221875,
        "end":44.96909375,
        "speaker":0,
        "text":"بسم الله ما كنت هروح فين يا روحي إيه <fil> <fil>"
    },
    {
        "start":47.66909375,
        "end":63.02534375,
        "speaker":1,
        "text":"أكلم بصراحه شديده يا رب تشتغلي ولا لأ طبعا مفيش حته في الدنيا بيرفض الصوره لأن الشغل هو استمرار هو النجاح طول ما أنا موجوده و طول ما أنا بنجح وطول ما في شغل يعني أنا متواجده ⁇ "
    },
    {
        "start":48.07409375,
        "end":50.06534375,
        "speaker":0,
        "text":"<fil> <fil> <fil> <fil> ⁇ "
    },
    {
        "start":63.86909375,
        "end":68.96534375,
        "speaker":1,
        "text":"الحقيقه كان في فتره طبعا دي لكل عرفها فترة والدتي رحمه طول عليها ⁇ "
    },
    {
        "start":69.31971875,
        "end":74.60159375,
        "speaker":1,
        "text":"بعديها دخلت مسلسل مع الأستاذ محمود عبد العزيز ⁇ "
    },
    {
        "start":69.33659375,
        "end":69.62346875,
        "speaker":0,
        "text":"ب ب ب ب ب ب ب"
    },
    {
        "start":75.20909375,
        "end":78.97221875,
        "speaker":1,
        "text":"من ساعتها فعلا مجاليش ورقه خالص يعني الفتره ⁇ "
    }
]