[
    {
        "start":0.03096875,
        "end":13.98659375,
        "speaker":1,
        "text":"فقولتله صابرين قولا وحيدا ⁇ "
    },
    {
        "start":13.46346875,
        "end":13.48034375,
        "speaker":2,
        "text":""
    },
    {
        "start":13.48034375,
        "end":14.22284375,
        "speaker":0,
        "text":"إم إم إم إم إم إم إم إم إم إم إم إم إم إم إم إم إم إم"
    },
    {
        "start":14.22284375,
        "end":16.97346875,
        "speaker":1,
        "text":"في قفله وقاله الله عليك ده من أول كلمه يعني قولتله أهو وقالي الله عليك ده من أول كلمه يعني قولتلها ⁇ "
    }
]