[
    {
        "start":0.03096875,
        "end":3.99659375,
        "speaker":2,
        "text":"قد إيه ساندتني وقفت جنبي و شجعتني ⁇ "
    },
    {
        "start":4.35096875,
        "end":8.56971875,
        "speaker":2,
        "text":"بجد زعلانه من المسلسلات بجد ⁇ "
    },
    {
        "start":8.58659375,
        "end":30.38909375,
        "speaker":2,
        "text":"بجد علينا من التصوير خلص إم إرتبطوا بالحل إن الجواليس كانت حاجه محصلتش و الحاله كانت حاجه محصلتش و ال ال التوافق اللي حصل بين كل الناس كل حد بجد عمل الدور بتاعه زي ما مكتوب في الكتاب ⁇ "
    },
    {
        "start":30.54096875,
        "end":51.02721875,
        "speaker":2,
        "text":"على قد ما دوري كام مستفز و ناس كتير أوي مش <fil> الست اللي أنا اتحطيت فيها ⁇ "
    },
    {
        "start":34.08471875,
        "end":34.96221875,
        "speaker":0,
        "text":"بسطوره أسطوره لا لا لا لا لا لا لا لا لا لا لا لا لا لا"
    },
    {
        "start":35.56971875,
        "end":36.16034375,
        "speaker":0,
        "text":"وعايزين زيزين زيزو ⁇ "
    },
    {
        "start":37.45971875,
        "end":39.87284375,
        "speaker":0,
        "text":"بسم الله الرحمن الرحيم بسم الله الرحمن الرحيم بسم الله الرحمن الرحيم بسم الله الرحمن الرحيم بسم الله الرحمن الرحيم بسم الله الرحمن الرحيم"
    },
    {
        "start":41.32409375,
        "end":42.40409375,
        "speaker":0,
        "text":"هذه الحاله أسعى عشره عشره عشره عشره عشره عشره عشر"
    },
    {
        "start":42.40409375,
        "end":42.43784375,
        "speaker":3,
        "text":""
    },
    {
        "start":42.43784375,
        "end":42.50534375,
        "speaker":0,
        "text":""
    },
    {
        "start":42.50534375,
        "end":42.65721875,
        "speaker":3,
        "text":""
    },
    {
        "start":42.65721875,
        "end":43.33221875,
        "speaker":0,
        "text":"حسيتين في في في في في في في في في في في في في"
    },
    {
        "start":51.02721875,
        "end":51.11159375,
        "speaker":1,
        "text":""
    },
    {
        "start":51.11159375,
        "end":51.17909375,
        "speaker":2,
        "text":""
    },
    {
        "start":51.17909375,
        "end":52.02284375,
        "speaker":1,
        "text":"تمانين ⁇ "
    },
    {
        "start":52.39409375,
        "end":56.91659375,
        "speaker":1,
        "text":"<fil> <fil> <fil> <fil> <fil> <fil> <fil> ⁇ "
    },
    {
        "start":57.28784375,
        "end":58.53659375,
        "speaker":1,
        "text":"الفرصه إن هو الدهاني ⁇ "
    },
    {
        "start":58.67159375,
        "end":59.98784375,
        "speaker":1,
        "text":"أشكر أستاذ هاني كمان <fil> أستاذ هاني كمان <fil> ⁇ "
    },
    {
        "start":60.52784375,
        "end":63.48096875,
        "speaker":1,
        "text":"بشكر كل الممثلين اللي قاعدين معانا ⁇ "
    },
    {
        "start":63.85221875,
        "end":64.98284375,
        "speaker":1,
        "text":"أستاذه رانيا و أستاذه رانيا و أستاذه رانيا ⁇ "
    },
    {
        "start":65.57346875,
        "end":75.51284375,
        "speaker":1,
        "text":"طبعا هو بيسألوني في الشارع اللي يمكن اللي إنتي أول مراتي الشعر مع بعض إحنا فعلا صحفي جت في الآخر المسلسل ده إن إحنا بقينا صحاب أوي عنيا فريد شوقي طبعا طبعا هو بيسألوني في الشارع اللي يمكن اللي إنتي أول مره تشتغل مع بعض إحنا فعلا صحفي جت ⁇ "
    },
    {
        "start":68.59409375,
        "end":68.86409375,
        "speaker":0,
        "text":"قولتله جايبو جايب جاي"
    },
    {
        "start":70.02846875,
        "end":70.58534375,
        "speaker":3,
        "text":"بسبعه بقى واقع بقى واقع بقى"
    },
    {
        "start":75.64784375,
        "end":79.64721875,
        "speaker":1,
        "text":"و أنا هي إحنا إتقابلنا جوه المسلسل وكمان جايب هشام ⁇ "
    },
    {
        "start":80.13659375,
        "end":86.97096875,
        "speaker":1,
        "text":"أنا برضو أنا صحبتي جوه المسلسل مش قبلي وبقينا صحاب أوي وبشكر كل كل عمل و أنا يعني ⁇ "
    },
    {
        "start":87.49409375,
        "end":89.11409375,
        "speaker":1,
        "text":"<fil> <fil> <fil> <fil> <fil> <fil> <fi"
    },
    {
        "start":89.45159375,
        "end":111.06846875,
        "speaker":1,
        "text":"فطبعا هو تعبان ممكن يعديها في يوم مضغوط جدا وأستاذ هاني كمان أنا كنت بكلمه كل شويه أقوله إيه الكلام الحلوه اللي إنت بتكتبها إيه الكلام الحلوه اللي إنت بتكتبها والكلام الحلوه اللي إنت بتكتبها إيه الكلام الحلوه اللي إنت بتكتبها والكلام الحلوه اللي إنت بتكتبها إيه الكلام الحلوه اللي إنت بتكتبها والكلام الحلوه اللي إنت بتكتبها ⁇ "
    },
    {
        "start":93.11346875,
        "end":94.66596875,
        "speaker":2,
        "text":"<fil> <fil> <fil> <fil> <fil> <fil> <f"
    },
    {
        "start":94.66596875,
        "end":94.71659375,
        "speaker":0,
        "text":""
    },
    {
        "start":100.74096875,
        "end":101.36534375,
        "speaker":2,
        "text":"نفوذه فيه فيه فيه فيه فيه"
    },
    {
        "start":101.36534375,
        "end":101.41596875,
        "speaker":0,
        "text":""
    },
    {
        "start":102.52971875,
        "end":103.01909375,
        "speaker":0,
        "text":"بسم الله الرحمن الرحيم هو من"
    },
    {
        "start":111.67596875,
        "end":113.43096875,
        "speaker":1,
        "text":"يعني إزاي كاتب كده ⁇ "
    },
    {
        "start":113.98784375,
        "end":114.96659375,
        "speaker":1,
        "text":"إزاي إزاي إزاي إزاي إزاي إزاي إزاي إزاي إزاي إزاي إزاي إزاي إزاي إزاي إزاي إزاي إزاي إزاي إزاي إزاي إزاي إزاي إزاي إزاي"
    },
    {
        "start":114.96659375,
        "end":130.35659375,
        "speaker":3,
        "text":"مبروك عليكو مبروك فيكو مبروك كمان للمشاهدين اللي شايف في مسلسل بالروعه دي وتعالوا يبقى اخر حاجه هنخطط بيها الحاله الخمسه يعني ⁇ "
    },
    {
        "start":125.88471875,
        "end":128.55096875,
        "speaker":0,
        "text":"<fil> <fil> <fil> <fil> <fil> <fil> <fil> ⁇ "
    },
    {
        "start":134.42346875,
        "end":137.69721875,
        "speaker":0,
        "text":"تخشي كمان تلت شهور ⁇ "
    },
    {
        "start":138.01784375,
        "end":144.02534375,
        "speaker":0,
        "text":"<fil> <fil> <fil> <fil> <fil> <fil> <fil> <fil> <fil> <fil> <fil> <fil> <fil> ⁇ "
    },
    {
        "start":144.51471875,
        "end":146.53971875,
        "speaker":0,
        "text":"جوزت بنتين ⁇ "
    },
    {
        "start":146.79284375,
        "end":150.97784375,
        "speaker":0,
        "text":"بنت الجمله أنا مش جهاستهم يعني جوستهم اللي جبتلهم حاجات قليله أوي ⁇ "
    }
]