[
    {
        "start":0.03096875,
        "end":3.77721875,
        "speaker":1,
        "text":"حقيقه و قدرته برضو إن هو طه ياخد منها بعواه ⁇ "
    },
    {
        "start":3.45659375,
        "end":7.65846875,
        "speaker":0,
        "text":"الضلمه اللي كانت الدكتوره داليا أه هنتكلم عليه خوف على من مدينه ⁇ "
    },
    {
        "start":5.09346875,
        "end":5.43096875,
        "speaker":1,
        "text":"و و و و و و و و"
    },
    {
        "start":7.70909375,
        "end":11.38784375,
        "speaker":1,
        "text":"<fil> <fil> <fil> <fil> <fil> ⁇ "
    },
    {
        "start":8.89034375,
        "end":15.28596875,
        "speaker":0,
        "text":"<fil> <fil> <fil> <fil> <fil> <fil> <fil> ⁇ "
    },
    {
        "start":11.38784375,
        "end":20.02784375,
        "speaker":3,
        "text":"<fil> <fil> <fil> <fil> <fil> <fil> <fil> <fil> <fil> <fil> <fil> <fil> <fil> <fil> <fil> <fil> <fil> <fil> <fil> <fil> <fil> <fil> <fil> <fil> <fil> <fil> <fil> <fil> <fil> <fil> <fil> <fil> <fil> <fil> <fil> <fil>"
    },
    {
        "start":17.86784375,
        "end":17.88471875,
        "speaker":0,
        "text":""
    },
    {
        "start":17.88471875,
        "end":25.03971875,
        "speaker":2,
        "text":"<fil> <fil> <fil> <fil> <fil> <fil> <fil> <fil> <fil> <fil> <fil> <fil> <fil> <fil> <fil> <fil> <fil> <fil> <fil> <fil> <fil> <fil> <fil> <fil> <fil> <fil> <fil> <fil> <fil> <fil"
    },
    {
        "start":20.02784375,
        "end":20.24721875,
        "speaker":0,
        "text":"وهنطن"
    },
    {
        "start":22.06971875,
        "end":23.77409375,
        "speaker":0,
        "text":"مش كده أنا بيتخانق أنا بيتخانق أنا بيتخانق أنا بيتخانق أنا بيتخانق أنا بيتخانق أنا بيتخانق أنا بيتخانق"
    },
    {
        "start":24.92159375,
        "end":35.68784375,
        "speaker":0,
        "text":"<fil> <fil> <fil> <fil> <fil> <fil> <fil> <fil> <fil> ⁇ "
    },
    {
        "start":25.09034375,
        "end":25.15784375,
        "speaker":2,
        "text":""
    },
    {
        "start":36.51471875,
        "end":41.76284375,
        "speaker":0,
        "text":"أول ما شئون أنا رصتنا فاهمه يعني قولتله إنت هتقعد سوقي من أول يوم شوفته فين ⁇ "
    },
    {
        "start":40.96971875,
        "end":42.21846875,
        "speaker":3,
        "text":"المكان ده ⁇ "
    },
    {
        "start":42.35346875,
        "end":45.64409375,
        "speaker":0,
        "text":"فقولت إزاي طه أصلا مكنش لسه راح الجمعيه للدكتوره داليا ⁇ "
    },
    {
        "start":46.04909375,
        "end":49.96409375,
        "speaker":0,
        "text":"فقولت إزاي طب طهوا كان جايب الشخصيه دي من أول يوم ⁇ "
    }
]