[
    {
        "start":0.03096875,
        "end":8.02971875,
        "speaker":3,
        "text":"و دايما بيتعمل إيه أنا وهجرتك في نفس الحاجه كلها الأغاني إم فإنتي الإستوديو كلها عباره عن الأغاني بتاعتهم الأجنبيه الأغنيه بتاعتهم الأغنيه بتاعتهم الأغنيه بتاعتهم الأغنيه بتاعتهم الأغنيه بتاعتهم الأغنيه بتاعتهم الأغنيه بتاعتهم الأغنيه بتاعتهم الأغنيه بتاعتهم الأغنيه بتاعتهم الأغنيه بتاعتهم الأغنيه بتاعتهم الأغنيه بتاعتهم الأغنيه بتاعتهم الأغنيه بتاعتهم الأغنيه بتاعتهم الأغنيه بتاعتهم الأغنيه بتاعتهم الأغنيه بتاعتهم الأغنيه بتاعتهم الأغنيه بتاعتهم الأغنيه بتاعتهم الأغنيه بتاعتهم الأغنيه بتاعتهم الأغنيه بتاعتهم الأغنيه بتاعتهم الأغنيه بتاعتهم الأغنيه بتاعتهم الأغنيه بتاعتهم الأغنيه بتاعتهم الأغنيه بتاعتهم الأغنيه بتاعت"
    },
    {
        "start":7.32096875,
        "end":9.83534375,
        "speaker":0,
        "text":"أجنبيه أجنبيه <fil> أجنبيه أجنبيه <fil> ⁇ "
    },
    {
        "start":8.92409375,
        "end":13.37909375,
        "speaker":3,
        "text":"<fil> <fil> <fil> <fil> <fil> <fil> <fil> <fil> <fil> <fil> <fil> <fil> <fil> <fil> <fil> <fil> <fil> <fil> <f"
    },
    {
        "start":9.83534375,
        "end":9.98721875,
        "speaker":2,
        "text":""
    },
    {
        "start":10.00409375,
        "end":10.47659375,
        "speaker":0,
        "text":"يا ريس يا ريس يا ريس"
    },
    {
        "start":13.48034375,
        "end":18.82971875,
        "speaker":3,
        "text":"بس أنا ما كنتش بس على القريه الأغاني بتاعت المصريين أنا أنا أقدر من كده كتير ⁇ "
    },
    {
        "start":19.80846875,
        "end":20.02784375,
        "speaker":3,
        "text":"وده وده و"
    },
    {
        "start":20.02784375,
        "end":27.70596875,
        "speaker":2,
        "text":"<fil> يعني مش مكلف يعني منقدرش نقول إن هو إنتي مكلف لكن ⁇ "
    },
    {
        "start":28.53284375,
        "end":30.23721875,
        "speaker":2,
        "text":"لكن إنتاج مجازف ⁇ "
    },
    {
        "start":30.27096875,
        "end":30.32159375,
        "speaker":2,
        "text":""
    },
    {
        "start":30.32159375,
        "end":30.33846875,
        "speaker":1,
        "text":""
    },
    {
        "start":30.33846875,
        "end":30.38909375,
        "speaker":2,
        "text":""
    },
    {
        "start":30.38909375,
        "end":30.79409375,
        "speaker":1,
        "text":"سيبنا دينه سيناريو"
    },
    {
        "start":30.42284375,
        "end":31.73909375,
        "speaker":2,
        "text":"في مبسطه ⁇ "
    },
    {
        "start":31.84034375,
        "end":42.97784375,
        "speaker":1,
        "text":"<fil> <fil> <fil> <fil> <fil> <fil> <fil> <fil> <fil> <fil> <fil> <fil> <fil> <fil> <fil> <fil> <fil> <fil> <fil> <fil> ⁇ "
    },
    {
        "start":42.21846875,
        "end":42.57284375,
        "speaker":0,
        "text":"إم بتقولي يا إمي يا إمي"
    }
]