[
    {
        "start":0.03096875,
        "end":11.15159375,
        "speaker":1,
        "text":"أقوله كلمه هنقول كذا كذا كذا كذا إقترح يعني ليه مجرد إن هو يدخل يفكر فيها و هو أكتر واحد تعبان إحنا المسلسل لو إحنا هنشتغل أو هنتكلم ستاشر ساعه و كلام من ده ⁇ "
    },
    {
        "start":3.03471875,
        "end":3.57471875,
        "speaker":0,
        "text":"لا لا لا لا لا لا لا لا لا لا لا لا لا"
    },
    {
        "start":11.86034375,
        "end":36.97034375,
        "speaker":1,
        "text":"يعني هذا البني آدم ممكن يقعد أكتر مننا بكتير يعني ⁇ "
    },
    {
        "start":15.03284375,
        "end":15.08346875,
        "speaker":0,
        "text":""
    },
    {
        "start":15.79221875,
        "end":15.97784375,
        "speaker":0,
        "text":"و و و و"
    },
    {
        "start":16.34909375,
        "end":16.38284375,
        "speaker":0,
        "text":""
    },
    {
        "start":16.58534375,
        "end":20.33159375,
        "speaker":0,
        "text":"<fil> <fil> <fil> <fil> <fil> <fil> <fil> <fil> <fil> <fil> <fil> <fil> <fil> <fil> <fil> ⁇ "
    },
    {
        "start":31.87409375,
        "end":32.12721875,
        "speaker":0,
        "text":"أبو هدنه"
    },
    {
        "start":35.41784375,
        "end":46.11659375,
        "speaker":0,
        "text":"كمان الحته دي <fil> <fil> <fil> <fil> <fil> <fil> <fil> <fil> <fil> <fil> <fil> <fil> <fil> <fil> <fil> <fil> <fil> ⁇ "
    },
    {
        "start":43.55159375,
        "end":44.12534375,
        "speaker":1,
        "text":"معايير ⁇ "
    },
    {
        "start":46.45409375,
        "end":49.13721875,
        "speaker":0,
        "text":"يعني كل حد كده ليه صوره ذهنيه ⁇ "
    },
    {
        "start":49.86284375,
        "end":50.97659375,
        "speaker":0,
        "text":"إنت كمخرج ممكن يتتعبد ممكن يتعبد ممكن يتعبد ممكن يتعبد ممكن يتعب"
    }
]