[
    {
        "start":0.03096875,
        "end":11.20221875,
        "speaker":1,
        "text":"إم طول عمري من أول ما وتشت يعني الحمد لله اخترته كلها من أول برضو بيبقوا كل الكلام ده ونجح مع الناس و التحدي دايما إن إحنا نقدر نوصل رساله لنفسي ⁇ "
    },
    {
        "start":11.30346875,
        "end":15.79221875,
        "speaker":0,
        "text":"إزاي يعني ملاحظه لكل ده بطولات شبابيه كلها ⁇ "
    },
    {
        "start":14.47596875,
        "end":25.96784375,
        "speaker":1,
        "text":"إحنا قصديهم طبعا التحديات اللي موجوده دلوقتي في الميزانيات في ال في اللي إحنا عايشين فيه هو ده كمان اللي بيساعدنا وفي فكرة إن إحنا نساعد كلنا لكل الواتساب شباب أو وررا ⁇ "
    }
]