[
    {
        "start":0.03096875,
        "end":4.80659375,
        "speaker":1,
        "text":"إحنا حاسين بيكم وشايفينكم هما كانوا شافوا أنا شايفه إن إنتو كمان حابين بعض ⁇ "
    },
    {
        "start":2.93346875,
        "end":3.01784375,
        "speaker":0,
        "text":""
    },
    {
        "start":4.99221875,
        "end":8.09721875,
        "speaker":1,
        "text":"أي حتى في الكواليس قبل ما نبتدي تتنريش بالمزارع ⁇ "
    },
    {
        "start":6.93284375,
        "end":7.97909375,
        "speaker":0,
        "text":"ماريش من المظاهر من المظاهر من المظاهر من المظاه"
    },
    {
        "start":9.27846875,
        "end":24.21284375,
        "speaker":1,
        "text":"لا لا لا لا لا <fil> <fil> <laugh> <fil> <fil> <laugh> <fil> <fil> ⁇ "
    },
    {
        "start":10.03784375,
        "end":10.17284375,
        "speaker":0,
        "text":""
    },
    {
        "start":13.02471875,
        "end":14.91471875,
        "speaker":0,
        "text":"و برامج و لما ترجعي لما ترجعي لما ترجعي لما ترجعي لما ترجعي لما ترجعي لما ترجعي لما ترجعي لما ترجعي لما ترجعي لما ت"
    },
    {
        "start":16.39971875,
        "end":17.85096875,
        "speaker":0,
        "text":"لا لا لا لا لا لا لا لا لا لا لا لا لا لا لا لا لا لا لا لا لا لا لا لا لا لا لا لا لا لا لا لا لا لا لا لا"
    },
    {
        "start":20.04471875,
        "end":20.06159375,
        "speaker":0,
        "text":""
    },
    {
        "start":23.11596875,
        "end":38.03346875,
        "speaker":0,
        "text":"<fil> <fil> <fil> <fil> <fil> <fil> <fil> <fil> <fil> <fil> <fil> <fil> <fil> <fil> <fil> <fil> <fil> <fil> <fil> <fil> <fil> <fil> <fil> ⁇ "
    },
    {
        "start":25.46159375,
        "end":27.72284375,
        "speaker":1,
        "text":"أصل الاجتماعي الأخير دي صحفيين ⁇ "
    },
    {
        "start":29.51159375,
        "end":30.65909375,
        "speaker":1,
        "text":"مش هيسيبك هياخدك هياخدك هياخدك هياخدك هياخدك هياخد"
    },
    {
        "start":32.31284375,
        "end":32.48159375,
        "speaker":1,
        "text":""
    },
    {
        "start":38.48909375,
        "end":40.61534375,
        "speaker":1,
        "text":"قعد مثلا إض ماما دلوقتي أصلا كده ⁇ "
    },
    {
        "start":40.61534375,
        "end":41.08784375,
        "speaker":0,
        "text":"قعدوا يقعدوا يقعدوا يقعدوا"
    },
    {
        "start":41.08784375,
        "end":41.25659375,
        "speaker":1,
        "text":""
    },
    {
        "start":41.25659375,
        "end":42.45471875,
        "speaker":0,
        "text":"<fil> <fil> <fil> <fil> <fil>"
    },
    {
        "start":41.27346875,
        "end":42.67409375,
        "speaker":1,
        "text":"<fil> <fil> <fil> <fil> <fil> ⁇ "
    },
    {
        "start":43.68659375,
        "end":44.42909375,
        "speaker":1,
        "text":"جاي من من من من من من من من من من من من من من من من من"
    },
    {
        "start":44.64846875,
        "end":44.68221875,
        "speaker":1,
        "text":""
    },
    {
        "start":44.68221875,
        "end":50.13284375,
        "speaker":0,
        "text":"مسلسل ناجح إن شاء الله أساسا جميل أوي و أنا زعلانه و اللي <fil> ⁇ "
    },
    {
        "start":48.90096875,
        "end":50.53784375,
        "speaker":1,
        "text":"<fil> <fil> <fil> <fil> <fil> <fil> <fil"
    },
    {
        "start":50.84159375,
        "end":50.90909375,
        "speaker":0,
        "text":""
    },
    {
        "start":50.90909375,
        "end":53.11971875,
        "speaker":1,
        "text":"أدوات حلوه لبسيتين إن إحنا نديها نحن نبسطين اللي إحنا نجحناه في نقطه إن إحنا نديها نحن نبسطين اللي إحنا نجحناه في نهاية"
    },
    {
        "start":51.71909375,
        "end":53.00159375,
        "speaker":0,
        "text":"إن إحنا نديحلنا ننجحنه إن إحنا ننجح إن إحنا نديحلنا ننجحنه إن إحنا ندي"
    },
    {
        "start":53.11971875,
        "end":53.96346875,
        "speaker":0,
        "text":"و بوضعي إيه <fil> <fil> <f"
    },
    {
        "start":53.96346875,
        "end":55.73534375,
        "speaker":1,
        "text":"زعلانين اللي هو خلص ⁇ "
    },
    {
        "start":56.07284375,
        "end":57.97971875,
        "speaker":1,
        "text":"و حسيته النجاح ده يعني إيه إيه ⁇ "
    },
    {
        "start":58.63784375,
        "end":65.97846875,
        "speaker":1,
        "text":"أكيد بتشوفوه بتقرو طبعا على مواقع الاجتماعي لأ إحنا بنتكلم على مسلسل حق أكتر من موت مليون مشاهده على مستوى حلقته كلها ⁇ "
    }
]