[
    {
        "start":0.03096875,
        "end":13.00784375,
        "speaker":1,
        "text":"متعددوش خبره ضيع ده فميبقاش عندنا إحساس الشفقه عليه بالعكس إحنا عايزين ندعمه ونساعده بس مش صعبان ⁇ "
    },
    {
        "start":11.28659375,
        "end":11.37096875,
        "speaker":0,
        "text":""
    },
    {
        "start":13.93596875,
        "end":15.79221875,
        "speaker":1,
        "text":"هجري يعني ⁇ "
    },
    {
        "start":16.01159375,
        "end":17.29409375,
        "speaker":1,
        "text":"إحنا استغربت يعني ⁇ "
    },
    {
        "start":17.66534375,
        "end":39.58596875,
        "speaker":1,
        "text":"لأ عندها مشكلة الإقامه والكلام ده كله جزء فلسطيني فتعطفنا من البدايه وإسمها خلانا نحبها أكتر و بعدين بصراحه ده إنتي كنتي ماشيه تليفزيون ⁇ "
    },
    {
        "start":37.99971875,
        "end":39.46784375,
        "speaker":0,
        "text":"أخد التفسيس وقيم وحش وحش وحش وحش وحش وحش وحش وحش و"
    },
    {
        "start":40.93596875,
        "end":44.63159375,
        "speaker":1,
        "text":"في الآخر بصراحه أو في النص كده في النص أه في النص أه في النص أه في النص أه في النص أه في النص أه في النص أه في النص أه في النص أه في النص أه في النص أه في النص أه في النص أه في النص أه في النص أه في النص أه في النص أه في النص أه في النص أه في النص أه في الن"
    },
    {
        "start":44.63159375,
        "end":44.71596875,
        "speaker":0,
        "text":""
    },
    {
        "start":44.71596875,
        "end":44.78346875,
        "speaker":1,
        "text":""
    },
    {
        "start":44.78346875,
        "end":44.81721875,
        "speaker":0,
        "text":""
    },
    {
        "start":44.81721875,
        "end":44.86784375,
        "speaker":1,
        "text":""
    },
    {
        "start":44.86784375,
        "end":44.88471875,
        "speaker":0,
        "text":""
    },
    {
        "start":44.88471875,
        "end":45.18846875,
        "speaker":1,
        "text":"الأ لا لا لا لا لا لا"
    },
    {
        "start":44.96909375,
        "end":45.91409375,
        "speaker":0,
        "text":"الآخر يعنيين و الآخر يعنيين ⁇ "
    },
    {
        "start":45.91409375,
        "end":48.96846875,
        "speaker":1,
        "text":"لتوش في الآخر يا حبيبتي بقى يا حبيبتي يا حبيبتي يا حبيبتي ⁇ "
    },
    {
        "start":47.06159375,
        "end":47.43284375,
        "speaker":0,
        "text":"ه ح ح ح ح ح ح ح"
    },
    {
        "start":48.96846875,
        "end":49.52534375,
        "speaker":0,
        "text":"ني يعني يعني يعني يعني يعني يعني يعني يعني يعني يعني يعني يعني يعني"
    },
    {
        "start":49.52534375,
        "end":49.55909375,
        "speaker":1,
        "text":""
    },
    {
        "start":49.91346875,
        "end":60.24096875,
        "speaker":0,
        "text":"<fil> <fil> <fil> <fil> <fil> <fil> <fil> ما جالي سكرت ⁇ "
    },
    {
        "start":60.84846875,
        "end":71.37846875,
        "speaker":0,
        "text":"وحسيت إنه إيه أمالله أنا حاسه إن أنا عايزه أعرف الشخصيه دي أكتر وأبدأ أذاكرها وأتخيلها أه طيب دي كانت حاجه محافظه أوي ليا بالذات التفاصيل بتاعتها الشنطه ⁇ "
    },
    {
        "start":71.91846875,
        "end":75.09096875,
        "speaker":0,
        "text":"و الشنطه اللي مكتوب عليها رملا و الخريطه وكل التفاصيل دي ⁇ "
    },
    {
        "start":75.56346875,
        "end":78.65159375,
        "speaker":0,
        "text":"دي كلها حاجات سعدتني إن أنا أفهم رمله أكتر ⁇ "
    },
    {
        "start":79.09034375,
        "end":81.97596875,
        "speaker":0,
        "text":"شخصيه برضو مركبه أوي وده اللي خلى الناس اللي بتاخدها أوي و ده اللي خلى الناس اللي بتاخدها أوي و ده اللي خلى الناس اللي بتاخدها أوي و ده اللي خلى الناس اللي بتاخدها أوي و ده اللي خلى الناس اللي بتاخدها أوي"
    }
]