[
    {
        "start":0.79034375,
        "end":2.88284375,
        "speaker":2,
        "text":"الأستاذه منى قطب ⁇ "
    },
    {
        "start":3.05159375,
        "end":4.43534375,
        "speaker":2,
        "text":"منتجه أهلا بحضرتك ⁇ "
    },
    {
        "start":6.78096875,
        "end":16.90596875,
        "speaker":2,
        "text":"أستاذه منى أهلا بحضرتك أهلا وسهلا بحضرتك أهلا وسهلا بحضرتك أهلا وسهلا بحضرتك أهلا وسهلا بحضرتك أهلا وسهلا بحضرتك أهلا وسهلا بحضرتك أهلا وسهلا بحضرتك أهلا وسهلا بحضرتك أهلا وسهلا بحضرتك أهلا وسهلا بحضرتك أهلا وسهلا بحضرتك أهلا وسهلا بحضرتك أهلا وسهلا بحضرتك أهلا وسهلا بحضرتك أهلا وسهلا بحضرتك أهلا وسهلا بحضرتك أهلا وسهلا بحضرتك أهلا وسهلا بحضرتك أهلا وسهلا بحضرتك أهلا وسهلا بحضرتك أهلا وسهلا بحضرتك أهلا وسهلا بحضرتك أهلا وسهلا بحضرتك أهلا وسهلا بحضرتك أهلا وسهلا بحضرتك أهلا وسهلا بحضرتك أهلا وسهلا بحضرتك أهلا وسهلا بحضرتك أهلا وسهلا بحضرتك أهلا وسهلا بحضرتك أهلا وسهلا"
    },
    {
        "start":10.22346875,
        "end":11.06721875,
        "speaker":0,
        "text":"على الهواء واقعي واقولك ⁇ "
    },
    {
        "start":13.81784375,
        "end":14.18909375,
        "speaker":0,
        "text":"عنه على عع ع ع ع ع"
    },
    {
        "start":17.51346875,
        "end":21.22596875,
        "speaker":2,
        "text":"أنا عارفه و الله و إن شاء الله ⁇ "
    },
    {
        "start":17.90159375,
        "end":18.47534375,
        "speaker":0,
        "text":"أنا عارفها أنا عارفاه عارفاه عارفها عارفها"
    },
    {
        "start":19.62284375,
        "end":20.17971875,
        "speaker":0,
        "text":"قوليلي إيه قوليلي إيه قوليلي قوليلي"
    },
    {
        "start":21.91784375,
        "end":28.97159375,
        "speaker":2,
        "text":"يعني الناس بتطالب بجزء تاني ممكن تفكر في حاجه زي كده ولا لأ ⁇ "
    },
    {
        "start":29.15721875,
        "end":31.73909375,
        "speaker":2,
        "text":"إن شاء الله بنحاول تبعين ⁇ "
    },
    {
        "start":32.11034375,
        "end":32.26221875,
        "speaker":2,
        "text":""
    },
    {
        "start":33.66284375,
        "end":38.26971875,
        "speaker":2,
        "text":"<fil> يعني <fil> <fil> <fil> <fil> <fil> <fil> <fil> <fil> <fil> <fil> <fil> <fil> <fil> <fil> <fil> <fil> <fil> <fil>"
    },
    {
        "start":35.62034375,
        "end":36.51471875,
        "speaker":0,
        "text":"ده خبر محترمه محترمه محترمه محترم"
    },
    {
        "start":37.05471875,
        "end":37.22346875,
        "speaker":0,
        "text":""
    },
    {
        "start":38.74221875,
        "end":46.89284375,
        "speaker":2,
        "text":"لأ بنفكر بدفه تعظيمي من النجوم بتوعنا هما موافقين الأول كلناهم على الهوا أهو اتفضلوا ⁇ "
    },
    {
        "start":43.38284375,
        "end":44.02409375,
        "speaker":0,
        "text":"ومعاهم ومعاهم ومعاهم ومعاهم"
    },
    {
        "start":44.02409375,
        "end":44.24346875,
        "speaker":1,
        "text":"بس ماشيه كويسه"
    },
    {
        "start":45.99846875,
        "end":47.12909375,
        "speaker":0,
        "text":"<fil> <fil> <fil> <fil> <fi"
    },
    {
        "start":46.89284375,
        "end":46.92659375,
        "speaker":1,
        "text":""
    },
    {
        "start":47.60159375,
        "end":48.41159375,
        "speaker":1,
        "text":"ايوه ⁇ "
    },
    {
        "start":49.06971875,
        "end":67.96971875,
        "speaker":1,
        "text":"بسم الله الرحمن الرحيم بسم الله الرحمن الرحيم بسم الله الرحمن الرحيم بسم الله الرحمن الرحيم ⁇ "
    },
    {
        "start":49.13721875,
        "end":49.40721875,
        "speaker":2,
        "text":"عدد عالي و ع"
    },
    {
        "start":51.41534375,
        "end":52.90034375,
        "speaker":0,
        "text":"<fil> <fil> <fil> <fil> <fil> <fil> "
    },
    {
        "start":55.61721875,
        "end":60.03846875,
        "speaker":0,
        "text":"<fil> <fil> <fil> <fil> <fil> <fil> <fil> <fil> <fil> <fil> ⁇ "
    },
    {
        "start":60.03846875,
        "end":60.94971875,
        "speaker":2,
        "text":"القرار نتيجة القرار نتيجة القرار نتيجة القر"
    },
    {
        "start":60.94971875,
        "end":61.00034375,
        "speaker":0,
        "text":""
    },
    {
        "start":66.06284375,
        "end":69.37034375,
        "speaker":2,
        "text":"<fil> <fil> <fil> <fil> <fil> <fil> <fil> <fil> ⁇ "
    },
    {
        "start":67.96971875,
        "end":69.30284375,
        "speaker":0,
        "text":"<fil> <fil> <fil> <fil> <fil> <f"
    },
    {
        "start":69.30284375,
        "end":69.31971875,
        "speaker":1,
        "text":""
    },
    {
        "start":69.31971875,
        "end":69.33659375,
        "speaker":0,
        "text":""
    },
    {
        "start":69.37034375,
        "end":69.40409375,
        "speaker":0,
        "text":""
    },
    {
        "start":70.21409375,
        "end":71.09159375,
        "speaker":0,
        "text":"لازم تبقى أحد ⁇ "
    },
    {
        "start":70.24784375,
        "end":70.97346875,
        "speaker":2,
        "text":"بقى أحلى أحلى أحلى أحلى أحلى أح"
    },
    {
        "start":71.59784375,
        "end":77.21721875,
        "speaker":0,
        "text":"<fil> <fil> <fil> <fil> <fil> ⁇ "
    },
    {
        "start":73.03221875,
        "end":73.43721875,
        "speaker":1,
        "text":"في دماغ دب دب دب"
    },
    {
        "start":75.54659375,
        "end":77.13284375,
        "speaker":1,
        "text":"ما يعني تقريبا ⁇ "
    },
    {
        "start":77.84159375,
        "end":81.03096875,
        "speaker":0,
        "text":"<fil> <fil> <fil> <fil> <fil> <fil> <fil> <fil> ⁇ "
    },
    {
        "start":78.97221875,
        "end":79.74846875,
        "speaker":1,
        "text":"بسم الله الرحمن الرحيم بسم الله الرحمن الرحي"
    },
    {
        "start":80.62596875,
        "end":88.62471875,
        "speaker":1,
        "text":"كده إحنا عايزين نشكر كمان حد يا جماعه مش عايزين ننساق أبدا ببالغ حسام فإحنا عايزين نشكر كمان حد يا جماعه مش عايزين نساء أبدا ⁇ "
    },
    {
        "start":86.38034375,
        "end":86.48159375,
        "speaker":0,
        "text":""
    },
    {
        "start":87.64596875,
        "end":88.47284375,
        "speaker":0,
        "text":"طبعا قطاع قطاع قطاع قطاع قطاع قطاع ق"
    },
    {
        "start":88.62471875,
        "end":88.91159375,
        "speaker":0,
        "text":"فين فين فين في"
    },
    {
        "start":89.53596875,
        "end":89.58659375,
        "speaker":0,
        "text":""
    },
    {
        "start":89.58659375,
        "end":90.75096875,
        "speaker":1,
        "text":"هو اقتراحي ⁇ "
    },
    {
        "start":89.67096875,
        "end":89.68784375,
        "speaker":0,
        "text":""
    },
    {
        "start":89.72159375,
        "end":90.61596875,
        "speaker":0,
        "text":"هو اقتصاد وحشت وحشت كده وحشت وحشت"
    },
    {
        "start":90.80159375,
        "end":90.83534375,
        "speaker":0,
        "text":""
    },
    {
        "start":91.79721875,
        "end":94.69971875,
        "speaker":1,
        "text":"المخرج المنفذ المعاقد أيو ⁇ "
    },
    {
        "start":94.14284375,
        "end":94.88534375,
        "speaker":0,
        "text":"اليوتيوبر اليوتيوبر اليوتيوبر"
    },
    {
        "start":95.61096875,
        "end":95.69534375,
        "speaker":0,
        "text":""
    },
    {
        "start":95.69534375,
        "end":97.87221875,
        "speaker":1,
        "text":"أنا مش هخش العمل اللقطه اللي هو قالوله اللحظه اللحظه اللي هو قالوله اللحظه اللي هو قالوله اللحظه اللي هو قالولي لأ هو قالول"
    },
    {
        "start":95.72909375,
        "end":95.76284375,
        "speaker":0,
        "text":""
    },
    {
        "start":95.76284375,
        "end":96.72471875,
        "speaker":2,
        "text":"و صلى الله عليه وسلم عليه الصلاة والسلام عليه الصلاة والسلام"
    },
    {
        "start":96.72471875,
        "end":100.16721875,
        "speaker":0,
        "text":"<fil> <fil> <fil> <fil> <fil> <fil> <fil> <fil> <fil> <fil> <fil> <fil> <fil> إحنا علينا قبل ما يجي ش"
    },
    {
        "start":100.16721875,
        "end":103.71096875,
        "speaker":1,
        "text":"بسم الله الرحمن الرحيم بسم الله الرحمن الرحيم بسم الله الرحمن الرحيم بسم الله الرحمن الرحيم بسم الله الرحمن الرحيم بسم الله الرحمن الرحيم بسم الله الرحمن الرحيم بسم الله الرحمن الرحيم ⁇ "
    },
    {
        "start":103.18784375,
        "end":104.79096875,
        "speaker":0,
        "text":"<fil> أو <fil> أو <fil> أو <fil> <fil> <fil> أو"
    },
    {
        "start":103.89659375,
        "end":113.97096875,
        "speaker":1,
        "text":"<fil> <fil> <fil> <fil> <fil> <fil> <fil> ⁇ "
    },
    {
        "start":105.88784375,
        "end":106.15784375,
        "speaker":0,
        "text":"يا أستاذه ياسمين"
    },
    {
        "start":108.77346875,
        "end":111.03471875,
        "speaker":0,
        "text":"بسم الله الرحمن الرحيم بسم الله الرحمن الرحيم بسم الله الرحمن الرحيم ⁇ "
    },
    {
        "start":111.03471875,
        "end":113.97096875,
        "speaker":2,
        "text":"وهي كمان بصراحه مع لذيذه ⁇ "
    },
    {
        "start":113.97096875,
        "end":114.03846875,
        "speaker":0,
        "text":""
    },
    {
        "start":114.03846875,
        "end":114.17346875,
        "speaker":1,
        "text":""
    },
    {
        "start":114.12284375,
        "end":126.82971875,
        "speaker":2,
        "text":"أنا بشكر ربنا إن جابلنا برضو جابلنا برضو من ازاي دي ⁇ "
    },
    {
        "start":121.07534375,
        "end":123.23534375,
        "speaker":1,
        "text":"<fil> <fil> <fil> <fil> <fil> <fil> <fil> <fil> <fil>"
    },
    {
        "start":123.99471875,
        "end":127.80846875,
        "speaker":1,
        "text":"و مقاليد بني آدمين بتوعها لا ده أهم السيف بجد ⁇ "
    },
    {
        "start":128.43284375,
        "end":130.33971875,
        "speaker":1,
        "text":"معجباتها يوسف معايا الجرايم ⁇ "
    },
    {
        "start":130.33971875,
        "end":130.84596875,
        "speaker":0,
        "text":"دقيقه دقيقه دقيقه"
    },
    {
        "start":130.60971875,
        "end":130.64346875,
        "speaker":1,
        "text":""
    },
    {
        "start":130.66034375,
        "end":130.79534375,
        "speaker":1,
        "text":""
    },
    {
        "start":131.77409375,
        "end":133.91721875,
        "speaker":1,
        "text":"<fil> <fil> <fil> <fil> <fil> <fil> <fil> <fil> <fil"
    },
    {
        "start":132.04409375,
        "end":133.76534375,
        "speaker":2,
        "text":"عندي مرض مرض مرض مرض مرض مرض مرض مرض مرض مرض مرض مرض مرض مرض مرض مرض مرض مرض مرض مرض مرض"
    },
    {
        "start":134.84534375,
        "end":136.54971875,
        "speaker":0,
        "text":"<fil> <fil> <fil> <fil> <fil> <fil> <fil>"
    },
    {
        "start":137.15721875,
        "end":138.27096875,
        "speaker":0,
        "text":"<fil> <fil> <fil> <fil> <fi"
    },
    {
        "start":137.59596875,
        "end":140.19471875,
        "speaker":1,
        "text":"زياده عن إمبارح أه أبندي كان ⁇ "
    },
    {
        "start":139.30034375,
        "end":139.33409375,
        "speaker":2,
        "text":""
    },
    {
        "start":140.53221875,
        "end":140.92034375,
        "speaker":1,
        "text":"سنه و م م م م م م م"
    },
    {
        "start":140.92034375,
        "end":145.96596875,
        "speaker":2,
        "text":"<fil> <fil> <fil> <fil> <fil> <fil> <fil> <fil> <fil> <fil> <fil> <fil> <fil> <fil> <fil> <fil> <fil> <fil> <fil> <fil> <fil>"
    }
]