[
    {
        "start":0.03096875,
        "end":1.02659375,
        "speaker":7,
        "text":"ليه معنىه ⁇ "
    },
    {
        "start":1.46534375,
        "end":4.24971875,
        "speaker":6,
        "text":"إنتو قفلت المسلسل لأن كل حاجه بقت تماما ⁇ "
    },
    {
        "start":4.26659375,
        "end":4.70534375,
        "speaker":7,
        "text":" ⁇ "
    },
    {
        "start":5.07659375,
        "end":8.55284375,
        "speaker":7,
        "text":"<fil> <fil> <fil> <fil> <fil> <fil> ⁇ "
    },
    {
        "start":5.16096875,
        "end":8.11409375,
        "speaker":6,
        "text":"<fil> <fil> <fil> <fil> <fil> <fil> <fil> <fil> ⁇ "
    },
    {
        "start":9.05909375,
        "end":13.96971875,
        "speaker":7,
        "text":"ممكن تتغير وممكن النهارده هيكون الدنيا كويسه بس أيوه بكره هيرجع ⁇ "
    },
    {
        "start":12.72096875,
        "end":15.42096875,
        "speaker":6,
        "text":"بكره هيرجعوا يسيبوابعد قولتلهم معدات الدبلوماسيه ⁇ "
    },
    {
        "start":14.37471875,
        "end":17.05784375,
        "speaker":7,
        "text":"معبد إن يبقى عندي مبتعرفيش ممكن إيه اللي يحصل عليه ده ده عندي ميعرفيش ممكن إيه اللي يحصل عليه تفكيره يبقى عندي ميعرفيش ممكن إيه اللي يحصل عليه تفكيرك إن يبقى عندي مبيعرفنيش ممكن إيه اللي يحصل"
    },
    {
        "start":16.72034375,
        "end":23.48721875,
        "speaker":6,
        "text":"<fil> الحلوه دي بس في نفس الوقت إنت سايب الدنيا أنا هخليك تكنولوجيا <fil> <fil> الحلوه دي بس في نفس الوقت إنت زايد الدنيا أنا هخليك تشوف ⁇ "
    },
    {
        "start":19.42034375,
        "end":20.06159375,
        "speaker":7,
        "text":"نفس الوقت واقعين واقعين واقع"
    },
    {
        "start":21.46221875,
        "end":22.82909375,
        "speaker":7,
        "text":"<fil> <fil> <fil> <fil> <fil> <fi"
    },
    {
        "start":23.48721875,
        "end":32.85284375,
        "speaker":7,
        "text":"يعني كل واحد تتحط على طريقة الحب لو إنتي سألتني إيه اللي حصل في المسلسل إن كل واحد عارف قيمة نفسه وده مهم جدا وعارفه الغرضه في الدنيا نفس الأدوار ⁇ "
    },
    {
        "start":32.85284375,
        "end":33.66284375,
        "speaker":6,
        "text":"ماسكينه جدا جدا جدا جدا جدا جدا جدا جدا جدا جدا ⁇ "
    },
    {
        "start":34.35471875,
        "end":42.97784375,
        "speaker":7,
        "text":"<fil> <fil> <fil> <fil> <fil> <fil> <fil> <fil> <fil> ⁇ "
    },
    {
        "start":34.38846875,
        "end":38.59034375,
        "speaker":6,
        "text":"<fil> <fil> <fil> <fil> <fil> <fil> <fil> ⁇ "
    },
    {
        "start":39.70409375,
        "end":40.02471875,
        "speaker":6,
        "text":"وهو وهو وه"
    },
    {
        "start":42.31971875,
        "end":44.31096875,
        "speaker":6,
        "text":"<fil> <fil> <fil> <fil> <fil> <fil> <fil> <fil> <"
    },
    {
        "start":43.58534375,
        "end":45.44159375,
        "speaker":7,
        "text":"<fil> <fil> <fil> <fil> <fil> <fil> ⁇ "
    },
    {
        "start":44.47971875,
        "end":44.54721875,
        "speaker":6,
        "text":""
    },
    {
        "start":44.71596875,
        "end":45.94784375,
        "speaker":6,
        "text":"<fil> <fil> <fil> <fil> <fil> "
    },
    {
        "start":48.05721875,
        "end":49.91346875,
        "speaker":6,
        "text":"<fil> <fil> <fil> <fil> <fil> <fil> <fil> <fi"
    },
    {
        "start":50.03159375,
        "end":52.24221875,
        "speaker":7,
        "text":"يعني عبد الرحمن الرحيم بسم الله الرحمن الرحيم بسم الله الرحمن الرحيم ⁇ "
    },
    {
        "start":56.68034375,
        "end":59.73471875,
        "speaker":6,
        "text":"أنا سبت النهايه لكل واحد يقولي يا نهار أسود هايل لكل واحد و يقوله يا نهار أبيض كتير ⁇ "
    },
    {
        "start":57.05159375,
        "end":57.74346875,
        "speaker":7,
        "text":"ما سبت المعهد ثابته مع ضيفتنا"
    },
    {
        "start":58.72221875,
        "end":69.38721875,
        "speaker":7,
        "text":"فكل واحد وصل للحاله اللي هو راضي فيها مع ربنا بحياته جايبلي اكتشف إن هو بيحب عليه ⁇ "
    },
    {
        "start":69.55596875,
        "end":73.87596875,
        "speaker":7,
        "text":"عم سيد اللي عبد الحميد ملوش غيره هي عايزه ⁇ "
    },
    {
        "start":71.86784375,
        "end":72.15471875,
        "speaker":5,
        "text":"مالوويوم مالووم"
    },
    {
        "start":72.84659375,
        "end":83.03909375,
        "speaker":5,
        "text":"<fil> أنا بس عايز أقول الحدثه دي إنت في الآخر ⁇ "
    },
    {
        "start":75.61409375,
        "end":80.69346875,
        "speaker":7,
        "text":"<fil> <fil> <fil> <fil> <fil> <fil> <fil> <fil> <fil> ⁇ "
    },
    {
        "start":83.34284375,
        "end":101.51721875,
        "speaker":5,
        "text":"خليك في فئات كتيره من المجتمع كله كل واحد شايف نفسه في في حدوت دي حقيقه بالظبط وعملت رموز للناس يعني القصه الرومانسيه بقى في رمز للولد اللي ممكن تحب الدنيا وطبعا حطتهم في مصر ⁇ "
    },
    {
        "start":87.91596875,
        "end":87.94971875,
        "speaker":0,
        "text":""
    },
    {
        "start":87.94971875,
        "end":88.21971875,
        "speaker":7,
        "text":"يد دي دين دي دي دي"
    },
    {
        "start":88.21971875,
        "end":88.37159375,
        "speaker":0,
        "text":""
    },
    {
        "start":88.37159375,
        "end":88.70909375,
        "speaker":7,
        "text":"إزاي ازاي ازا"
    },
    {
        "start":88.70909375,
        "end":88.84409375,
        "speaker":0,
        "text":""
    },
    {
        "start":89.89034375,
        "end":90.26159375,
        "speaker":0,
        "text":"و و و و و و و و و"
    },
    {
        "start":95.61096875,
        "end":95.62784375,
        "speaker":0,
        "text":""
    },
    {
        "start":95.62784375,
        "end":95.64471875,
        "speaker":6,
        "text":""
    },
    {
        "start":95.64471875,
        "end":96.21846875,
        "speaker":1,
        "text":"نتخب أحخن أخره أخر أخر"
    },
    {
        "start":96.21846875,
        "end":96.25221875,
        "speaker":6,
        "text":""
    },
    {
        "start":96.38721875,
        "end":96.52221875,
        "speaker":0,
        "text":""
    },
    {
        "start":99.44159375,
        "end":99.47534375,
        "speaker":1,
        "text":""
    },
    {
        "start":99.47534375,
        "end":100.55534375,
        "speaker":7,
        "text":"<fil> <fil> <fil> <fil> <f"
    },
    {
        "start":100.75784375,
        "end":100.82534375,
        "speaker":7,
        "text":""
    },
    {
        "start":101.51721875,
        "end":101.93909375,
        "speaker":1,
        "text":"لأن هي هي هي هي هي هي هي هي هي"
    },
    {
        "start":101.93909375,
        "end":103.93034375,
        "speaker":5,
        "text":"<fil> <fil> <fil> <fil> <fil> <fil> <fil> <fil> ⁇ "
    },
    {
        "start":102.24284375,
        "end":103.79534375,
        "speaker":7,
        "text":"ما يسأل عن اقتنعت بالذات بالنهارده بالمناسبه المهنه اللي هاهوله بالنهار"
    },
    {
        "start":103.79534375,
        "end":103.89659375,
        "speaker":6,
        "text":""
    },
    {
        "start":103.93034375,
        "end":104.25096875,
        "speaker":6,
        "text":"هو <fil> هو"
    },
    {
        "start":104.25096875,
        "end":104.97659375,
        "speaker":5,
        "text":"ما بين محظوظ يحزن أحزن أحز"
    },
    {
        "start":104.55471875,
        "end":104.60534375,
        "speaker":7,
        "text":""
    },
    {
        "start":104.70659375,
        "end":104.74034375,
        "speaker":7,
        "text":""
    },
    {
        "start":104.97659375,
        "end":105.73596875,
        "speaker":7,
        "text":"<fil> <fil> <fil> "
    },
    {
        "start":105.73596875,
        "end":105.87096875,
        "speaker":4,
        "text":""
    },
    {
        "start":108.19971875,
        "end":110.64659375,
        "speaker":7,
        "text":"ما هو بقى ما يصلحش لازم بيتعب عشان بيحب بيحب عشان بيحب عشان بيحب عشان بيحب بيحب عشان بيحب بيحب عشان بيحب بيحب عشان بيحب بيحب عشان بيحب بيحب عشان بيحب بيحب عشان بيحب بيحب عشان بيحب"
    },
    {
        "start":110.96721875,
        "end":111.03471875,
        "speaker":4,
        "text":""
    },
    {
        "start":111.03471875,
        "end":117.05909375,
        "speaker":7,
        "text":"<fil> <fil> <fil> <fil> <fil> <fil> <fil> <fil> <fil> ⁇ "
    },
    {
        "start":111.06846875,
        "end":112.65471875,
        "speaker":4,
        "text":"بسم الله الرحمن الرحيم بسم الله الرحمن الرحيم بسم الله الرحمن الرحيم بسم الله الرحمن الرحي"
    },
    {
        "start":114.34221875,
        "end":114.44346875,
        "speaker":5,
        "text":""
    },
    {
        "start":114.44346875,
        "end":114.56159375,
        "speaker":3,
        "text":""
    },
    {
        "start":114.56159375,
        "end":114.59534375,
        "speaker":5,
        "text":""
    },
    {
        "start":114.59534375,
        "end":115.03409375,
        "speaker":3,
        "text":"كده ها ها ها ها ها"
    },
    {
        "start":115.03409375,
        "end":115.05096875,
        "speaker":5,
        "text":""
    },
    {
        "start":115.05096875,
        "end":116.06346875,
        "speaker":3,
        "text":"هو منافع أكثر منافعه أكثر منافعه لتلاته"
    },
    {
        "start":116.06346875,
        "end":116.18159375,
        "speaker":0,
        "text":""
    },
    {
        "start":116.18159375,
        "end":116.31659375,
        "speaker":5,
        "text":""
    },
    {
        "start":116.31659375,
        "end":116.36721875,
        "speaker":0,
        "text":""
    },
    {
        "start":116.36721875,
        "end":117.02534375,
        "speaker":5,
        "text":"ده هو وجعه هو وجعه هو وجعه"
    },
    {
        "start":117.02534375,
        "end":118.45971875,
        "speaker":0,
        "text":"كلامك فيما إنت أه أه أه فيما إنت أه أه أه فيما إنت أه أه أه فيما إنت أه أه أه فيما إنت أه أه أه فيما إنت أه"
    },
    {
        "start":117.05909375,
        "end":117.07596875,
        "speaker":5,
        "text":""
    },
    {
        "start":118.45971875,
        "end":118.47659375,
        "speaker":5,
        "text":""
    },
    {
        "start":118.47659375,
        "end":118.49346875,
        "speaker":0,
        "text":""
    },
    {
        "start":118.49346875,
        "end":119.59034375,
        "speaker":5,
        "text":"لا لا لا لا لا لا لا لا لا لا لا لا لا لا لا لا لا لا لا لا لا لا لا لا لا لا لا"
    },
    {
        "start":118.56096875,
        "end":119.65784375,
        "speaker":7,
        "text":"ربنا يخليهالك يلا بينا يلا بينا يلا بينا يلا بينا يلا بينا ي"
    },
    {
        "start":119.65784375,
        "end":119.70846875,
        "speaker":5,
        "text":""
    },
    {
        "start":119.70846875,
        "end":119.77596875,
        "speaker":0,
        "text":""
    },
    {
        "start":119.86034375,
        "end":122.67846875,
        "speaker":0,
        "text":"الطيبه شغاله تعبانه برعه و بره و برعايه إبراهيم تعبانه برعايه برعايه برعايه برعايه إبراهيم تعبانه برعايه برعايه برعايه إبراهي"
    },
    {
        "start":123.11721875,
        "end":124.07909375,
        "speaker":0,
        "text":"<fil> <fil> <fil> <fil>"
    },
    {
        "start":125.51346875,
        "end":133.91721875,
        "speaker":5,
        "text":"في ناس كتير شافوا نفسهم كل واحد شايف نفسه في حياتك في واحد من صحته عشان بشده عشان إحناه ده معناه إن أنا أرجع أقول لحضراتكوا إن في ناس كتير شافوا نفسهم و كل واحد شايف نفسه في حياتك في واحد من شخصي عشان بشده عشان إحناه ده معناه إن أنا أرجع أقول لحضراتكوا إن في ناس كتير شافوا نفسهم و كل واحد شايف نفسه في حياتك في واحد من صحته عشان بشده عشان إحناه ده معناه إن أنا أرجع أقول لحضراتكوا إن في ناس كتير شافوا نفسهم و كل واحد شايف نفسه في حياتك في واحد من صحته عشان بشده عشان إحناه ده معناه إن أنا أرجع أقول لحضراتكوا إن في ناس كتير شافوا نفسهم و كل واحد شايف نفسه في حياتك في واحد من صحته عشان بشتغل عشان ⁇ "
    },
    {
        "start":125.66534375,
        "end":126.28971875,
        "speaker":0,
        "text":"كده لا لا لا لا لا لا لا لا لا لا لا لا لا لا"
    },
    {
        "start":127.65659375,
        "end":127.92659375,
        "speaker":0,
        "text":"نا ها ها ها"
    },
    {
        "start":129.39471875,
        "end":129.44534375,
        "speaker":7,
        "text":""
    },
    {
        "start":129.51284375,
        "end":129.56346875,
        "speaker":7,
        "text":""
    },
    {
        "start":131.40284375,
        "end":134.91284375,
        "speaker":7,
        "text":"عشان زهقانه ده معناه إنه رجع أقولهولك إن هي ⁇ "
    },
    {
        "start":135.08159375,
        "end":143.01284375,
        "speaker":7,
        "text":"مصريين اللي المفروضي وبشغلين بقالهم عشر سنين على تصدير نوع معين من الدراما أنا إحنا معنديش حاجه جديده على فكره في ميت عشر سنين على تصدير نوع معين من الدراما أنا إحنا معنديش حاجه جديده على فكره في مهنته ⁇ "
    },
    {
        "start":142.70909375,
        "end":160.96784375,
        "speaker":6,
        "text":"إنت إنت عايز أسألك كلكو عنوا بعض المسلسل مثلا بعد ما صدرنا قصة حب ومن زيه و لطيفه جدا هل ده ممكن يأثر على الناس كلها إن الناس ⁇ "
    },
    {
        "start":144.78471875,
        "end":145.18971875,
        "speaker":7,
        "text":"ببعضعها ببعضاعها"
    },
    {
        "start":159.16221875,
        "end":161.05221875,
        "speaker":3,
        "text":"ما أنا عايز أقول حاجه على المستوى ⁇ "
    },
    {
        "start":161.50784375,
        "end":163.54971875,
        "speaker":3,
        "text":"يعني أنا وأنا بتفرج على مسلسل ⁇ "
    },
    {
        "start":163.81971875,
        "end":169.50659375,
        "speaker":3,
        "text":"بعيد إن أنا أصلا بشتغل فيه المشهد بتاع أستاذ سلسل لما بتروح لها البيت ⁇ "
    },
    {
        "start":169.79346875,
        "end":174.09659375,
        "speaker":3,
        "text":"أنا و أنا بتفرج قلت إن أنا لما أجي أتجوز لا يمكن أبحببتي بسهوله ⁇ "
    },
    {
        "start":174.78846875,
        "end":186.44909375,
        "speaker":3,
        "text":"بعد ما خرجت من بيتها يعني النقليات اللي هي ن قالتها الناس بتضحك و محافظه على بيتها على التكشيره و الجهاز دي أوي خرجها كمان مشهد وهو بيتصور و هي في فخر إن أنا حافظت على بيتي ⁇ "
    },
    {
        "start":180.61034375,
        "end":182.50034375,
        "speaker":6,
        "text":"التكشيره و الجهابيه أوي ⁇ "
    },
    {
        "start":186.76971875,
        "end":189.48659375,
        "speaker":3,
        "text":"أنا عمري أنا بقولهالك أه أنا عمري ما هسيب بيتي ⁇ "
    },
    {
        "start":189.70596875,
        "end":192.97971875,
        "speaker":3,
        "text":"يعني أنا لما يبقى عندي بيت و عندي أسره هحلها كده ⁇ "
    },
    {
        "start":193.48596875,
        "end":197.16471875,
        "speaker":3,
        "text":"أنا اتعلمته حاجات كتير مواقف من كل العلاقات اللي أنا شفتها ⁇ "
    },
    {
        "start":197.23221875,
        "end":198.85221875,
        "speaker":3,
        "text":"هاخد منها حاجه هو لفه هاخد منها حاجه هاخد منها حاجه هاخد منها حاجه هاخد منها حاجه هو"
    },
    {
        "start":198.49784375,
        "end":207.32346875,
        "speaker":4,
        "text":"هو ده اللي أنا قولته من شويه إن إحنا منطرحش دايما السلبيات نطرح الإيجابيات ⁇ "
    },
    {
        "start":207.32346875,
        "end":207.47534375,
        "speaker":6,
        "text":""
    },
    {
        "start":207.47534375,
        "end":209.14596875,
        "speaker":4,
        "text":"و الحلو الفاصل عليه الفلسطينيين الفلسطينيين عليه الصلاة والسلام عليه الصلاة والسلام عليه الصلاة وال"
    },
    {
        "start":207.52596875,
        "end":209.01096875,
        "speaker":6,
        "text":"<fil> <fil> <fil> <fil> <fil> <fil> "
    },
    {
        "start":209.63534375,
        "end":226.29096875,
        "speaker":2,
        "text":"<fil> في ناس يعني كاتبين إن إحنا فتحنا الصوره إن هما يرتبطوا بيحبوا يتجوزوا ففي ناس بعتلي كده و في ناس بعتني كمان إن هو بقوا بيتعاملوا بطريقة دينه طريقة تفكيرها و دوقها و في إيه ⁇ "
    },
    {
        "start":209.68596875,
        "end":209.97284375,
        "speaker":4,
        "text":"عع على عهد ع"
    },
    {
        "start":209.97284375,
        "end":210.69846875,
        "speaker":6,
        "text":"ميه وخمسه ميه وخمسين وخمس"
    },
    {
        "start":210.69846875,
        "end":210.71534375,
        "speaker":4,
        "text":""
    },
    {
        "start":210.71534375,
        "end":212.99346875,
        "speaker":6,
        "text":"<fil> <fil> <fil> <fil> <fil> <fil> <fil> <fil> <fil> ⁇ "
    },
    {
        "start":212.99346875,
        "end":213.17909375,
        "speaker":3,
        "text":"ودهبيد"
    },
    {
        "start":227.43846875,
        "end":228.53534375,
        "speaker":3,
        "text":"يلا بينا يلا بينا يلا بينا يلا بينا يلا بينا يلا بينا يلا بي"
    },
    {
        "start":229.31159375,
        "end":229.59846875,
        "speaker":2,
        "text":"قبل ما أدب بد"
    },
    {
        "start":229.56471875,
        "end":231.13409375,
        "speaker":3,
        "text":"ده من الممثلين أنا بقعد ألاقي الممثلين أنا بقعد أقابل موسيقينا ⁇ "
    },
    {
        "start":229.59846875,
        "end":230.35784375,
        "speaker":7,
        "text":"بقى من المنظمه من المنظمه المنظومه من"
    },
    {
        "start":230.35784375,
        "end":230.44221875,
        "speaker":1,
        "text":""
    },
    {
        "start":230.44221875,
        "end":230.54346875,
        "speaker":4,
        "text":""
    },
    {
        "start":231.80909375,
        "end":232.14659375,
        "speaker":2,
        "text":"عبد الفتاح السيسي"
    },
    {
        "start":232.14659375,
        "end":232.23096875,
        "speaker":6,
        "text":""
    },
    {
        "start":232.23096875,
        "end":232.26471875,
        "speaker":3,
        "text":""
    },
    {
        "start":232.26471875,
        "end":232.61909375,
        "speaker":7,
        "text":"دي في ظل دي دي دي دي"
    },
    {
        "start":232.61909375,
        "end":232.66971875,
        "speaker":6,
        "text":""
    },
    {
        "start":233.63159375,
        "end":235.67346875,
        "speaker":6,
        "text":"بس ففعل الموضوع مؤثر مع ناس جدا ⁇ "
    },
    {
        "start":236.01096875,
        "end":236.87159375,
        "speaker":7,
        "text":"و من منهج ⁇ "
    },
    {
        "start":236.87159375,
        "end":240.02721875,
        "speaker":6,
        "text":"إنت كنت مطلع كمان الشخصيتين يعني ⁇ "
    },
    {
        "start":240.21284375,
        "end":240.24659375,
        "speaker":6,
        "text":""
    },
    {
        "start":240.48284375,
        "end":245.79846875,
        "speaker":6,
        "text":"حلميتين إم <fil> <fil> <fil> <fil> <fil> <fil> <fil> <fil> <fil> ⁇ "
    },
    {
        "start":241.76534375,
        "end":243.43596875,
        "speaker":7,
        "text":"عمري ما أقول الحياه برضي يحيى برضي يحيى برضي ⁇ "
    },
    {
        "start":244.22909375,
        "end":249.83159375,
        "speaker":7,
        "text":"<fil> <fil> <fil> <fil> <fil> <fil> ⁇ "
    },
    {
        "start":246.42284375,
        "end":249.46034375,
        "speaker":6,
        "text":"<fil> <fil> <fil> <fil> ⁇ "
    },
    {
        "start":250.37159375,
        "end":269.38971875,
        "speaker":7,
        "text":"عند لحظه معينه ⁇ "
    },
    {
        "start":251.40096875,
        "end":251.95784375,
        "speaker":6,
        "text":"<fil> <fil> <"
    },
    {
        "start":251.95784375,
        "end":252.12659375,
        "speaker":0,
        "text":""
    },
    {
        "start":255.90659375,
        "end":255.92346875,
        "speaker":0,
        "text":""
    },
    {
        "start":255.92346875,
        "end":256.90221875,
        "speaker":6,
        "text":"<fil> <fil> <fil> <fil>"
    },
    {
        "start":256.90221875,
        "end":256.96971875,
        "speaker":0,
        "text":""
    },
    {
        "start":266.90909375,
        "end":266.92596875,
        "speaker":2,
        "text":""
    },
    {
        "start":266.92596875,
        "end":271.38096875,
        "speaker":3,
        "text":"في ناس في الراديو <fil> <fil> <fil> <fil> <fil> ⁇ "
    },
    {
        "start":269.76096875,
        "end":271.19534375,
        "speaker":7,
        "text":"يا ماما يا أحمد يا حبيبتي يا حبيبتي يا حبيبتي يا حبيبتي يا حبيبتي يا حبيبتي يا حبيبتي يا حبيب"
    },
    {
        "start":271.44846875,
        "end":273.47346875,
        "speaker":3,
        "text":"عايزه أقول بعض الشنطه دي حقيقه يعني أنا عايزه أقول برضو إن شاء الله ⁇ "
    },
    {
        "start":272.02221875,
        "end":272.03909375,
        "speaker":7,
        "text":""
    },
    {
        "start":272.39346875,
        "end":273.59159375,
        "speaker":7,
        "text":"توازن حياه يعني ⁇ "
    },
    {
        "start":273.59159375,
        "end":274.13159375,
        "speaker":3,
        "text":"أه اااااااااااه"
    },
    {
        "start":274.13159375,
        "end":275.02596875,
        "speaker":7,
        "text":"عايز تقول إيه عايز إيه عايزعايز عايز إيه عايز إيه عايز إيه عايز إيه عايز إيه عايز إيه عايز"
    },
    {
        "start":274.75596875,
        "end":275.70096875,
        "speaker":3,
        "text":"عايزه أقوله هيا هيا هيا هيا هيا هيا هيا هيا هيا هيا"
    },
    {
        "start":275.88659375,
        "end":279.04221875,
        "speaker":3,
        "text":"يعني إنت جبتلها جايه كتير وكنت رومانسي أوي إم ⁇ "
    },
    {
        "start":279.19409375,
        "end":283.24409375,
        "speaker":3,
        "text":"ليه لما كانت ظروفها الماديه وهي بتشتري للحاجات ليه مشاركتش في لحظات ليه مشاركتش فيرها ⁇ "
    },
    {
        "start":283.24409375,
        "end":284.25659375,
        "speaker":7,
        "text":"ثانيه هو ليه ⁇ "
    },
    {
        "start":284.25659375,
        "end":285.08346875,
        "speaker":3,
        "text":"طارق يحيطار يحيىطار يحيىطار يحي"
    },
    {
        "start":284.81346875,
        "end":285.97784375,
        "speaker":7,
        "text":"لا تسألني أنا ضامنه ⁇ "
    },
    {
        "start":285.97784375,
        "end":287.29409375,
        "speaker":3,
        "text":"عشان أحيانا بحيره بحيره بحيره بحيره بحيره بحيره بحيث"
    },
    {
        "start":287.29409375,
        "end":287.86784375,
        "speaker":7,
        "text":"معرفش شهادة شهادات شهادة ش"
    },
    {
        "start":287.39534375,
        "end":287.78346875,
        "speaker":3,
        "text":"ورايا أنا أنا أنا أنا أنا أنا"
    },
    {
        "start":288.93096875,
        "end":294.68534375,
        "speaker":7,
        "text":"<fil> <fil> <fil> <fil> <fil> <fil> <fil> <fil> <fil> <fil> <fil> ⁇ "
    },
    {
        "start":289.35284375,
        "end":289.74096875,
        "speaker":3,
        "text":"تعالوا عن رعاية"
    },
    {
        "start":289.74096875,
        "end":289.80846875,
        "speaker":2,
        "text":""
    },
    {
        "start":290.95596875,
        "end":290.98971875,
        "speaker":3,
        "text":""
    },
    {
        "start":290.98971875,
        "end":291.90096875,
        "speaker":2,
        "text":"<fil> <fil> <fil> <fil"
    },
    {
        "start":291.90096875,
        "end":291.96846875,
        "speaker":3,
        "text":""
    },
    {
        "start":291.96846875,
        "end":292.30596875,
        "speaker":2,
        "text":"عز ده ده ده ده ده ده"
    },
    {
        "start":292.30596875,
        "end":293.97659375,
        "speaker":3,
        "text":"<fil> <fil> <fil> <fil> <fil> <fil> ⁇ "
    },
    {
        "start":293.97659375,
        "end":295.15784375,
        "speaker":2,
        "text":"وترفيبيه أوي أوي أوي أوي أوي أوي أوي أوي أوي أوي أوي أوي أوي أوي أوي أوي أوي أوي أوي أوي أوي أوي أوي أوي أوي"
    },
    {
        "start":295.10721875,
        "end":298.63409375,
        "speaker":7,
        "text":"يشارك ده راجل لعيب أنا مش ⁇ "
    },
    {
        "start":295.15784375,
        "end":295.51221875,
        "speaker":5,
        "text":"الهيئه رهيبه"
    },
    {
        "start":295.51221875,
        "end":295.96784375,
        "speaker":2,
        "text":"شيرين شيرين شيرين شير"
    },
    {
        "start":295.96784375,
        "end":296.49096875,
        "speaker":5,
        "text":"ده راديو رضا رضا رض"
    },
    {
        "start":297.16596875,
        "end":297.99284375,
        "speaker":5,
        "text":"ويش ⁇ "
    },
    {
        "start":298.63409375,
        "end":298.66784375,
        "speaker":5,
        "text":""
    },
    {
        "start":298.66784375,
        "end":298.68471875,
        "speaker":7,
        "text":""
    },
    {
        "start":298.68471875,
        "end":300.50721875,
        "speaker":5,
        "text":"<fil> ⁇ "
    },
    {
        "start":298.71846875,
        "end":298.76909375,
        "speaker":7,
        "text":""
    },
    {
        "start":300.50721875,
        "end":300.55784375,
        "speaker":7,
        "text":""
    },
    {
        "start":300.55784375,
        "end":306.85221875,
        "speaker":5,
        "text":"طب أنا عايز أشكر شخصيه برضو مهمه جدا في المسلسل الأستاذ عاده ⁇ "
    },
    {
        "start":307.17284375,
        "end":308.74221875,
        "speaker":3,
        "text":"طبعا طبعا طبعا الشهادات الشهاده الشهيره على الشاشه على الشاشه على الشاشه على الشاشه في الشهر"
    },
    {
        "start":307.54409375,
        "end":308.86034375,
        "speaker":5,
        "text":"رمضان الشهيره الشهيره الشهيره الشهيره الشهيره الشهيره الشهيره الشهيره"
    },
    {
        "start":308.86034375,
        "end":308.96159375,
        "speaker":3,
        "text":""
    },
    {
        "start":309.14721875,
        "end":309.41721875,
        "speaker":3,
        "text":"بعه عمره ما بع"
    },
    {
        "start":309.41721875,
        "end":312.23534375,
        "speaker":5,
        "text":"أولا أنا شفت إن أنا إنها تشتغل معايا ⁇ "
    },
    {
        "start":309.43409375,
        "end":309.55221875,
        "speaker":3,
        "text":""
    },
    {
        "start":312.52221875,
        "end":313.53471875,
        "speaker":5,
        "text":"هو مشهد واحد جدا واحد واحد واحد واحد واحد واحد واحد واحد واحد واحد واحد واحد واحد واحد واحد واحد واحد واحد واحد واحد"
    },
    {
        "start":313.95659375,
        "end":315.52596875,
        "speaker":5,
        "text":"لكن أدهشتني أدهشتني أدهشتني ⁇ "
    },
    {
        "start":315.72846875,
        "end":319.12034375,
        "speaker":5,
        "text":"الحلقه دي بالذات من حب الحلقات القلبي ⁇ "
    },
    {
        "start":315.99846875,
        "end":316.01534375,
        "speaker":1,
        "text":""
    },
    {
        "start":319.52534375,
        "end":328.73909375,
        "speaker":5,
        "text":"بالذات كمان الشهيد اللي هو ويزه اللي كل الناس افتكرت إن هو فعلا ⁇ "
    },
    {
        "start":323.25471875,
        "end":323.99721875,
        "speaker":1,
        "text":"يعلن عن ⁇ "
    },
    {
        "start":324.04784375,
        "end":324.97596875,
        "speaker":1,
        "text":"<fil> <fil> <fil> <fil"
    },
    {
        "start":324.97596875,
        "end":325.65096875,
        "speaker":3,
        "text":"ده ⁇ "
    },
    {
        "start":325.65096875,
        "end":325.76909375,
        "speaker":0,
        "text":""
    },
    {
        "start":329.07659375,
        "end":335.69159375,
        "speaker":5,
        "text":"لكن من الممثلين اللي أعتقد متصور إن هو هيبقى لي شأن كبير جدا قريب إن شاء الله ⁇ "
    },
    {
        "start":335.70846875,
        "end":335.75909375,
        "speaker":5,
        "text":""
    },
    {
        "start":335.86034375,
        "end":335.87721875,
        "speaker":6,
        "text":""
    },
    {
        "start":335.91096875,
        "end":335.99534375,
        "speaker":6,
        "text":""
    },
    {
        "start":336.24846875,
        "end":339.38721875,
        "speaker":5,
        "text":"أه فا يعني دول وجي معانا جبنا جبنا جبنا جبنا جبنا جبنا جبنا جبنا جبنا جبنا جبنا جبنا جبنا جبنا جبنا جبنا جبنا جبنا جبنا جبنا جبنا جبنا جبنا ج"
    },
    {
        "start":338.84721875,
        "end":341.31096875,
        "speaker":6,
        "text":"معانا يا جماعه المشهد ده من المشاهد معانا ⁇ "
    },
    {
        "start":340.80471875,
        "end":342.10409375,
        "speaker":5,
        "text":"والمشهد صعب صعب صعب صعب صعب صعب صعب صعب صعب صعب صعب صعب صعب صعب صعب صعب صعب صعب صعب صعب صعب صعب صعب صعب صعب صعب صعب صعب صعب صعب"
    },
    {
        "start":342.86346875,
        "end":343.13346875,
        "speaker":6,
        "text":"جايبيني وأنا بتقولي"
    },
    {
        "start":343.65659375,
        "end":344.88846875,
        "speaker":5,
        "text":"<fil> يعني <fil> يعني <fil> يعني <fil> يعني <f"
    },
    {
        "start":344.55096875,
        "end":348.41534375,
        "speaker":6,
        "text":"<fil> <fil> <fil> <fil> <fil> <fil> <fil> <fil> <fil> <fil> ⁇ "
    },
    {
        "start":346.52534375,
        "end":348.63471875,
        "speaker":5,
        "text":"يا فرح يا معروب سهير ⁇ "
    },
    {
        "start":348.82034375,
        "end":350.18721875,
        "speaker":5,
        "text":"ما يعرفش يهد اللي خدت وقتي اللي خدت وقت دلوقتي اللي خدت وقتي اللي خدت وقت ⁇ "
    },
    {
        "start":348.90471875,
        "end":349.22534375,
        "speaker":6,
        "text":"شه شه شه شه"
    },
    {
        "start":350.17034375,
        "end":353.73096875,
        "speaker":6,
        "text":"هنرجع نتكلم على كل مشاهدينا عشان نفرح العروسه رقم أربعه و بعدين نرجع في فرح العروسه رقم أربعه و وبعدين نرجع ⁇ "
    },
    {
        "start":351.67221875,
        "end":351.97596875,
        "speaker":5,
        "text":"بسم الله ماسكه"
    },
    {
        "start":358.20284375,
        "end":363.41721875,
        "speaker":1,
        "text":"الناسنيه في فن المفروض فراح بعد العين بس العمل دلوقتي ميجبتش حاجه في كتيبه ⁇ "
    },
    {
        "start":363.99096875,
        "end":365.37471875,
        "speaker":1,
        "text":"و كان نازله غاليه و كان هاديه و كان هاديه و كان ⁇ "
    },
    {
        "start":366.26909375,
        "end":368.14221875,
        "speaker":1,
        "text":"شوفت حاجات معينه كده ⁇ "
    },
    {
        "start":368.64846875,
        "end":375.29721875,
        "speaker":0,
        "text":"<fil> <fil> <fil> <fil> <fil> <fil> <fil> <fil> <fil> <fil> <fil> <fil> <fil> <fil> <fil> ⁇ "
    },
    {
        "start":377.20409375,
        "end":379.85346875,
        "speaker":1,
        "text":"واجب تعبانه <fil> والدي التعبان ⁇ "
    },
    {
        "start":377.35596875,
        "end":377.40659375,
        "speaker":0,
        "text":""
    },
    {
        "start":380.37659375,
        "end":383.11034375,
        "speaker":1,
        "text":"ما يعتبر دخله راح ليه مش يعني ⁇ "
    },
    {
        "start":383.88659375,
        "end":386.02971875,
        "speaker":1,
        "text":"<fil> <fil> <fil> <fil> <fil> <fil> <fil> <fil> <fil"
    },
    {
        "start":386.82284375,
        "end":386.94096875,
        "speaker":0,
        "text":""
    },
    {
        "start":386.97471875,
        "end":387.97034375,
        "speaker":0,
        "text":"محمد زي ما زي ما زي ما زي ما زي ما زي ما زي ما زي ما زي ما زي ما زي ما زي ما"
    }
]