[
    {
        "start":0.03096875,
        "end":2.84909375,
        "speaker":1,
        "text":"واحد من صناعيه أبو العروسه الأستاذ يسري الفخراني ⁇ "
    },
    {
        "start":3.28784375,
        "end":7.42221875,
        "speaker":1,
        "text":"أنا عارفه إن إنتو عندكو تصوير وعندك شغل رمضان و معانا بن بدري ⁇ "
    },
    {
        "start":7.59096875,
        "end":11.74221875,
        "speaker":1,
        "text":"و كان مهم جدا إن إنتو تكونوا موجودين كأبطال العمل ⁇ "
    },
    {
        "start":12.16409375,
        "end":25.24221875,
        "speaker":1,
        "text":"تفرحوا النجاح ده وناس فرحانه جدا مش بس الناس اللي بيشوفوا في التلفزيون لأ كمان الناس اللي بتدعم على السوشيال ميديا أنا عايزاكو تختموا يعني كلمتين قبل ما تمشوا طبعا إحنا شهرين مع بعض ⁇ "
    },
    {
        "start":24.56721875,
        "end":36.73409375,
        "speaker":3,
        "text":"<fil> <fil> <fil> <fil> <fil> <fil> <fil> <fil> <fil> <fil> <fil> <fil> <fil> <fil> <fil> ⁇ "
    },
    {
        "start":33.44346875,
        "end":33.47721875,
        "speaker":1,
        "text":""
    },
    {
        "start":33.51096875,
        "end":33.81471875,
        "speaker":1,
        "text":"لازم تتنقلت ت"
    },
    {
        "start":38.11784375,
        "end":38.84346875,
        "speaker":1,
        "text":"سبعه وستين فين فين فين فين فين فين في"
    },
    {
        "start":39.28221875,
        "end":43.02846875,
        "speaker":2,
        "text":"إن شاء الله تبقى حياه سعيده ⁇ "
    },
    {
        "start":43.58534375,
        "end":48.04034375,
        "speaker":2,
        "text":"اللي معرفتهاش تجيبه النهارده مش هيجرى حاجه نجيبه بكره ⁇ "
    },
    {
        "start":48.66471875,
        "end":50.36909375,
        "speaker":2,
        "text":"بجد ⁇ "
    },
    {
        "start":50.84159375,
        "end":53.71034375,
        "speaker":2,
        "text":"أنا محظوظه إن كنت ⁇ "
    },
    {
        "start":53.79471875,
        "end":62.40096875,
        "speaker":2,
        "text":"استركت في عمل ناجح زي ده وأعمل مهم مش بس ناجح مهم على المستوى الدرامي على المستوى الفني ⁇ "
    },
    {
        "start":62.62034375,
        "end":67.00784375,
        "speaker":2,
        "text":"على المستوى المجتمعي كمان و عندي أمل بإذن الله و ثقه ⁇ "
    },
    {
        "start":67.76721875,
        "end":68.42534375,
        "speaker":2,
        "text":"إن ⁇ "
    },
    {
        "start":69.06659375,
        "end":88.77659375,
        "speaker":2,
        "text":"هتتغير حاجات كتير في الفتره اللي جايه مش عايزه أقول إن عمل فني هيغير حاجات في المجتمع بس هيخلينا على الأقل نعيد تفكير في حاجات كتير كنا واخدينها ثوابت كده في حياتنا وإن شاء الله يا رب دايما نتقابل في نجاحات تانيه كتير ومتش ⁇ "
    },
    {
        "start":85.23284375,
        "end":86.05971875,
        "speaker":0,
        "text":"ده يعني إم يعني أنا أنا يعني إم يعني أنا أنا يعني إم يعني أنا أنا يعني إم يعني أنا"
    },
    {
        "start":90.66659375,
        "end":93.33284375,
        "speaker":2,
        "text":"<fil> <fil> <fil> <fil> <fil> <fil> <fil> <fil> <fil> <fil> <fil>"
    },
    {
        "start":93.40034375,
        "end":94.53096875,
        "speaker":2,
        "text":"ده أحمد أحمد أحمد أحمد أحمد أحمد أحمد أحمد أحمد أحمد أحمد أحمد أحمد أحمد أحمد أحمد أحمد أحمد أحمد أحمد أحمد أحمد أحمد أحمد أحمد أحمد أحمد"
    },
    {
        "start":94.90221875,
        "end":97.38284375,
        "speaker":0,
        "text":"مبروك يا عراش و ⁇ "
    },
    {
        "start":98.04096875,
        "end":100.31909375,
        "speaker":0,
        "text":"بس أنا عايز أقول أنا عايز أشكر ⁇ "
    },
    {
        "start":100.74096875,
        "end":102.09096875,
        "speaker":0,
        "text":"الجيمش بالتحديد ⁇ "
    },
    {
        "start":102.52971875,
        "end":103.91346875,
        "speaker":0,
        "text":"يمشي دراماه ويمشي دراماه وامشي دراماه ويمشي دراماه وامشي دراما و"
    },
    {
        "start":104.35221875,
        "end":119.97846875,
        "speaker":0,
        "text":"لأن مش بس المسلسل ده إنما أنا حسيت بكل المشاهده إن في طياره في الدين شيء إنه يعمل علاقه مع المجتمع نوع من العلاقه مع الناس من خلال اختياراته في المسلسلات إعادة مسلسلات قديمه وفي المسلسلات ⁇ "
    }
]