[
    {
        "start":0.03096875,
        "end":0.72284375,
        "speaker":1,
        "text":"طبيعة قيمة قيمة قيمة ال"
    },
    {
        "start":1.65096875,
        "end":2.41034375,
        "speaker":0,
        "text":"<fil> خلاص <fil> خلاص <fil"
    },
    {
        "start":2.15721875,
        "end":12.13034375,
        "speaker":1,
        "text":"<fil> ومره تانيه مبروك و أعتقد مفيش ختام أفضل منه اللي هنخترق بقونية بنتي حبيبتي وهانه هنقول تحيه كبيره كمان للفنان الكبير بضحك لصالح ⁇ "
    },
    {
        "start":12.31596875,
        "end":22.64346875,
        "speaker":1,
        "text":"بشكرك جدا و مبروك مبروك ألف جنيه وبشكر حضراتكم إن شاء الله ألتقي بيكم الأسبوع القادم و زي ما قلت الأسبوع الجاي إن شاء الله كل ال ال ال ⁇ "
    },
    {
        "start":16.19721875,
        "end":17.61471875,
        "speaker":0,
        "text":"بشكر حضراتكم وبشكر حضراتكم وبشكر حضراتكم وبشكر لحضراتكم حضراتكم بشكر حضرتك وبشكر حضرتك وبشكر حضرتك وبشكر حضراتك"
    },
    {
        "start":22.76159375,
        "end":28.07721875,
        "speaker":1,
        "text":"الفائزات الخمسه العالم عنهم هيتسلموا الجيزه لسه ⁇ "
    },
    {
        "start":26.81159375,
        "end":27.60471875,
        "speaker":0,
        "text":"رسول الله رسول رسايل رسايل رسايل ر"
    },
    {
        "start":28.34721875,
        "end":32.97096875,
        "speaker":1,
        "text":"هانم بدء الاستوديو ولا هنحاول نبعتلهم الحاجات لغاية عندهم حسب ما ⁇ "
    }
]