[
    {
        "start":0.03096875,
        "end":1.66784375,
        "speaker":0,
        "text":"بعد اللي حقهولك ده يعني حقهولك ده ⁇ "
    },
    {
        "start":2.24159375,
        "end":2.89971875,
        "speaker":0,
        "text":"فريقه إي إي إي إي إي إي"
    },
    {
        "start":4.35096875,
        "end":5.26221875,
        "speaker":0,
        "text":"عسكري ⁇ "
    },
    {
        "start":6.81471875,
        "end":8.36721875,
        "speaker":0,
        "text":"أطلع روحي أنا روحي روحي ⁇ "
    },
    {
        "start":9.91971875,
        "end":11.06721875,
        "speaker":0,
        "text":"هخليكي تفكر في إيه هخليكي تفكر في إيه هخليك تفكر فيه إيه"
    },
    {
        "start":18.74534375,
        "end":19.79159375,
        "speaker":0,
        "text":"وقولت حاجه ⁇ "
    },
    {
        "start":20.98971875,
        "end":23.35221875,
        "speaker":0,
        "text":"و لا أعظم من كده إيه عملتيه إزاي دي <fil> عملتيها إزاي ⁇ "
    },
    {
        "start":23.95971875,
        "end":26.45721875,
        "speaker":0,
        "text":"<fil> <fil> <fil> <fil> <fil> <fil> اللي إنتي عملتي ده عملتي إزاي ⁇ "
    },
    {
        "start":24.49971875,
        "end":24.97221875,
        "speaker":1,
        "text":"وح اللي اللي اللي اللي اللي اللي اللي اللي اللي اللي"
    },
    {
        "start":27.36846875,
        "end":30.32159375,
        "speaker":0,
        "text":"الحمد لله الحمد لله الحمد لله الحمد لله الحمد لله الحمد لله يعني ⁇ "
    },
    {
        "start":28.58346875,
        "end":28.97159375,
        "speaker":1,
        "text":"مامته مامته ما"
    },
    {
        "start":31.19909375,
        "end":34.97909375,
        "speaker":0,
        "text":"<fil> <fil> <fil> <fil> <fil> <fil> <fil> <fil> <fil> <fil> <fil> ⁇ "
    },
    {
        "start":32.93721875,
        "end":33.02159375,
        "speaker":1,
        "text":""
    },
    {
        "start":33.03846875,
        "end":33.12284375,
        "speaker":1,
        "text":""
    },
    {
        "start":35.85659375,
        "end":36.27846875,
        "speaker":0,
        "text":"طبعا <fil> ⁇ "
    },
    {
        "start":35.97471875,
        "end":36.19409375,
        "speaker":1,
        "text":"و و و و و"
    },
    {
        "start":37.15596875,
        "end":40.42971875,
        "speaker":0,
        "text":"<fil> <fil> <fil> <fil> <fil> ⁇ "
    },
    {
        "start":37.17284375,
        "end":38.60721875,
        "speaker":1,
        "text":"<fil> <fil> <fil> ⁇ "
    },
    {
        "start":40.76721875,
        "end":41.86409375,
        "speaker":0,
        "text":"مبتأمش ⁇ "
    },
    {
        "start":42.60659375,
        "end":43.63596875,
        "speaker":0,
        "text":"مني عملي ⁇ "
    },
    {
        "start":43.70346875,
        "end":45.71159375,
        "speaker":0,
        "text":"<fil> <fil> <fil> <fil> <fil> <fil> ⁇ "
    },
    {
        "start":43.92284375,
        "end":45.55971875,
        "speaker":1,
        "text":"<fil> <fil> <fil> <fil> <fil> <fil> ⁇ "
    },
    {
        "start":46.18409375,
        "end":51.26346875,
        "speaker":0,
        "text":"لأ و شوفت اللي اتحولت من الضحك بتاع فظيعه ⁇ "
    },
    {
        "start":49.33971875,
        "end":50.82471875,
        "speaker":1,
        "text":"<fil> <fil> <fil> <fil> <fil> <fil> "
    },
    {
        "start":51.55034375,
        "end":60.46034375,
        "speaker":0,
        "text":"و الله أنا شايفه إن في الميسر و بتاع العمل ده كله الحقيقه هو ⁇ "
    },
    {
        "start":51.60096875,
        "end":52.12409375,
        "speaker":1,
        "text":"جن من اللحننننننن"
    },
    {
        "start":55.06034375,
        "end":55.14471875,
        "speaker":1,
        "text":""
    },
    {
        "start":61.13534375,
        "end":69.11721875,
        "speaker":0,
        "text":"لأن هو عامل حاجه بجد حلو أوي يعني أنا كنت أجي أنا مشهد أقوله ⁇ "
    },
    {
        "start":62.53596875,
        "end":63.54846875,
        "speaker":1,
        "text":"<fil> ⁇ "
    },
    {
        "start":69.37034375,
        "end":70.97346875,
        "speaker":0,
        "text":"و ممكن أعرف إنت جبت كلام ده جبت كلام من ضمن جبت كلام ميعرف إنت جبت كلام من ده جبت كلام ده جبت كلام من بيه جبت كلام"
    }
]