[
    {
        "start":0.03096875,
        "end":0.41909375,
        "speaker":0,
        "text":"و ⁇ "
    },
    {
        "start":0.79034375,
        "end":8.62034375,
        "speaker":0,
        "text":"جدا إم يعني مش عايزه مننا غير إن إحنا نترجمد ده نتنياهو لا أنا حصل في المشهد ده إنتي استفزتيها أوي يعني ⁇ "
    },
    {
        "start":1.80284375,
        "end":2.41034375,
        "speaker":1,
        "text":"يعني مش مش يعني مش مش مش مش مش مش مش مش مش مش مش"
    },
    {
        "start":5.36346875,
        "end":5.90346875,
        "speaker":1,
        "text":"لأن حصان حصان حصان حصان"
    },
    {
        "start":9.04221875,
        "end":19.58909375,
        "speaker":0,
        "text":"<fil> <fil> <fil> أنا قصدت إن أنا بشكل أبقى كمان مستفز بجد أه ⁇ "
    },
    {
        "start":9.16034375,
        "end":10.34159375,
        "speaker":1,
        "text":"الهدف منها من من من من من من من من من من من من من من من من من من من من من من من"
    },
    {
        "start":10.37534375,
        "end":10.39221875,
        "speaker":1,
        "text":""
    },
    {
        "start":20.24721875,
        "end":22.60971875,
        "speaker":0,
        "text":"لأن لأن هي شخصيه هتتكرم ⁇ "
    },
    {
        "start":24.17909375,
        "end":34.92846875,
        "speaker":0,
        "text":"محدش هيتعاطف معاها باي باي باي باي باي باي باي باي باي باي باي باي باي باي باي ⁇ "
    },
    {
        "start":26.96346875,
        "end":32.70096875,
        "speaker":1,
        "text":"<fil> <fil> <fil> <fil> <fil> <fil> <fil> <fil> <fil> ⁇ "
    },
    {
        "start":36.12659375,
        "end":55.76909375,
        "speaker":0,
        "text":"يعني هي كان عندها هدف بس هي في الآخر حب و سابت كل حاجه و إتنزلت وقالتله أنا موافق على كل حاجه و أنا راضيه بكل حاجه هو أنا يعني يعني هو في جانب إنساني بس الناس متعاطفتش معاه خصوصا ⁇ "
    },
    {
        "start":54.19971875,
        "end":54.58784375,
        "speaker":1,
        "text":"طب ب ب ب ب ب ب ب ب"
    },
    {
        "start":54.73971875,
        "end":55.19534375,
        "speaker":1,
        "text":"أو مش شوي مش شوي مش شوي مش"
    },
    {
        "start":55.87034375,
        "end":82.97159375,
        "speaker":0,
        "text":"يعني مش يقولولي يا خطفت رجاله خرجت البيوت يعني الناس مصدقه ما هو ده معناه إن إنتي قعدتي طبعا ⁇ "
    },
    {
        "start":58.24971875,
        "end":59.02596875,
        "speaker":1,
        "text":"يعني مش اللغه اللغه اللغه اللغه ال"
    },
    {
        "start":61.91159375,
        "end":62.43471875,
        "speaker":1,
        "text":"و ابتدتوا تتنقلت ⁇ "
    },
    {
        "start":65.37096875,
        "end":66.87284375,
        "speaker":1,
        "text":"<fil> <fil> <fil> <fil> <fil> <fil> "
    },
    {
        "start":68.42534375,
        "end":70.06221875,
        "speaker":1,
        "text":"عاشت بتضايق يعني هي من مدينه يعني هي من من هي من من هي من من هي من من هي من من هي من من هي من من هي من من هي من من"
    },
    {
        "start":71.86784375,
        "end":72.35721875,
        "speaker":1,
        "text":"زيزويه زيه زيزو زيزو"
    },
    {
        "start":73.79159375,
        "end":74.55096875,
        "speaker":1,
        "text":"<fil> <fil> <fil> "
    },
    {
        "start":74.88846875,
        "end":75.37784375,
        "speaker":1,
        "text":"واه ⁇ "
    },
    {
        "start":80.52471875,
        "end":80.89596875,
        "speaker":1,
        "text":"عنه ي ي ي ي ي ي ي"
    }
]