[
    {
        "start":0.03096875,
        "end":0.72284375,
        "speaker":0,
        "text":"<fil> <fil> <fil"
    },
    {
        "start":1.65096875,
        "end":3.13596875,
        "speaker":0,
        "text":"حالة حب بدليل إنه ⁇ "
    },
    {
        "start":3.76034375,
        "end":12.14721875,
        "speaker":0,
        "text":"اللحظه الوحيده اللي قاسي عليها فيها هي ملقيتش حاجه وده بتعلم الممثل الطبيعي ده اللي هو ممكن ميبقاش مكتوب ⁇ "
    },
    {
        "start":12.21471875,
        "end":12.90659375,
        "speaker":1,
        "text":"ملقيتكيش ملقيتش كيس كيك كي"
    },
    {
        "start":12.48471875,
        "end":13.64909375,
        "speaker":0,
        "text":"ملقيتش حاجه تقولها ⁇ "
    },
    {
        "start":14.74596875,
        "end":15.35346875,
        "speaker":0,
        "text":"داود ⁇ "
    },
    {
        "start":16.29846875,
        "end":17.95221875,
        "speaker":0,
        "text":"بهله قياده الوكاله ⁇ "
    },
    {
        "start":17.59784375,
        "end":17.88471875,
        "speaker":1,
        "text":"و و و و و و و"
    },
    {
        "start":17.95221875,
        "end":17.98596875,
        "speaker":1,
        "text":""
    },
    {
        "start":17.98596875,
        "end":18.01971875,
        "speaker":0,
        "text":""
    },
    {
        "start":18.05346875,
        "end":21.83346875,
        "speaker":0,
        "text":"رغم مقصوته اللي سابها و هي يقولها أي كلمه تانيه هتطلع ⁇ "
    },
    {
        "start":23.55471875,
        "end":23.97659375,
        "speaker":0,
        "text":"هي يا إيمي إيمي"
    }
]