[
    {
        "start":0.03096875,
        "end":1.26284375,
        "speaker":0,
        "text":"من اللي في رجلي دلوقتي ⁇ "
    },
    {
        "start":1.53284375,
        "end":4.48596875,
        "speaker":1,
        "text":"<fil> <fil> <fil> <fil> <fil> <fil> <fil> <fil> <fil> <fil> <fil> <fil> <"
    },
    {
        "start":4.28346875,
        "end":5.46471875,
        "speaker":0,
        "text":"أنتي أوسخ منيكي أوسخ مني ⁇ "
    },
    {
        "start":6.32534375,
        "end":8.09721875,
        "speaker":0,
        "text":"تقدري تقوليلي كنتي مريضه عهد مرجوعه عهد مرجوعه عهد مرجوعه عهد مرجوعه أه أه"
    }
]