[
    {
        "start":0.13221875,
        "end":5.73471875,
        "speaker":1,
        "text":"يبقى مبسوط بجد أوي من قلبه إن إحنا في الحقيقه بره المشاهد إحنا قاعدين مع بعض مندمجين ⁇ "
    },
    {
        "start":5.73471875,
        "end":6.00471875,
        "speaker":0,
        "text":"نا نائب نا"
    },
    {
        "start":6.00471875,
        "end":15.97784375,
        "speaker":1,
        "text":"<fil> الحمد لله كانت عيله ومتراته جدا في الحقيقه إن شاء الله و كنا كل حاجه طالعه إن أنا حقيقيه و مصدقينها جدا جدا لأن إحنا كنا عايشين حقيقه و كنا كل حاجه طالعه إن أنا حقيقيه و مصدقينها جدا جدا لأن إحنا كنا عايشين حقيقه و كنا كل حاجه طالعه إن أنا حقيقيه و مصدقينها جدا جدا لأن إحنا كنا عايشين حقيقيين حقيقه و كنا كل حاجه طالعه إن أنا حقيقيه و مصدقينها جدا جدا لأن إحنا كنا عايشين حقيقه و كنا كل حاجه طالعه إن أنا حقيقيه و مصدقينها جدا جدا لأن إحنا كنا عايشين حقيقيين حقيقه و كنا كل حاجه طالعه إن أنا حقيقيه و مصدقينها جدا جدا لأن إحنا كنا عايشين حقيقيين حقيقه و كنا كل حاجه طالعه إن أنا حقيقيه و مصدقينها جدا جدا لأن إحنا كنا عايشين حقيقه ⁇ "
    },
    {
        "start":9.04221875,
        "end":9.85221875,
        "speaker":0,
        "text":"إن شاء الله أقوى قوة الله سبحانه وتعالى"
    }
]