[
    {
        "start":0.03096875,
        "end":5.95409375,
        "speaker":0,
        "text":"<fil> <fil> <fil> <fil> <fil> <fil> <fil> <fil> <fil> <fil> <fil> <fil> <fil> <fil> ⁇ "
    },
    {
        "start":4.13159375,
        "end":4.40159375,
        "speaker":1,
        "text":"رد رر رر ر"
    },
    {
        "start":6.05534375,
        "end":10.54409375,
        "speaker":0,
        "text":"وعايزه أقولك إن كان في سيك والرجاله تحفه حلوه جدا ⁇ "
    },
    {
        "start":6.22409375,
        "end":6.51096875,
        "speaker":1,
        "text":"وايير واي"
    },
    {
        "start":10.69596875,
        "end":12.09659375,
        "speaker":0,
        "text":"حسيتي ورينا على طول حلو أوي منين من ال من ال من ال من ال من اليوتيوب ورينا على طول حلو منين"
    },
    {
        "start":12.65346875,
        "end":42.35346875,
        "speaker":0,
        "text":"أيوه فقولتلها لأ لأ لأ لأ لأ أنا مكملتش لأ لأ لأ أنا بكلمك كده بعيد المشاور اللي بعديها كتير أه فإطمنا وجعتني لازم أنا ⁇ "
    },
    {
        "start":12.80534375,
        "end":16.24784375,
        "speaker":1,
        "text":"<fil> <fil> <fil> <fil> <fil> <fil> <fil> <fil> <fil> <fil> <fil> <fil> <fil> <fil> <"
    },
    {
        "start":16.73721875,
        "end":18.82971875,
        "speaker":1,
        "text":"ربنا يخليك أنا كل تفاصيلها أنا بكلمك يا أستاذه ياسمين أنا كل تفاصيلها تتنازل عنها تفكيرها ⁇ "
    },
    {
        "start":20.02784375,
        "end":20.68596875,
        "speaker":1,
        "text":"وبعتذر بعد كده و بعدت تبعت تبعت"
    },
    {
        "start":22.64346875,
        "end":28.09409375,
        "speaker":1,
        "text":"<fil> <fil> <fil> <fil> <fil> <fil> <fil> <fil> ⁇ "
    },
    {
        "start":35.87346875,
        "end":39.09659375,
        "speaker":1,
        "text":"بس مش الزاويه اللي إنتي هتاكله ليك تاكلي تصوري حضرتك ⁇ "
    },
    {
        "start":41.59409375,
        "end":41.72909375,
        "speaker":1,
        "text":""
    },
    {
        "start":42.92721875,
        "end":49.18784375,
        "speaker":0,
        "text":"<fil> <fil> <fil> <fil> <fil> <fil> <fil> <fil> <fil> <fil> <fil> <fil> <fil> <fil> <fil> ⁇ "
    },
    {
        "start":44.07471875,
        "end":44.10846875,
        "speaker":1,
        "text":""
    },
    {
        "start":44.20971875,
        "end":45.47534375,
        "speaker":1,
        "text":"<fil> <fil> <fil> <fil> <fil> أنا"
    },
    {
        "start":49.76159375,
        "end":53.52471875,
        "speaker":0,
        "text":"<fil> <fil> ⁇ "
    },
    {
        "start":50.82471875,
        "end":51.09471875,
        "speaker":1,
        "text":"صاصاصاص"
    },
    {
        "start":51.87096875,
        "end":53.42346875,
        "speaker":1,
        "text":"وليه كده ⁇ "
    },
    {
        "start":54.13221875,
        "end":70.63596875,
        "speaker":0,
        "text":"<fil> فبدأت برضو في الأول باكل خلاص عند الزاويه بتاعتي مش قادره خلاص بقالها أربع ساعات بني آدم <fil> فبدأت برضو في الأول باكل خلاص عند الزاويه بتاعتي مش قادره خلاص بقالها أربع ساعات بني آدم <fil> فبدأت برضو في الأول باكل خلاص عند الزاويه بتاعتي مش قادره خلاص بقالها أربع ساعات بني آدم <fil> فبدأت برضو في الأول باكل خلاص عند الزاويه بتاعتي مش قادره خلاص بقالها أربع ساعات بني آدم <fil> ⁇ "
    },
    {
        "start":54.43596875,
        "end":58.45221875,
        "speaker":1,
        "text":"<fil> <fil> <fil> <fil> <fil> <fil> <fil> <fil> <fil> <fil> <fil> <fil> <fil> <fil> <fil> <fil> <fi"
    },
    {
        "start":63.43034375,
        "end":65.03346875,
        "speaker":1,
        "text":"الأربع ساعات بنطلب في سي بي سي سي سي سي سي سي سي سي سي سي سي سي سي سي سي سي سي سي سي سي سي سي سي سي سي سي سي سي سي سي سي"
    },
    {
        "start":67.34534375,
        "end":69.08346875,
        "speaker":1,
        "text":"<fil> <fil> <fil> <fil> <fil> <fil> <fil> بي"
    },
    {
        "start":70.80471875,
        "end":76.93034375,
        "speaker":0,
        "text":"<fil> <fil> <fil> <fil> <fil> لا لا لا لا لا لا لا لا لا لا لا لا لا لا لا لا لا لا لا لا لا لا لا لا لا لا لا لا لا لا لا لا لا لا لا لا لا لا لا لا لا لا لأ ⁇ "
    },
    {
        "start":70.95659375,
        "end":71.31096875,
        "speaker":1,
        "text":"فانت تنفذت ت"
    },
    {
        "start":71.71596875,
        "end":73.15034375,
        "speaker":1,
        "text":"خالة عنا تعالوا نتخانق معامله ⁇ "
    },
    {
        "start":74.50034375,
        "end":74.70284375,
        "speaker":1,
        "text":"مش بهدد"
    },
    {
        "start":74.92221875,
        "end":76.49159375,
        "speaker":1,
        "text":"<fil> <fil> <fil> <fil> <fil> <fil> <f"
    },
    {
        "start":77.09909375,
        "end":88.48971875,
        "speaker":0,
        "text":"<fil> <fil> <fil> <fil> <fil> <fil> <fil> <fil> <fil> ⁇ "
    },
    {
        "start":77.58846875,
        "end":78.01034375,
        "speaker":1,
        "text":"كيكه كيك كي و"
    },
    {
        "start":78.85409375,
        "end":81.33471875,
        "speaker":1,
        "text":"<fil> <fil> <fil> <fil> <fil> <fil> <fil> <fil> <fil> <fil> ⁇ "
    },
    {
        "start":84.22034375,
        "end":86.04284375,
        "speaker":1,
        "text":"اللي إنت أقوله في إيد حد في الفكر كاريك كاريك كاريك كاريك كاريك كارت كارت كارت كارت كار"
    },
    {
        "start":88.77659375,
        "end":93.87284375,
        "speaker":0,
        "text":"الجراني اللي كانوا حوالين الجيران الحقيقي إم ⁇ "
    },
    {
        "start":90.95346875,
        "end":93.58596875,
        "speaker":1,
        "text":"<fil> <fil> <fil> <fil> <fil> <fil> <fil> <fil> <fil> <fil> <fil>"
    },
    {
        "start":94.26096875,
        "end":104.25096875,
        "speaker":0,
        "text":"<fil> <fil> <fil> <fil> <fil> <fil> <fil> <fil> <fil> <fil> <fil> <fil> <fil> <fil> <fil> <fil> <fil> ⁇ "
    },
    {
        "start":94.59846875,
        "end":96.60659375,
        "speaker":1,
        "text":"<fil> <fil> <fil> ⁇ "
    },
    {
        "start":98.47971875,
        "end":98.61471875,
        "speaker":1,
        "text":""
    },
    {
        "start":99.39096875,
        "end":99.89721875,
        "speaker":1,
        "text":"و و و و و و و و و و و و"
    },
    {
        "start":103.06971875,
        "end":103.89659375,
        "speaker":1,
        "text":"فريد شوقي فليه شور فلسطين فليلش"
    },
    {
        "start":104.62221875,
        "end":106.46159375,
        "speaker":0,
        "text":"رجعينه هنا ده في المكالمه دي ⁇ "
    },
    {
        "start":104.67284375,
        "end":105.16221875,
        "speaker":1,
        "text":"بعينه بعينه بعينه"
    },
    {
        "start":105.98909375,
        "end":106.22534375,
        "speaker":1,
        "text":"و ي و و ي و"
    },
    {
        "start":106.52909375,
        "end":115.86096875,
        "speaker":0,
        "text":"<fil> <fil> <fil> <fil> <fil> <fil> <fil> <fil> ⁇ "
    },
    {
        "start":107.27159375,
        "end":107.49096875,
        "speaker":1,
        "text":"إسمه وتسع"
    },
    {
        "start":108.18284375,
        "end":110.91659375,
        "speaker":1,
        "text":"<fil> <fil> <fil> <fil> <fil> <fil> <fil> <fil> <fil> <fil> <fil> ⁇ "
    },
    {
        "start":113.00909375,
        "end":115.28721875,
        "speaker":1,
        "text":"<fil> <fil> <fil> <fil> <fil> <fil> <fil> <fil> <fil> <f"
    },
    {
        "start":116.02971875,
        "end":117.41346875,
        "speaker":0,
        "text":"حضرتك مشهد ⁇ "
    },
    {
        "start":118.56096875,
        "end":120.43409375,
        "speaker":0,
        "text":"بيقول زيرو رجل مبلغ ⁇ "
    },
    {
        "start":120.53534375,
        "end":120.55221875,
        "speaker":0,
        "text":""
    },
    {
        "start":120.58596875,
        "end":125.78346875,
        "speaker":0,
        "text":"<fil> أدوروا على مشهد قصير <fil> <fil> <fil> <fil> <fil> <fil> <fil> <fil> <fil> ⁇ "
    },
    {
        "start":123.77534375,
        "end":124.28159375,
        "speaker":1,
        "text":"نور في الدور فين فين فين في"
    },
    {
        "start":126.52596875,
        "end":127.20096875,
        "speaker":0,
        "text":"وعندي وعندي وعندي وعندي بي"
    },
    {
        "start":127.58909375,
        "end":128.56784375,
        "speaker":0,
        "text":"أحلى على فكره ها ها على فكره ها ها على فكره ها ها على فكره "
    },
    {
        "start":129.04034375,
        "end":130.33971875,
        "speaker":0,
        "text":"حبيتي بس دي عجبانيلي يعجبانيلي يعجبانيلي يعجبانيلي يعجب"
    },
    {
        "start":130.72784375,
        "end":132.49971875,
        "speaker":0,
        "text":"<fil> <fil> <fil> <fil> <fil> <fil> <fil> ات"
    },
    {
        "start":133.27596875,
        "end":133.93409375,
        "speaker":0,
        "text":"بدرايه بدرايه بدرايه بدرايه"
    }
]