[
    {
        "start":0.03096875,
        "end":5.68409375,
        "speaker":0,
        "text":"بلاقي الناس متضايقه و إنتو لازم طالعها وتلاقي في مساشاتكم ممتازه كتير جدا في القياده بلاقي ناس مضايقه وانتو لازم صلاحها وتلاقي في مساكاتكم ملتزمات كتير جدا فين فين فين فين فين فين فين فين فين فين فين فين فين فين فين فين فين فين فين فين فين فين فين فين فين فين فين فين فين فين فين فين فين فين فين فين فين فين فين"
    },
    {
        "start":5.48159375,
        "end":6.88221875,
        "speaker":2,
        "text":"ناس هتتخانق مع بعض ⁇ "
    },
    {
        "start":7.37159375,
        "end":15.85971875,
        "speaker":2,
        "text":"<fil> <fil> <fil> <fil> <fil> <fil> <fil> <fil> <fil> <fil> <fil> <fil> <fil> <fil> <fil> <fil> <fil> <fil> <fil> <fil> <fil> <fil> <fil> ⁇ "
    },
    {
        "start":10.12221875,
        "end":11.20221875,
        "speaker":0,
        "text":"إيه يا معلش يا معلش يا معلش يا معلش يا معلش يا معلش يا مع"
    },
    {
        "start":13.98659375,
        "end":14.89784375,
        "speaker":0,
        "text":"خدي تنجي ترجي تنجي ترجي تنجي تنج"
    },
    {
        "start":15.77534375,
        "end":25.30971875,
        "speaker":0,
        "text":"يعني تلاقينا متخانق الناس بتتخانق معانا بنحب الناس بتحب معانا يعني لحظة مثلا مكتبة زعلها و الجايه صالحه ⁇ "
    },
    {
        "start":25.30971875,
        "end":27.26721875,
        "speaker":2,
        "text":"معلتها عشان مش عايزه تشتغل ⁇ "
    },
    {
        "start":27.26721875,
        "end":30.82784375,
        "speaker":0,
        "text":"<fil> <fil> <fil> <fil> <fil> <fil> ⁇ "
    },
    {
        "start":27.70596875,
        "end":28.65096875,
        "speaker":2,
        "text":"جايبين كانوا مدين كانوا مدين كانوا مدين كانوا مدين"
    },
    {
        "start":28.65096875,
        "end":30.67596875,
        "speaker":3,
        "text":"صلى الله عليه وسلم عليه الصلاة والسلام عليه الصلاة والسلام عليه الصلاة والسلام عليه الصلاة والسلام ⁇ "
    },
    {
        "start":31.01346875,
        "end":41.99909375,
        "speaker":0,
        "text":"يعني عشان بس برضو رجاله رجاله كلهم كانوا متضايقين أوي يعني أه يوم البلدين ده موضوع يعني البنات كلها كانت شايفه إيه ده عايزين حد في طارق الرجاله كلهم كانوا متضايقين أوي يعني أه يوم البلدين ده موضوع يعني البنات كلها كانت شايفه إيه ده عايزين حد في طارق الرجاله كلهم كانوا متضايقين أوي يعني أه يوم البلدين ده موضوع يعني البنات كلها كانت شايفه إيه ده عايزين حد في طارق الرجاله كلهم كانوا متدين أوي يعني ⁇ "
    },
    {
        "start":31.13159375,
        "end":32.31284375,
        "speaker":2,
        "text":"عشان بس برضو جرض جارج جار جارج جار جارج جار جارج جار جارج ج"
    },
    {
        "start":34.87784375,
        "end":34.96221875,
        "speaker":1,
        "text":""
    },
    {
        "start":34.96221875,
        "end":35.63721875,
        "speaker":2,
        "text":"أنا هاخد إي إي ⁇ "
    },
    {
        "start":35.63721875,
        "end":35.72159375,
        "speaker":1,
        "text":""
    },
    {
        "start":42.01596875,
        "end":42.03284375,
        "speaker":0,
        "text":""
    },
    {
        "start":42.45471875,
        "end":42.64034375,
        "speaker":0,
        "text":"أستاذه جايه"
    },
    {
        "start":42.79221875,
        "end":43.61909375,
        "speaker":0,
        "text":"في نهاية قايمة في نهاية قايمة قنا"
    },
    {
        "start":44.34471875,
        "end":54.26721875,
        "speaker":0,
        "text":"<fil> <fil> <fil> <fil> <fil> <fil> <fil> ⁇ "
    },
    {
        "start":45.05346875,
        "end":45.12096875,
        "speaker":1,
        "text":""
    },
    {
        "start":54.58784375,
        "end":57.49034375,
        "speaker":0,
        "text":"هو عشان طارق برضو بني آدم في الأول في الاخر ⁇ "
    },
    {
        "start":57.70971875,
        "end":84.08534375,
        "speaker":0,
        "text":"مش مفيش إيجابيات ما فيش شخص هتلاقي عنده إيجابيات على طول إم طول الوقت هنتلاقي عندهم حياتك فإنتي لازم تقوليلي بحاجه زي كده متخليش موقف لوحدك وتبدأي تقري نفسك يعني أنا موجود معاكي عشان أنا لو هقرا حاجه هقولك عليها أه ⁇ "
    },
    {
        "start":62.19846875,
        "end":62.63721875,
        "speaker":2,
        "text":"كل اللي اللي اللي اللي اللي اللي اللي اللي اللي اللي"
    },
    {
        "start":64.15596875,
        "end":65.72534375,
        "speaker":2,
        "text":"<fil> <fil> <fil> <fil> <fil> <fil> <f"
    },
    {
        "start":84.20346875,
        "end":84.22034375,
        "speaker":0,
        "text":""
    },
    {
        "start":84.22034375,
        "end":84.43971875,
        "speaker":1,
        "text":"و و و و و"
    },
    {
        "start":84.43971875,
        "end":90.93659375,
        "speaker":0,
        "text":"جانب بقى ضغطوا مضغوط وينبين برضو إن الراجل أو قد بيتعصب و ميبقاش ⁇ "
    },
    {
        "start":84.47346875,
        "end":84.54096875,
        "speaker":1,
        "text":""
    },
    {
        "start":90.85221875,
        "end":91.64534375,
        "speaker":1,
        "text":"أحمد حائط حائط حائط حائط حائ"
    },
    {
        "start":91.64534375,
        "end":91.69596875,
        "speaker":0,
        "text":""
    },
    {
        "start":91.69596875,
        "end":99.25596875,
        "speaker":1,
        "text":"<fil> <fil> <fil> <fil> <fil> <fil> <fil> <fil> <fil> <fil> <fil> <fil> <fil> <fil> <fil> مش ممكن تاخد قرار من غير ما تخش ⁇ "
    },
    {
        "start":91.71284375,
        "end":93.02909375,
        "speaker":0,
        "text":"<fil> <fil> <fil> <fil> <fil> <f"
    },
    {
        "start":93.61971875,
        "end":93.70409375,
        "speaker":0,
        "text":""
    },
    {
        "start":93.70409375,
        "end":93.87284375,
        "speaker":2,
        "text":""
    },
    {
        "start":93.87284375,
        "end":94.02471875,
        "speaker":0,
        "text":""
    },
    {
        "start":94.02471875,
        "end":94.71659375,
        "speaker":2,
        "text":"<fil> <fil> <fil"
    },
    {
        "start":94.71659375,
        "end":95.30721875,
        "speaker":0,
        "text":"واقع واقع واقع واق"
    },
    {
        "start":98.42909375,
        "end":102.42846875,
        "speaker":2,
        "text":"ازاي كان ليها مبررينها برضو واحنا كده لا لا لا لا لا ⁇ "
    },
    {
        "start":100.47096875,
        "end":106.25909375,
        "speaker":1,
        "text":"<fil> <fil> <fil> <fil> <fil> <fil> <fil> <fil> <fil> <fil> <fil> <fil> <fil> <fil> <fil> <fil> <fil> ⁇ "
    },
    {
        "start":103.52534375,
        "end":103.54221875,
        "speaker":0,
        "text":""
    },
    {
        "start":103.54221875,
        "end":103.57596875,
        "speaker":2,
        "text":""
    },
    {
        "start":103.57596875,
        "end":103.60971875,
        "speaker":0,
        "text":""
    },
    {
        "start":103.60971875,
        "end":104.33534375,
        "speaker":2,
        "text":"معاكي تيك تايك كيك كيك كيك"
    },
    {
        "start":106.30971875,
        "end":111.60846875,
        "speaker":2,
        "text":"<fil> <fil> <fil> <fil> <fil> <fil> <fil> ⁇ "
    },
    {
        "start":107.03534375,
        "end":107.57534375,
        "speaker":1,
        "text":"أبيض أبيض أبيض أبيض أ"
    },
    {
        "start":107.57534375,
        "end":108.63846875,
        "speaker":0,
        "text":"<fil> يعني <fil> يعني <fil> يعني <fil"
    },
    {
        "start":109.81971875,
        "end":110.34284375,
        "speaker":1,
        "text":"دي دي كتير دي دي كتير دي كتير دي دي كتير دي دي"
    },
    {
        "start":110.34284375,
        "end":110.44409375,
        "speaker":0,
        "text":""
    },
    {
        "start":112.41846875,
        "end":119.87721875,
        "speaker":2,
        "text":"حبيته أوي و الأب المصري زي ما الكتاب بيقول عنده زوجه زي الفل و أولاد حلوين وبنوت على وش الجواز و بعدين بدأ ⁇ "
    },
    {
        "start":119.45534375,
        "end":119.48909375,
        "speaker":1,
        "text":""
    },
    {
        "start":119.50596875,
        "end":120.16409375,
        "speaker":1,
        "text":"من كيك كيكه ⁇ "
    },
    {
        "start":120.16409375,
        "end":123.48846875,
        "speaker":2,
        "text":"يلعب بديل أه أه بس أنا بذلت مجهود برضو أنا طريقته ⁇ "
    },
    {
        "start":120.94034375,
        "end":121.53096875,
        "speaker":1,
        "text":"بس هلاقي بس هسمعها بس هي بس هي"
    },
    {
        "start":123.48846875,
        "end":123.52221875,
        "speaker":3,
        "text":""
    },
    {
        "start":124.43346875,
        "end":124.45034375,
        "speaker":1,
        "text":""
    },
    {
        "start":124.45034375,
        "end":130.33971875,
        "speaker":2,
        "text":"<fil> <fil> <fil> <fil> <fil> <fil> <fil> <fil> <fil> <fil> <fil> <fil> <fil> <fil> <fil> <fil> <fil> <fil> <fil> <fil> <fil> ⁇ "
    },
    {
        "start":124.46721875,
        "end":131.60534375,
        "speaker":3,
        "text":"<fil> <fil> <fil> <fil> <fil> <fil> <fil> <fil> <fil> ⁇ "
    },
    {
        "start":130.33971875,
        "end":130.35659375,
        "speaker":1,
        "text":""
    },
    {
        "start":130.35659375,
        "end":130.96409375,
        "speaker":2,
        "text":"كده واقولك واقعكا واق"
    },
    {
        "start":130.96409375,
        "end":131.45346875,
        "speaker":1,
        "text":"لا لا لا لا لا لا لا لا لا لا لا لا"
    },
    {
        "start":131.94284375,
        "end":132.34784375,
        "speaker":3,
        "text":"ابتدت تتهيألي"
    },
    {
        "start":132.66846875,
        "end":158.33534375,
        "speaker":3,
        "text":"ال ال ال اللي بيقابلوني يقولولي هتعملي فيه إيه بس ليهم في حالهم حرام عليكي هي مش عارفه إيه الناس متعاطفه مع الموضوع بالطريقه أه عشان حبي عايشه الأحداث كأنها برجالها حاجه حقيقيه و أنا بجد ⁇ "
    },
    {
        "start":133.20846875,
        "end":133.24221875,
        "speaker":2,
        "text":""
    },
    {
        "start":133.24221875,
        "end":133.96784375,
        "speaker":1,
        "text":"و لخمسه و تسعين و تسعين قص"
    },
    {
        "start":133.96784375,
        "end":134.49096875,
        "speaker":2,
        "text":"يحيى يحيى يحيى ي"
    },
    {
        "start":134.49096875,
        "end":134.82846875,
        "speaker":0,
        "text":"سته وتسعتاشر"
    },
    {
        "start":134.82846875,
        "end":134.96346875,
        "speaker":1,
        "text":""
    },
    {
        "start":134.96346875,
        "end":136.24596875,
        "speaker":0,
        "text":"أنا الناس عايزه ناس ⁇ "
    },
    {
        "start":145.76346875,
        "end":146.64096875,
        "speaker":0,
        "text":"أه عشره عشره أه عشره عشره عشره أه عشره ع"
    },
    {
        "start":148.96971875,
        "end":149.03721875,
        "speaker":0,
        "text":""
    },
    {
        "start":149.03721875,
        "end":149.96534375,
        "speaker":1,
        "text":"حياتك حاجته حياتك حاك ⁇ "
    },
    {
        "start":150.35346875,
        "end":150.45471875,
        "speaker":0,
        "text":""
    },
    {
        "start":157.03596875,
        "end":158.57159375,
        "speaker":1,
        "text":"<fil> <fil> <fil> <fil> <fil> <fil> <"
    },
    {
        "start":158.82471875,
        "end":159.26346875,
        "speaker":3,
        "text":"في عيال عيال عيال ع"
    },
    {
        "start":159.09471875,
        "end":159.56721875,
        "speaker":1,
        "text":"القوات المسلحه ⁇ "
    },
    {
        "start":160.15784375,
        "end":187.96784375,
        "speaker":1,
        "text":"ما هو ده في متكلم عن ال ال البيت المصري الحقيقي بكل ما فيه الحلوه اللي فيه والممر اللي فيه ودي كانت شاطرة هاني الكاتب مع والبيت المصري الحقيقه بكل ما فيك الحلو اللي فيه والممر اللي فيه ودي كانت شاطرة هاني الكاتب مع والبيت المصري الحقيقي بكل ما فيه الحلوه اللي فيه والممر اللي فيه ودي كانت شاطرة هاني الكاتب مع والبيت المصري الحقيقه بكل ما فيك الحلو اللي فيه والممر اللي فيه ودي كانت شاطرة هانيلك ⁇ "
    },
    {
        "start":161.00159375,
        "end":165.67596875,
        "speaker":3,
        "text":"<fil> <fil> <fil> <fil> <fil> <fil> <fil> <fil> ⁇ "
    },
    {
        "start":166.28346875,
        "end":166.65471875,
        "speaker":0,
        "text":"دي إيمي إيمي"
    },
    {
        "start":167.76846875,
        "end":170.16471875,
        "speaker":0,
        "text":"موجوده في المتكلم عنه عن ⁇ "
    },
    {
        "start":185.70659375,
        "end":186.19596875,
        "speaker":0,
        "text":"شابب حاببها يا شاببب"
    },
    {
        "start":186.63471875,
        "end":187.34346875,
        "speaker":0,
        "text":"و كانوا كان من كان من كان من كان من كان من كان من كان من"
    }
]