[
    {
        "start":0.03096875,
        "end":2.61284375,
        "speaker":0,
        "text":"حضرتك ساعتين جدا جدا جدا ⁇ "
    },
    {
        "start":1.02659375,
        "end":1.41471875,
        "speaker":1,
        "text":"جدا جدا جدا جدا جدا جدا جدا جدا جدا"
    },
    {
        "start":3.35534375,
        "end":14.02034375,
        "speaker":0,
        "text":"يعني إنتي دخلتي في التفاصيل بتاعت الشنطه الهدفول طريقة القصوف هل دخلتي في التفاصيل دي يا داليا و لا إيه ⁇ "
    },
    {
        "start":15.58971875,
        "end":23.06534375,
        "speaker":1,
        "text":"اللي أنا عملته إن أنا أعرفهم على مجموعه من ال الأولاد اللي عندي في السرطان ⁇ "
    },
    {
        "start":23.67284375,
        "end":29.52846875,
        "speaker":1,
        "text":"<fil> يعني كم حاسس إن هما في الآخر هناقه عبد الله إن هو اللي هيقع من الدور ⁇ "
    },
    {
        "start":29.61284375,
        "end":34.92846875,
        "speaker":1,
        "text":"فخليك أكل عبد الله هيبقى اخر واحد يشوفوه عشان إحنا اتعلموا من كل اللي قبليه ⁇ "
    },
    {
        "start":34.92846875,
        "end":35.46846875,
        "speaker":0,
        "text":"إم ⁇ "
    },
    {
        "start":35.94096875,
        "end":38.62409375,
        "speaker":1,
        "text":"<fil> <fil> <fil> ⁇ "
    },
    {
        "start":39.65346875,
        "end":50.94284375,
        "speaker":1,
        "text":"<fil> لبس الشنطه ماسكه الشنطه بنفس الطريقه اللي نتين بيمسكها بيكثف لنفس الطريقه يعني ⁇ "
    },
    {
        "start":50.43659375,
        "end":50.75721875,
        "speaker":0,
        "text":"طر يقي يحيي"
    },
    {
        "start":50.95971875,
        "end":51.02721875,
        "speaker":1,
        "text":""
    },
    {
        "start":51.04409375,
        "end":57.03471875,
        "speaker":1,
        "text":"<fil> <fil> <fil> <fil> <fil> <fil> <fil> <fil> <fil> ⁇ "
    },
    {
        "start":58.18221875,
        "end":73.99409375,
        "speaker":0,
        "text":"بالإحساس إن هما جزء من هذا المجتمع يوم كان التعامل معاهم بل بالعكس ممكن يكونوا أفضل من العادي ⁇ "
    },
    {
        "start":75.41159375,
        "end":80.92971875,
        "speaker":1,
        "text":"<fil> <fil> <fil> <fil> <fil> <fil> <fil> <fil> <fil> ملات التوعيه ⁇ "
    },
    {
        "start":82.16159375,
        "end":90.85221875,
        "speaker":1,
        "text":"إنما هما عملوا حاجه أنا لو فضلت كمان مية مليون أنا مش هعرف أعملها ده لأن هما دخلوا التوحد أو ⁇ "
    },
    {
        "start":91.08846875,
        "end":91.69596875,
        "speaker":1,
        "text":"أبيض ⁇ "
    },
    {
        "start":92.21909375,
        "end":93.07971875,
        "speaker":1,
        "text":" ⁇ "
    },
    {
        "start":93.50159375,
        "end":95.39159375,
        "speaker":1,
        "text":"شخص الوطن العربي ⁇ "
    },
    {
        "start":95.96534375,
        "end":103.13721875,
        "speaker":1,
        "text":"بالظبط يعني أنا مهما عارف توصل للناس مثلا حد واقف كام عصره ازاي ⁇ "
    },
    {
        "start":103.40721875,
        "end":103.82909375,
        "speaker":0,
        "text":"إم أهي أهو إمي أهو إم"
    },
    {
        "start":105.01034375,
        "end":109.43159375,
        "speaker":1,
        "text":"دي أول الناس تروح الفن رهيب رهيبه رهيب رهيبه جدا رهيب رهيب ⁇ "
    },
    {
        "start":110.46096875,
        "end":120.40034375,
        "speaker":1,
        "text":"كون إن طاهره قدر يقدم الدور بالشكل ده يعني أنا يعني شايفه نفسي برضه بشمالية كتير جدا بشتغل في المجال ده عن يرضع يبقى يبقي ⁇ "
    },
    {
        "start":114.15659375,
        "end":114.24096875,
        "speaker":0,
        "text":""
    },
    {
        "start":114.27471875,
        "end":114.40971875,
        "speaker":0,
        "text":""
    },
    {
        "start":120.40034375,
        "end":126.99846875,
        "speaker":0,
        "text":"<fil> <fil> <fil> ⁇ "
    },
    {
        "start":123.53909375,
        "end":126.44159375,
        "speaker":1,
        "text":"لا لا لا لا لا لا لا لا لا لا لا لا لا لا لا لا لا لا لا لا لا لا لا لا لا لا لا ما اتعودت أه أه كتير اتعودت أه كتير ⁇ "
    },
    {
        "start":127.26846875,
        "end":129.02346875,
        "speaker":1,
        "text":"مش المخوضه عاليه ⁇ "
    },
    {
        "start":129.56346875,
        "end":130.62659375,
        "speaker":1,
        "text":"كلمني عن ⁇ "
    },
    {
        "start":131.14971875,
        "end":134.10284375,
        "speaker":1,
        "text":"متخيله أداءه بالنسبالي كان عظيم ⁇ "
    },
    {
        "start":131.79096875,
        "end":132.46596875,
        "speaker":0,
        "text":"نا أداءه وانا أداءه من أداءه"
    },
    {
        "start":135.11534375,
        "end":151.09596875,
        "speaker":0,
        "text":"ههههههههههههههههههههههههههههههههههههههههههههههههههههههههههههههههههههههههههههههههههههههههههههههههههههههههههههههههههههههههههههههههههههههههههههههههههههههههههههههههههههههههههههههههههههههههههههههههههههههههههههههههههههههههههههههههههههههههههههههههههههههههههههههههههههههههههههههههههههههههههههههههههههههههههههههههههههههههههههههههههههههههههههههههههههههههههههههههههههههههههههههههههههههههههههههههههههههههههههههه"
    },
    {
        "start":145.54409375,
        "end":145.66221875,
        "speaker":1,
        "text":""
    },
    {
        "start":152.02409375,
        "end":155.97284375,
        "speaker":0,
        "text":"يعني بس أنا لازم أقولكوا كمان إنتو <fil> يعني بس أنا لازم أقولكوا كمان إنتو ⁇ "
    }
]