[
    {
        "start":0.03096875,
        "end":3.54096875,
        "speaker":1,
        "text":"ده نوصل رساله للناس و لا التحدث اللي إحنا بنقابلوا كل يوم ⁇ "
    },
    {
        "start":2.76471875,
        "end":3.13596875,
        "speaker":0,
        "text":"كل ده كل ده كل ده كل ده كل"
    },
    {
        "start":3.97971875,
        "end":4.75596875,
        "speaker":1,
        "text":"<fil> <fil> <fil> "
    },
    {
        "start":4.04721875,
        "end":20.97284375,
        "speaker":0,
        "text":"و هنا الإنتاج مع طارق الجنين يطارق الحقيقه منتج ممتاز ودايما عنده عين فاقبه في اختيار المواضيع وأنا بحي يعني هو عامل الحريفه وعمل مسلسل الحلقه خاصه يعني هي طارق عنده دايما اختيارات مهمه ⁇ "
    },
    {
        "start":10.05471875,
        "end":10.51034375,
        "speaker":1,
        "text":"و ده يي ي ي ي ي ي ي ي"
    },
    {
        "start":17.09159375,
        "end":18.12096875,
        "speaker":1,
        "text":"مسلسل الحلقه القياده القاده القاده القاده القاده القاده القاده الق"
    }
]