[
    {
        "start":0.03096875,
        "end":5.59971875,
        "speaker":0,
        "text":"دلوقتي بس إحنا بقالنا ويديل قعد أقعد الدراما وليها دعوه باللي بيحصل أنا اتناشر سنه ⁇ "
    },
    {
        "start":6.07221875,
        "end":10.56096875,
        "speaker":0,
        "text":"بنصدر فكرة إن في حاجات كتير مش موجوده في حياتنا حب ⁇ "
    },
    {
        "start":11.67471875,
        "end":14.03721875,
        "speaker":0,
        "text":"اللي إنتي تنسي وتختريه وتسمحي ⁇ "
    },
    {
        "start":14.05409375,
        "end":14.08784375,
        "speaker":0,
        "text":""
    },
    {
        "start":14.71221875,
        "end":32.34659375,
        "speaker":0,
        "text":"في حاجات باقينا حطينا حطينا و حطناها كده إن الراجل ده شكل لا لا لا لا لا هو إحنا اللي عملته كده ولا الدنيا و لأ و العصر اللي إحنا هقولك <fil> لا إحنا اللي عملنا كده بس إحنا مين ⁇ "
    },
    {
        "start":18.18846875,
        "end":20.85471875,
        "speaker":1,
        "text":"أشك لون السيكات المياه شكله و أنا هو اللي هو شكلي و أنا هو <fil> <fil> <fil> <fil> <fil> <fil> <fil>"
    },
    {
        "start":21.10784375,
        "end":21.32721875,
        "speaker":1,
        "text":"ودهدهدهده"
    },
    {
        "start":23.20034375,
        "end":23.87534375,
        "speaker":1,
        "text":"و العفو الععا والعاص والعراق والع"
    },
    {
        "start":24.07784375,
        "end":26.49096875,
        "speaker":1,
        "text":"<fil> <fil> <fil> <fil> <fil> <fil> <fil> <fil> <fil> <fil>"
    },
    {
        "start":27.13221875,
        "end":27.43596875,
        "speaker":1,
        "text":"لأ لأ لأ لأ لأ لأ لأ"
    },
    {
        "start":32.68409375,
        "end":38.64096875,
        "speaker":0,
        "text":"أنا بشوف إن مش إحنا كماثه بالتنوريين اللي هما كانوا يصدرولنا ⁇ "
    },
    {
        "start":39.53534375,
        "end":46.53846875,
        "speaker":0,
        "text":"الصح أو مش صح العلاج للأمودي أو بيقولولنا اللي لسه في أن الفكره أبو العروسه ⁇ "
    },
    {
        "start":46.89284375,
        "end":62.95784375,
        "speaker":0,
        "text":"فهو في حاجات حسنه في ناس مش عايشه حواردي يعني يعني في تعب و في حاجات بتحصل و واحد ⁇ "
    },
    {
        "start":52.61346875,
        "end":52.64721875,
        "speaker":1,
        "text":""
    },
    {
        "start":52.68096875,
        "end":53.00159375,
        "speaker":1,
        "text":"في مي مي في مي"
    },
    {
        "start":54.77346875,
        "end":56.95034375,
        "speaker":1,
        "text":"طب يلا بينا يلا بينا <fil> <fil> ⁇ "
    },
    {
        "start":63.44721875,
        "end":66.90659375,
        "speaker":0,
        "text":"في الأصد إن الناس اللي اللي بتعمل الدراما ⁇ "
    },
    {
        "start":67.34534375,
        "end":77.25096875,
        "speaker":0,
        "text":"هي ليها دور ودور جاي من عند ربنا إن يبقى عنده غرض الغرض ده إن إنتي تبقي بتستخدمي ألمك إن إنتي تغيري في إيه اللي حواليكي ⁇ "
    },
    {
        "start":77.65596875,
        "end":80.96346875,
        "speaker":0,
        "text":"و اتغيري و هما حابين أنا مبسوط إن الناس اللي الناس من الناس اللي الناس هتغيري وهما حابين أنا مبسوط للناس الناس اللي الناس <fil> <fil> <fil> <fil> <fil> <fil> <fil> أنا حبيب ⁇ "
    }
]