[
    {
        "start":0.03096875,
        "end":5.58284375,
        "speaker":2,
        "text":"<fil> <fil> <fil> تخرج من الشخصيه ولا لسه شخصيه ⁇ "
    },
    {
        "start":5.86971875,
        "end":9.10971875,
        "speaker":0,
        "text":"أه ممكن يبقى فيه شوية هدوء كده خدتهم في البنوك وحاجه وحاجه وحاجه وحاجه وحاجه وحاجه وحاجه وحاجه وحاجه وحاجه وحاجه وحاجه وحاجه وحاجه وحاجه وحاج"
    },
    {
        "start":8.33346875,
        "end":13.91909375,
        "speaker":2,
        "text":"<fil> <fil> <fil> <fil> <fil> <fil> <fil> <fil> <fil> <fil> <fil> <fil> ⁇ "
    },
    {
        "start":13.56471875,
        "end":16.46721875,
        "speaker":0,
        "text":"أنا مش هاجي خالص أنا مش هاجي خالص ده عشان الأضواء بسرعه عشان الأضواء بس ⁇ "
    },
    {
        "start":14.64471875,
        "end":15.50534375,
        "speaker":2,
        "text":"مش هيديك <fil> <fil> <fil"
    },
    {
        "start":18.25596875,
        "end":19.25159375,
        "speaker":0,
        "text":"الثدي الفلسطيني خالصا ⁇ "
    },
    {
        "start":19.75784375,
        "end":28.83659375,
        "speaker":0,
        "text":"لأ هو يعني عايز أشكر الأولاد في ال في اللي ساعدني في في ده ناس كتير جدا الصراحه أولهم يا أستاذ طارق خلى ⁇ "
    },
    {
        "start":29.14034375,
        "end":31.84034375,
        "speaker":0,
        "text":"<fil> <fil> <fil> <fil> <fil> <fil> <fil> <fil> <fil> <fil> <fil> الأ"
    },
    {
        "start":31.45221875,
        "end":32.29596875,
        "speaker":1,
        "text":"يا سليمان أه أه يا سليمان أهي يا سليمان أه أه ياسين"
    },
    {
        "start":32.26221875,
        "end":35.51909375,
        "speaker":0,
        "text":"أه الدكتوره ده ليس لي من قعدتنا مع حالات كتير جدا ⁇ "
    },
    {
        "start":36.37971875,
        "end":38.97846875,
        "speaker":0,
        "text":"من ضمنهم كان عبد الله أشرف ⁇ "
    }
]