[
    {
        "start":0.03096875,
        "end":1.95471875,
        "speaker":0,
        "text":"وهي سعادته ⁇ "
    },
    {
        "start":2.14034375,
        "end":7.10159375,
        "speaker":0,
        "text":"فهو هنا في المسلسل حاجه حلوه أوي إن هو بيعلمك الحب بيكي ⁇ "
    },
    {
        "start":7.81034375,
        "end":14.34096875,
        "speaker":0,
        "text":"تعدي المشاكل لو إنتي عايزه تحبي وتعدي مشاكل ومتقفيش في أوقات الصعبه هتعديها ⁇ "
    },
    {
        "start":7.97909375,
        "end":8.18159375,
        "speaker":1,
        "text":"و البواب و"
    },
    {
        "start":15.28596875,
        "end":16.97346875,
        "speaker":0,
        "text":"ده اللي في قصتي أنا و مش قصتي أنا و مش قصتي أنا و مش قصتي أنا و مش قصتي أنا و مش قصتي أنا و مش قصتي"
    }
]