[
    {
        "start":0.03096875,
        "end":8.65409375,
        "speaker":2,
        "text":"خمسه و عشرين ممثل و في دراما في الموضوع مش أغنيه بس إنت عندك دراما في الحدوته دي الصعوبه اللي لازم تقعدي ذكيه كويس ⁇ "
    },
    {
        "start":9.12659375,
        "end":13.71659375,
        "speaker":2,
        "text":"إن الأستاذ خالد يأذي يعمل المزيكا من بدري ⁇ "
    },
    {
        "start":13.21034375,
        "end":14.30721875,
        "speaker":0,
        "text":"هيقعدوا يقعدوا يقعدوا يقعدوا يقعدوا يقعدوا يقعدوا يقعدوا يقعدوا"
    },
    {
        "start":13.81784375,
        "end":19.82534375,
        "speaker":2,
        "text":"طيب تشوفي إيه اللي هتعملي خيالك هيروح فين إنك تشتغل مع الممثلين ⁇ "
    },
    {
        "start":20.07846875,
        "end":29.84909375,
        "speaker":2,
        "text":"إلتزام بقى ممثلين بحاجه تانيه خالص إن تلاقي كل الممثلين جين في ميعادهم جهازين بالميكب بالمكانيات بالتوفير و كلهم ⁇ "
    },
    {
        "start":29.89971875,
        "end":38.30346875,
        "speaker":2,
        "text":"<fil> <fil> <fil> <fil> <fil> <fil> ⁇ "
    },
    {
        "start":30.18659375,
        "end":30.27096875,
        "speaker":0,
        "text":""
    },
    {
        "start":30.27096875,
        "end":31.50284375,
        "speaker":1,
        "text":"عندهم نازل نازل من نازل نازل نازل نازل نازل"
    },
    {
        "start":31.50284375,
        "end":31.58721875,
        "speaker":0,
        "text":""
    },
    {
        "start":33.17346875,
        "end":33.19034375,
        "speaker":0,
        "text":""
    },
    {
        "start":33.19034375,
        "end":33.69659375,
        "speaker":1,
        "text":"محدش شيش شبش شبش شب"
    },
    {
        "start":35.60346875,
        "end":36.51471875,
        "speaker":1,
        "text":"السلطه ⁇ "
    },
    {
        "start":36.85221875,
        "end":38.60721875,
        "speaker":1,
        "text":"ربنا يكرمك يا أستاذه ياسمين ⁇ "
    },
    {
        "start":39.11346875,
        "end":39.99096875,
        "speaker":1,
        "text":"ده محظوظ ⁇ "
    },
    {
        "start":40.07534375,
        "end":42.64034375,
        "speaker":2,
        "text":"لكن الجزاء لكن هو جائزه لكن هو جائق لكن هو جائق لكن هو جائق لكن هو جائق لكن هو جائق لكن هو جائق لكن هو جائق لكن هو جائق لكن هو جائ"
    },
    {
        "start":41.83034375,
        "end":43.88909375,
        "speaker":1,
        "text":"<fil> <fil> <fil> <fil> <fil> <fil> <fil> <fil> ⁇ "
    },
    {
        "start":43.90596875,
        "end":44.10846875,
        "speaker":1,
        "text":"لا لا لا لا لا"
    },
    {
        "start":44.17596875,
        "end":48.00659375,
        "speaker":1,
        "text":"عامل بيها إيه المخرج لا لا لا لا ⁇ "
    },
    {
        "start":44.46284375,
        "end":45.50909375,
        "speaker":2,
        "text":"بيها إيه المواهب المواهب المواهب المواهب المواهب المواه"
    },
    {
        "start":45.77909375,
        "end":47.46659375,
        "speaker":2,
        "text":"<fil> <fil> <fil> <fil> <fil> <fil> ⁇ "
    },
    {
        "start":47.65221875,
        "end":50.47034375,
        "speaker":2,
        "text":"<fil> <fil> <fil> <fil> المسلسل في مشاهد صعب ⁇ "
    },
    {
        "start":50.38596875,
        "end":50.68971875,
        "speaker":1,
        "text":"يا ابي يا ماما"
    },
    {
        "start":50.60534375,
        "end":53.81159375,
        "speaker":2,
        "text":"في مشاهد صعب يعني المشهد بتاع الأستاذ نورين وميحصلش ⁇ "
    },
    {
        "start":53.81159375,
        "end":60.20721875,
        "speaker":1,
        "text":"<fil> <fil> <fil> <fil> <fil> <fil> <fil> <fil> <fil> <fil> <fil> <fil> <fil> <fil> <fil> ⁇ "
    },
    {
        "start":53.82846875,
        "end":54.84096875,
        "speaker":2,
        "text":"و اتكلمنا مع اتكلمنا مع اتكلمنا مع اتكلمنا مع اتكلمنا مع اتكلمنا مع"
    },
    {
        "start":55.09409375,
        "end":57.82784375,
        "speaker":2,
        "text":"أجاز معانا يا جماعه ما هو ده إزاي <fil> <fil> <fil> <fil> <fil> <fil> <fil> <fil> <fil> <fil"
    },
    {
        "start":58.14846875,
        "end":60.86534375,
        "speaker":2,
        "text":"<fil> <fil> <fil> <fil> <fil> <fil> <fil> ⁇ "
    },
    {
        "start":61.13534375,
        "end":62.58659375,
        "speaker":1,
        "text":"ده كان مشهد أه أو ده كان مشهد أو ده كان مشهد أو ده كان مشهد أو ده كان مشهد أو ده كان مشهد أو ده كان مشهد أو"
    },
    {
        "start":62.58659375,
        "end":66.73784375,
        "speaker":2,
        "text":"<fil> <fil> <fil> ⁇ "
    },
    {
        "start":62.60346875,
        "end":62.65409375,
        "speaker":1,
        "text":""
    },
    {
        "start":64.49346875,
        "end":68.56034375,
        "speaker":1,
        "text":"<fil> <fil> <fil> <fil> <fil> <fil> <fil> ⁇ "
    },
    {
        "start":67.42971875,
        "end":68.88096875,
        "speaker":2,
        "text":"<fil> <fil> <fil> <fil> <fil> <fil>"
    },
    {
        "start":68.88096875,
        "end":69.01596875,
        "speaker":1,
        "text":""
    },
    {
        "start":69.06659375,
        "end":87.32534375,
        "speaker":1,
        "text":"أنا كنت خايفه جدا بس الحقيقه إم أستاذ كمال مش مش مش من النوع المخرج اللي هو بيحب إن أنا يعني الممثل عامة إن هو بيتهيألي يعني الضرب ده في حد ذاته نوع من الإهانه ممكن يبقى في حرفيه من الممثل إنه يؤدي الدور بطريقه إن بجد ⁇ "
    },
    {
        "start":88.13534375,
        "end":94.73346875,
        "speaker":1,
        "text":"<fil> أنا مثلا النفسي ضربت وانتهدت وكلام منه أنا عايزه أقولك أنا مكله مستش ⁇ "
    },
    {
        "start":94.81784375,
        "end":109.90409375,
        "speaker":1,
        "text":"وقال لمضحك هتعمل كذا كذا كذا كذا كذا وانتي <fil> ⁇ "
    },
    {
        "start":96.38721875,
        "end":97.39971875,
        "speaker":0,
        "text":"سلام معايا معايا معايا معايا معايا معايا معايا معايا معايا معايا معايا معايا معايا معايا معايا معايا معايا معايا معايا معايا معايا معايا معايا معايا"
    },
    {
        "start":103.86284375,
        "end":108.99284375,
        "speaker":2,
        "text":"هو في بعض المشاهد برضو بيعدلهم ده هو ليه يعني هو ما هو ما هو ما هو ما هو ما هو ما هو ما هو ما هو ما هو ما هو ما هو يعني هو ما هو ما هو ما هو ما هو ما هو ما هو يعني هو ما هو ما هو ما هو ما هو ما هو يعني هو ما هو ما هو ما هو يعني هو ما هو ما هو ما هو ما هو يعني هو ما هو ما هو ما هو يعني هو ما هو ما هو ما هو يعني هو ما هو ما هو ما هو يعني هو ما هو ما هو ما هو يعني هو ما هو ما هو ما هو يعني هو ما هو ما هو ما"
    },
    {
        "start":109.02659375,
        "end":125.83409375,
        "speaker":2,
        "text":"<fil> <fil> <fil> <fil> <fil> <fil> <fil> <fil> <fil> <fil> <fil> <fil> <fil> <fil> <fil> <fil> <fil> <fil> <fil> ⁇ "
    },
    {
        "start":109.90409375,
        "end":110.20784375,
        "speaker":0,
        "text":"هي هي هي هي هي هي هي"
    },
    {
        "start":111.60846875,
        "end":111.81096875,
        "speaker":0,
        "text":"وده ودهده"
    },
    {
        "start":116.87346875,
        "end":116.89034375,
        "speaker":0,
        "text":""
    },
    {
        "start":116.89034375,
        "end":117.78471875,
        "speaker":1,
        "text":"المحدودي المسيحي المسيحي المسيحي المسي"
    },
    {
        "start":117.78471875,
        "end":117.80159375,
        "speaker":0,
        "text":""
    },
    {
        "start":126.55971875,
        "end":130.94721875,
        "speaker":2,
        "text":"ده دي المشكله الكبيره اللي ممكن تساعدنا فيها في ممثله أو ممثله أو ممثله أو ممثله أو ممثله أو ممثله أو ممثله أو ممثله أو ممثله أو ممثله أو ممثله أو ممثله أو ممثله أو ممثله أو ممثله أو ممثله أو ممثله أو ممثله أو ممثله أو ممثله أو ممثله أو ممثله أو ممثله أو ممثله"
    },
    {
        "start":127.36971875,
        "end":127.62284375,
        "speaker":0,
        "text":"كده يا ريس يا"
    },
    {
        "start":131.48721875,
        "end":132.29721875,
        "speaker":2,
        "text":"<fil> <fil> <fil> أيام"
    },
    {
        "start":132.49971875,
        "end":135.90846875,
        "speaker":2,
        "text":"في مشاريع كتير كان ليها برضو فيها صوته يعني أنا مثلا ⁇ "
    },
    {
        "start":136.02659375,
        "end":137.76471875,
        "speaker":2,
        "text":"يمكن يمكن ⁇ "
    },
    {
        "start":138.32159375,
        "end":141.20721875,
        "speaker":2,
        "text":"مشهد الشهيد شهيد و الجنان زي الجنازه ⁇ "
    },
    {
        "start":141.20721875,
        "end":143.80596875,
        "speaker":0,
        "text":"<fil> <fil> <fil> <fil> <fil> ⁇ "
    },
    {
        "start":141.30846875,
        "end":157.67721875,
        "speaker":2,
        "text":"مزيكا و الأغاني أنا شايفها وسمي عادي من قبلها سبعه من قبلها كان لازم يبقى متخيله كل كادر هتعمليه ازاي ⁇ "
    },
    {
        "start":152.41221875,
        "end":155.17971875,
        "speaker":0,
        "text":"عادة من قبلها سبعه من قبلها أنا لازم ⁇ "
    },
    {
        "start":157.98096875,
        "end":164.44409375,
        "speaker":2,
        "text":"عندي حاجات في المسلسل برضو <fil> يعني أمير <fil> يعني <fil> يعني <fil> يعني <fil> يعني <fil> يعني <fil> يعني <fil> يعني <fil> يعني <fil> يعني <fil> يعني <fil> يعني <fil> يعني <fil> يعني <fil> يعني <fil> يعني <fil> يعني <fil> يعني <fil> يعني <fil> يعني <fil> يعني <fil> يعني"
    },
    {
        "start":162.80721875,
        "end":162.94221875,
        "speaker":0,
        "text":""
    },
    {
        "start":162.95909375,
        "end":162.97596875,
        "speaker":0,
        "text":""
    },
    {
        "start":163.53284375,
        "end":163.98846875,
        "speaker":1,
        "text":"وعايزه جدا وعايزه"
    },
    {
        "start":164.93346875,
        "end":166.48596875,
        "speaker":2,
        "text":"ساعدني بجد ⁇ "
    },
    {
        "start":166.70534375,
        "end":167.66721875,
        "speaker":2,
        "text":"نبقى معايا ⁇ "
    },
    {
        "start":167.66721875,
        "end":170.23221875,
        "speaker":1,
        "text":"<fil> <fil> <fil> <fil> <fil> <fil> ⁇ "
    },
    {
        "start":170.06346875,
        "end":170.14784375,
        "speaker":0,
        "text":""
    },
    {
        "start":170.23221875,
        "end":193.19909375,
        "speaker":0,
        "text":"زياده ده ده بالتفاصيل دي بالمعالجات اللي تمت للناس اللي يعني إنتو شايفينه ده بالحوار ده بالتفاصيل دي بالمعالجات اللي تمت للناس اللي يعني إنتو شايفينه ده بالحوار ده بالتفاصيل دي بالمعالجات اللي تمت للناس اللي يعني إنتو شايفينه ده بالحوار ده بالتفاصيل دي بالمعالجات اللي تمت للناس ⁇ "
    },
    {
        "start":170.53596875,
        "end":172.42596875,
        "speaker":2,
        "text":"<fil> <fil> <fil> <fil> <fil> <fil> <fil> <fil"
    },
    {
        "start":173.64096875,
        "end":174.40034375,
        "speaker":1,
        "text":"الانتنين بانتنين بانتهان بمدين"
    },
    {
        "start":192.42284375,
        "end":200.38784375,
        "speaker":1,
        "text":"<fil> صراحه صراحه صراحه صراحه صراحه صراحه صراحه صراحه ⁇ "
    },
    {
        "start":193.80659375,
        "end":194.24534375,
        "speaker":0,
        "text":"مساء الخير مساء الخير مساء الخير مساء"
    },
    {
        "start":196.94534375,
        "end":198.19409375,
        "speaker":0,
        "text":"ده أنا بتكلم عليكو نتكلم عليكو نتكلم عليكو نتكلم عليكو نتكلم عليكو نتكلم عليكو نتكلم عليكو ن"
    },
    {
        "start":199.24034375,
        "end":205.65284375,
        "speaker":0,
        "text":"<fil> <fil> <fil> <fil> ⁇ "
    },
    {
        "start":206.85096875,
        "end":214.96784375,
        "speaker":0,
        "text":"مشاهد صعبه و وكلها إحنا معندناش مشاهد بسزوت يعني مفيش مشهد بيعدي المشهد مشهد ⁇ "
    },
    {
        "start":206.98596875,
        "end":207.40784375,
        "speaker":1,
        "text":"مش هيها هي مش هيها هي مشها"
    },
    {
        "start":214.96784375,
        "end":215.79471875,
        "speaker":1,
        "text":"لازم ياخد حقه و لازم ياخد حقه وياخد حقه وياخد حق"
    },
    {
        "start":215.79471875,
        "end":219.40596875,
        "speaker":0,
        "text":"و هتتحق و في تمثيل يعني لو في إتنين و في إنجاز على ⁇ "
    },
    {
        "start":218.52846875,
        "end":221.51534375,
        "speaker":1,
        "text":"إنجاز على فكره في إنجاز وده مش العرض يعني ⁇ "
    },
    {
        "start":220.60409375,
        "end":229.93596875,
        "speaker":0,
        "text":"في عرض هنتعرض يعني في نجاح إلى الفكره إيه كل يوم حلقه بتتعالج خلاص إحنا لكن هنا رمضان يعني إحنا أكيدنا إتنين رمضان كمان لأن إحنا بنتكلم في ستين حلقه ⁇ "
    },
    {
        "start":221.98784375,
        "end":222.98346875,
        "speaker":1,
        "text":"فيها إيه لا لا لا لا لا لا لا لا لا لا لا لا لا لا لا لا لا لا لا لا لا لا لا"
    },
    {
        "start":228.63659375,
        "end":228.67034375,
        "speaker":1,
        "text":""
    },
    {
        "start":228.67034375,
        "end":229.02471875,
        "speaker":2,
        "text":"و إنتهت هعته"
    },
    {
        "start":230.29034375,
        "end":234.01971875,
        "speaker":0,
        "text":"فطبعا الموضوع كان صعب جدا ما بين كتابه وما بين هو صلى الله عليه وسلم عليه الصلاة والسلام ⁇ "
    },
    {
        "start":233.69909375,
        "end":235.13346875,
        "speaker":2,
        "text":"و صواريخ الحدوته فيها ⁇ "
    },
    {
        "start":235.65659375,
        "end":236.55096875,
        "speaker":2,
        "text":"إنك إنتي ⁇ "
    },
    {
        "start":237.51284375,
        "end":238.60971875,
        "speaker":2,
        "text":"وده هدفي الناس <fil> الناس هديكي الناس ⁇ "
    },
    {
        "start":239.06534375,
        "end":240.17909375,
        "speaker":2,
        "text":"فراح الناس ⁇ "
    },
    {
        "start":240.61784375,
        "end":240.97221875,
        "speaker":2,
        "text":"جايبين كيك كيك"
    }
]