[
    {
        "start":0.03096875,
        "end":11.20221875,
        "speaker":1,
        "text":"على البنتين الحلوين دول اللي برضو برضو معروفين يعني بس خلونا نفكركو بأعمالهم قوليلي بقى إنتي يا هجري قوليلي شوية أعمالي إنتي عملتيها <fil> <fil> <fil> <fil> <fil> <fil> <fil> <fil> <fil> <fil> <fil> <fil> <fil> <fil> <fil> <fil> <fil> <fil> <fil> <fil> <fil> <fil> <fil> <fil> <fil> <fil> <fil> <fil> <fil> <fil> <fil> <fil> <fil> <fil> <fil> <fil> <fil> <fil> <fil"
    },
    {
        "start":11.91096875,
        "end":13.02471875,
        "speaker":1,
        "text":"أول حاجه عمل <fil> أول حاجه <fil> <fil> <fil"
    },
    {
        "start":13.02471875,
        "end":13.44659375,
        "speaker":0,
        "text":"ب ب ب ب ب ب ب ب ب ب"
    },
    {
        "start":13.44659375,
        "end":14.13846875,
        "speaker":1,
        "text":"تكسل تسعتاشر تسعتاشر ت"
    },
    {
        "start":13.48034375,
        "end":14.15534375,
        "speaker":0,
        "text":"تكشفوا تكشفوا تكشفوا تك"
    },
    {
        "start":14.15534375,
        "end":14.17221875,
        "speaker":1,
        "text":""
    },
    {
        "start":14.17221875,
        "end":14.52659375,
        "speaker":0,
        "text":"قبل ما نن نموذج"
    },
    {
        "start":14.52659375,
        "end":14.54346875,
        "speaker":1,
        "text":""
    },
    {
        "start":14.54346875,
        "end":14.59409375,
        "speaker":0,
        "text":""
    },
    {
        "start":14.93159375,
        "end":18.64409375,
        "speaker":0,
        "text":"بتوع الروح بتوع الروح أه كان الإخراج كامله أبو ذكري ⁇ "
    },
    {
        "start":15.55596875,
        "end":16.04534375,
        "speaker":1,
        "text":"بتوع بتوع بتوع بتوع بتوع بتوع"
    },
    {
        "start":19.01534375,
        "end":21.66471875,
        "speaker":0,
        "text":"و بطولة مرضى شلبي وأحمد سعدني ⁇ "
    },
    {
        "start":22.13721875,
        "end":23.03159375,
        "speaker":0,
        "text":"من سنتين <fil> <fil> <fil> ⁇ "
    },
    {
        "start":23.74034375,
        "end":23.97659375,
        "speaker":0,
        "text":"ب ب ب ب ب ب"
    },
    {
        "start":23.97659375,
        "end":24.02721875,
        "speaker":1,
        "text":""
    },
    {
        "start":24.02721875,
        "end":25.68096875,
        "speaker":0,
        "text":"برافو ⁇ "
    },
    {
        "start":25.76534375,
        "end":29.64659375,
        "speaker":0,
        "text":"أه الإرهابيه الإرهابيه العسكر ايوه إم تم رقابه ⁇ "
    },
    {
        "start":26.98034375,
        "end":28.65096875,
        "speaker":1,
        "text":"هديه <fil> شكرت أيوه ⁇ "
    },
    {
        "start":30.05159375,
        "end":31.46909375,
        "speaker":0,
        "text":"<fil> <fil> <fil> <fil> <fil> <fil"
    },
    {
        "start":31.73909375,
        "end":35.70471875,
        "speaker":0,
        "text":"<fil> <fil> <fil> <fil> <fil> <fil> <fil> <fil> <fil> <fil> <fil> <fil> <fil> <fil> ⁇ "
    },
    {
        "start":32.98784375,
        "end":33.56159375,
        "speaker":1,
        "text":"ابتدت تايم لا لا لا لا لا لا"
    },
    {
        "start":36.14346875,
        "end":38.25284375,
        "speaker":0,
        "text":"فدي أكتر حاجه يعني ⁇ "
    },
    {
        "start":38.33721875,
        "end":44.95221875,
        "speaker":0,
        "text":"ممكن تكون أساسا يعني ما أنا إشتغلت فيها يعني و بطني الحوت إم الدكتور اتفراج و بسم صبري ⁇ "
    },
    {
        "start":42.60659375,
        "end":43.09596875,
        "speaker":1,
        "text":"ابتدت تفاصيلها بتت"
    },
    {
        "start":45.61034375,
        "end":57.96284375,
        "speaker":1,
        "text":"<fil> <fil> <fil> <fil> <fil> <fil> <fil> <fil> <fil> <fil> <fil> <fil> <fil> <fil> <fil> <fil> <fil> <fil> <fil> <fil> <fil> ⁇ "
    },
    {
        "start":50.04846875,
        "end":50.26784375,
        "speaker":0,
        "text":"ودهدهدهده"
    },
    {
        "start":53.98034375,
        "end":54.52034375,
        "speaker":0,
        "text":"كم ميكم ميكم ميكم ميكم"
    },
    {
        "start":55.95471875,
        "end":56.29221875,
        "speaker":0,
        "text":"واقع واقع"
    },
    {
        "start":57.96284375,
        "end":59.97096875,
        "speaker":0,
        "text":"<fil> العروسه <fil> <fil> <fil> العروسه ⁇ "
    }
]