[
    {
        "start":0.03096875,
        "end":0.94221875,
        "speaker":1,
        "text":"وحشه ⁇ "
    },
    {
        "start":1.09409375,
        "end":5.90346875,
        "speaker":1,
        "text":"عايز تبقى بتحب هتبقى بني ادم تعمل دنيا حب عايز تكره كل حركه ⁇ "
    },
    {
        "start":6.13971875,
        "end":6.59534375,
        "speaker":0,
        "text":"إم إم إم إم إم ر إم إم ر إم إم"
    },
    {
        "start":6.59534375,
        "end":13.51409375,
        "speaker":1,
        "text":"و هي المزيكا و فخمه إن هي شبه كده و طبعا مزيكا مفيهاش حاجه غريبه إيه المزيكا بتاعت بلدنا ⁇ "
    },
    {
        "start":14.02034375,
        "end":17.31096875,
        "speaker":1,
        "text":"ما فيش حاجه مستحدثه حاجه أوريان كان الحمد لله صلى الله عليه وسلم عليه الصلاة والسلام عليه الصلاة و السلام عليه الصلاة و السلام عليه الصلاة و السلام عليه الصلاة و السلام عليه الصلاة و السلام عليه الصلاة والسلام حاجه قري"
    },
    {
        "start":14.45909375,
        "end":14.79659375,
        "speaker":2,
        "text":"تحفه تحفه"
    },
    {
        "start":17.26034375,
        "end":19.97721875,
        "speaker":2,
        "text":"أنا بالنسبالي مبسوط جدا ⁇ "
    }
]