[
    {
        "start":0.03096875,
        "end":0.89159375,
        "speaker":1,
        "text":"مساء الخير مساء الخير ⁇ "
    },
    {
        "start":1.78596875,
        "end":4.03034375,
        "speaker":0,
        "text":"<fil> هل في مبروك أولا هل في مبروك أول عوامل هل في مبروك أولى عوامل هل في مبروك أولى عوامل هل في مبروك أولا ⁇ "
    },
    {
        "start":3.06846875,
        "end":4.09784375,
        "speaker":1,
        "text":"مبروك أولا نبروك أولا نبروك أولاد أولاد أولاد أولاد أولاد أولاد"
    },
    {
        "start":4.09784375,
        "end":4.14846875,
        "speaker":0,
        "text":""
    },
    {
        "start":4.14846875,
        "end":4.16534375,
        "speaker":1,
        "text":""
    },
    {
        "start":5.11034375,
        "end":6.15659375,
        "speaker":0,
        "text":"يبارك فيكي ⁇ "
    },
    {
        "start":6.15659375,
        "end":9.17721875,
        "speaker":1,
        "text":"معايا كل الأبطال و نجوم المسلسل ⁇ "
    },
    {
        "start":6.24096875,
        "end":6.79784375,
        "speaker":0,
        "text":"<fil> <fil> <"
    },
    {
        "start":10.00409375,
        "end":11.23596875,
        "speaker":1,
        "text":"عايزك تقولهم مبروك كمان ⁇ "
    },
    {
        "start":12.13034375,
        "end":17.32784375,
        "speaker":0,
        "text":"تحياتي ليكي وتحياتي لكل أبطال العمل الموجودين أهلا وسهلا بحضرتك يا فندم ⁇ "
    },
    {
        "start":17.46284375,
        "end":20.23034375,
        "speaker":1,
        "text":"<fil> <fil> <fil> <fil> <fil> <fil> <fil> إنت فين مجبتش ليه ⁇ "
    },
    {
        "start":20.87159375,
        "end":21.66471875,
        "speaker":0,
        "text":"هذه لاعزي لا لا لا لا لا لا لا لا لا لا لا لا لا لا لا لا"
    },
    {
        "start":21.66471875,
        "end":22.94721875,
        "speaker":1,
        "text":"الغلطه جت في ليك ليك ليك ليك ليك ليك ليك ليك ن"
    },
    {
        "start":21.85034375,
        "end":23.08221875,
        "speaker":0,
        "text":"غلطه جت في ليه ⁇ "
    },
    {
        "start":23.63909375,
        "end":29.24159375,
        "speaker":0,
        "text":"<fil> <fil> <fil> <fil> <fil> <fil> <fil> <fil> <fil> <fil> <fil> <fil> <fil> <fil> <fil> <fil> <fil> <fil> <fil> <fil> <fil> <fil> <fil> <"
    },
    {
        "start":27.80721875,
        "end":29.52846875,
        "speaker":1,
        "text":"<fil> <fil> <fil> <fil> <fil> ⁇ "
    },
    {
        "start":30.20346875,
        "end":34.91159375,
        "speaker":0,
        "text":"<fil> <fil> <fil> <fil> ⁇ "
    },
    {
        "start":30.35534375,
        "end":38.72534375,
        "speaker":1,
        "text":"<fil> <fil> <fil> <fil> <fil> <fil> <fil> <fil> <fil> <fil> ⁇ "
    },
    {
        "start":34.92846875,
        "end":34.96221875,
        "speaker":0,
        "text":""
    },
    {
        "start":35.14784375,
        "end":37.49346875,
        "speaker":0,
        "text":"نمر على حاله لا بجد لاعي لا بجد لا لا بجد لا لا بجد لا لا بجد لا لا بجد لا لا بجد لا لا بجد لا لا بجد لا لا بجد لا لا بجد لا لا بجد لا لا بجد لا لا بجد لا لا بجد لا لا بجد لا لا بجد لا"
    },
    {
        "start":39.18096875,
        "end":50.94284375,
        "speaker":1,
        "text":"وشغله حلو يعني في في بعض الحاجات اللي ممكن تبقى الشغل محترم أوي بس نسبة المشاهده مش عاليه و في العكس حاجه بيبقى عليه مش بيشهد عالي جدا بس شغل في بعض الحاجات في المحتوى ⁇ "
    },
    {
        "start":51.04409375,
        "end":55.22909375,
        "speaker":1,
        "text":"لكن المسلسل ده إبراهيم مع مدير حاجتين إنه نثبت مشاهده ما شاء الله عاليه جدا ⁇ "
    },
    {
        "start":55.54971875,
        "end":57.40596875,
        "speaker":1,
        "text":"نفس الوقت شغل حلو محترم ⁇ "
    },
    {
        "start":58.92471875,
        "end":61.30409375,
        "speaker":0,
        "text":"إعلانات هايله كمان ودي حاجه ملوثه أه <fil> <fil> <fil> <fil> <fil> ⁇ "
    },
    {
        "start":60.71346875,
        "end":61.65846875,
        "speaker":1,
        "text":"أيوه طبعا طبعا طبعا طبعا طبعا طبعا طبعا طبعا طبعا طبعا طبعا طبعا طبعا طبعا طبعا طبعا طبعا طبعا طبعا طبعا طبعا طبعا"
    },
    {
        "start":62.40096875,
        "end":66.80534375,
        "speaker":1,
        "text":"<fil> <fil> <fil> <fil> <fil> <fil> <fil> <fil> <fil> <fil> <fil> <fil> <fil> ⁇ "
    },
    {
        "start":67.58159375,
        "end":67.63221875,
        "speaker":0,
        "text":""
    },
    {
        "start":67.63221875,
        "end":67.64909375,
        "speaker":1,
        "text":""
    },
    {
        "start":67.64909375,
        "end":75.58034375,
        "speaker":0,
        "text":"<fil> <fil> <fil> <fil> <fil> <fil> <fil> <fil> <fil> <fil> <fil> ⁇ "
    },
    {
        "start":67.66596875,
        "end":68.57721875,
        "speaker":1,
        "text":"كل حاجه في كل حاجه في كل حاجه في كل حاجه في كل حاجه في كل حاجه في كل حاجه في كل حاجه"
    },
    {
        "start":76.33971875,
        "end":83.02221875,
        "speaker":0,
        "text":"ازاي بتعمل عمل يبقى ناجح جماهيريا وفي نفس الوقت في حقيقي مردود ⁇ "
    },
    {
        "start":83.59596875,
        "end":83.96721875,
        "speaker":0,
        "text":"اللي اللي اللي اللي اللي اللي اللي اللي اللي"
    }
]