[
    {
        "start":0.03096875,
        "end":28.68471875,
        "speaker":0,
        "text":"ههيههههههههههههههههههههههههههههههههههههههههههههههههههههههههههههههههههههههههههههههههههههههههههههههيههههههههههههههيهههههههههههههههيهههههههههههههيههههههههههههههيهههههههههههههههيهههههههههههههههيهههههههههههههههيههههههههههههههههيههههههههههههههههيهههههههههههههههههيههههههههههههههههيههههههههههههههههيههههههههههههههههيهههههه ⁇ "
    },
    {
        "start":15.94409375,
        "end":17.51346875,
        "speaker":1,
        "text":"<fil> <fil> <fil> <fil> <fil> <fil> <f"
    },
    {
        "start":29.10659375,
        "end":30.38909375,
        "speaker":2,
        "text":"<fil> يعني <fil> يعني <fil> يعني <fil> يعني <fi"
    },
    {
        "start":29.73096875,
        "end":37.34159375,
        "speaker":0,
        "text":"يعني قولولي الأول ردود الأفعال إنتو كنتو متخيلين إنها تبقى كده <fil> هقولك نازين هفضل أقولك ⁇ "
    },
    {
        "start":38.37096875,
        "end":39.97409375,
        "speaker":2,
        "text":"و الله الحمد لله يعني ردود الأرض ⁇ "
    }
]