[
    {
        "start":0.03096875,
        "end":1.02659375,
        "speaker":1,
        "text":"في النهايه هايل هايل هايل هايل هايل هايل هايل"
    },
    {
        "start":1.43159375,
        "end":2.83221875,
        "speaker":1,
        "text":"النهايه هي بقيت معاكيك كيك كيك كيك كيك كيك كيك كيك كيك كيك"
    },
    {
        "start":3.22034375,
        "end":3.60846875,
        "speaker":1,
        "text":"إيمي إيمي "
    },
    {
        "start":4.38471875,
        "end":5.27909375,
        "speaker":1,
        "text":"إحنا ⁇ "
    },
    {
        "start":5.46471875,
        "end":11.01659375,
        "speaker":1,
        "text":"نفسيتين جدا بيكون جدا بس أنا عارفه إن إنتو عندكوا مدرسه الصبح وقاله ليه كده قالولي ⁇ "
    },
    {
        "start":11.28659375,
        "end":18.50909375,
        "speaker":1,
        "text":"هما عندهم مدرسه أنا عايزه قبل ما أطلع للفاصل ده اللي هنشوفه مشهد عايزه أشكركم جدا ⁇ "
    },
    {
        "start":12.04596875,
        "end":13.83471875,
        "speaker":0,
        "text":"<fil> <fil> <fil> <fil> ⁇ "
    },
    {
        "start":18.94784375,
        "end":20.66909375,
        "speaker":1,
        "text":"بقولك إن إنت هتبقى نجم كبير أوي ⁇ "
    },
    {
        "start":21.07409375,
        "end":22.23846875,
        "speaker":1,
        "text":"إنت عندك كاريزما ⁇ "
    },
    {
        "start":22.57596875,
        "end":26.35596875,
        "speaker":1,
        "text":"متحدث إنت أول حد لما أنا بدأت الحلقه إنت أول حد كلمني ⁇ "
    },
    {
        "start":26.49096875,
        "end":31.45221875,
        "speaker":1,
        "text":"<fil> <fil> <fil> <fil> <fil> <fil> <fil> <fil> <fil> <fil> <fil> ⁇ "
    },
    {
        "start":28.97159375,
        "end":32.85284375,
        "speaker":0,
        "text":"<fil> <fil> <fil> <fil> <fil> ⁇ "
    },
    {
        "start":33.35909375,
        "end":33.42659375,
        "speaker":0,
        "text":""
    },
    {
        "start":33.42659375,
        "end":33.76409375,
        "speaker":1,
        "text":"وحش حح حح ح"
    },
    {
        "start":33.49409375,
        "end":33.57846875,
        "speaker":0,
        "text":""
    },
    {
        "start":33.76409375,
        "end":33.86534375,
        "speaker":0,
        "text":""
    },
    {
        "start":33.88221875,
        "end":33.96659375,
        "speaker":0,
        "text":""
    },
    {
        "start":33.96659375,
        "end":34.01721875,
        "speaker":1,
        "text":""
    },
    {
        "start":34.01721875,
        "end":34.97909375,
        "speaker":0,
        "text":"هيزود أول و لا و لا و لا و لا و لا و لا و لا و لا و لا و لا"
    },
    {
        "start":34.03409375,
        "end":39.48471875,
        "speaker":1,
        "text":"<fil> <fil> <fil> <fil> <fil> <fil> <fil> <fil> ⁇ "
    },
    {
        "start":37.20659375,
        "end":38.62409375,
        "speaker":0,
        "text":"تطلع على اليوتيوب الغيره ⁇ "
    },
    {
        "start":40.17659375,
        "end":43.23096875,
        "speaker":1,
        "text":"و أمور و شاطر ⁇ "
    },
    {
        "start":43.66971875,
        "end":45.96471875,
        "speaker":1,
        "text":"عندك كاريزما و كمان إنتي قمر ⁇ "
    }
]