[
    {
        "start":0.03096875,
        "end":0.09846875,
        "speaker":0,
        "text":""
    },
    {
        "start":0.72284375,
        "end":6.05534375,
        "speaker":0,
        "text":"في مراحل كتير أوي فكان أول سؤال سألنا هو إحنا عايزين نديم نمرين مدينينين ف في مراحل كتير أوي فكان أول سؤال سألنا هو إحنا عايزين نديم نمرين مدينينين ف في مراحل كتير أوي فكان أول سؤال سألنا هو إحنا عايزين نديم نمرين مدينينين ف في مراحل كتير أوي فكان أول سؤال سألنا هو إحنا عايزين نديم نمرين مدينينين ف في مراحل كتير أوي فكان أول سؤال سألنا هو إحنا عايزين نديم ن"
    },
    {
        "start":1.65096875,
        "end":2.12346875,
        "speaker":1,
        "text":"ما راح واحد راح راح راح راح راح راح راح راح راح"
    }
]