[
    {
        "start":0.03096875,
        "end":0.82409375,
        "speaker":0,
        "text":"ب ضعفاه ⁇ "
    },
    {
        "start":1.17846875,
        "end":1.81971875,
        "speaker":0,
        "text":"الدهون ده الضغوط ⁇ "
    },
    {
        "start":1.75221875,
        "end":2.03909375,
        "speaker":1,
        "text":"دب دب دب د"
    },
    {
        "start":2.03909375,
        "end":2.32596875,
        "speaker":2,
        "text":"وده وده وده و"
    },
    {
        "start":2.32596875,
        "end":3.13596875,
        "speaker":1,
        "text":"بقالنا نتنياهو نتنياهو نتنياه"
    },
    {
        "start":2.46096875,
        "end":3.23721875,
        "speaker":0,
        "text":"الإتنين ⁇ "
    },
    {
        "start":3.59159375,
        "end":3.69284375,
        "speaker":1,
        "text":""
    },
    {
        "start":3.69284375,
        "end":3.70971875,
        "speaker":2,
        "text":""
    },
    {
        "start":3.70971875,
        "end":4.06409375,
        "speaker":1,
        "text":"هي دي دي دي دي دي دي دي دي"
    },
    {
        "start":3.72659375,
        "end":6.05534375,
        "speaker":0,
        "text":"هي دي حالة الحب اللي كانت <fil> <fil> <fil> <fil> <fil> ⁇ "
    },
    {
        "start":5.19471875,
        "end":5.21159375,
        "speaker":1,
        "text":""
    },
    {
        "start":5.21159375,
        "end":5.31284375,
        "speaker":2,
        "text":""
    },
    {
        "start":5.31284375,
        "end":5.56596875,
        "speaker":1,
        "text":"و الله و الله و الله"
    },
    {
        "start":5.56596875,
        "end":5.58284375,
        "speaker":2,
        "text":""
    },
    {
        "start":5.58284375,
        "end":5.73471875,
        "speaker":1,
        "text":""
    },
    {
        "start":6.10596875,
        "end":6.19034375,
        "speaker":1,
        "text":""
    },
    {
        "start":6.19034375,
        "end":6.29159375,
        "speaker":2,
        "text":""
    },
    {
        "start":6.29159375,
        "end":6.57846875,
        "speaker":1,
        "text":"واقصر واق"
    },
    {
        "start":7.05096875,
        "end":8.99159375,
        "speaker":0,
        "text":"اللي كان بتروح حكايه دي إن شاء الله ⁇ "
    },
    {
        "start":10.05471875,
        "end":10.72971875,
        "speaker":1,
        "text":"لا لا لا لا لا لا لا لا لا لا لا لا لا لا لا لا لا"
    },
    {
        "start":11.43846875,
        "end":11.97846875,
        "speaker":0,
        "text":"بعيط بيعيط بعيده عي"
    }
]