[
    {
        "start":0.03096875,
        "end":5.76846875,
        "speaker":2,
        "text":"<fil> <fil> <fil> <fil> <fil> <fil> <fil> <fil> <fil> <fil> <fil> <fil> <fil> <fil> <fil> <fil> <fil> <fil> <fil> <fil> ⁇ "
    },
    {
        "start":5.63346875,
        "end":7.79346875,
        "speaker":0,
        "text":"فقولت حاجات ما حدش ضحك ومخدتش ضحكت ⁇ "
    },
    {
        "start":7.82721875,
        "end":9.22784375,
        "speaker":2,
        "text":"طبعا سي معطيه معطين معطين معطين معطين معطين معطين معطين معطين معطين معطين"
    },
    {
        "start":9.22784375,
        "end":9.24471875,
        "speaker":1,
        "text":""
    },
    {
        "start":10.72971875,
        "end":13.19346875,
        "speaker":0,
        "text":"ماحدش بيضحك بتبقى مشكله ⁇ "
    },
    {
        "start":11.32034375,
        "end":11.65784375,
        "speaker":1,
        "text":"ناس ب ب ب ب ب ب ب"
    },
    {
        "start":13.49721875,
        "end":20.97284375,
        "speaker":1,
        "text":"بس إحنا كلنا نبقى عارفين الموقف ده عامله إزاي بس أنا كلنا نبقى عارفين الموقف ده عامل ⁇ "
    }
]