[
    {
        "start":0.03096875,
        "end":5.05971875,
        "speaker":0,
        "text":"<fil> في المسلسل وأكيد النقد ده يعني وصلكم و ردود الفعلي ⁇ "
    },
    {
        "start":5.26221875,
        "end":5.65034375,
        "speaker":3,
        "text":"وطم ⁇ "
    },
    {
        "start":5.65034375,
        "end":5.75159375,
        "speaker":0,
        "text":""
    },
    {
        "start":7.10159375,
        "end":10.32471875,
        "speaker":3,
        "text":"خالد يتكلم بقى يقول قولي قصه ⁇ "
    },
    {
        "start":9.46409375,
        "end":9.97034375,
        "speaker":0,
        "text":"يا رامي يا رامي يا رامي"
    },
    {
        "start":9.97034375,
        "end":11.13471875,
        "speaker":2,
        "text":" ⁇ "
    },
    {
        "start":11.91096875,
        "end":15.91034375,
        "speaker":2,
        "text":"في الموضوع بتاع أعمل إيه إن إحنا ⁇ "
    },
    {
        "start":16.65284375,
        "end":16.80471875,
        "speaker":2,
        "text":""
    },
    {
        "start":17.71596875,
        "end":23.33534375,
        "speaker":2,
        "text":"اتكلمنا قبلها في سنتين ونص سنتين ونص إيه عمرو المشروع ده ⁇ "
    },
    {
        "start":20.95596875,
        "end":21.76596875,
        "speaker":1,
        "text":"ثمتين و نديهم نديهم نديهم نديهم نديهم"
    },
    {
        "start":22.17096875,
        "end":22.30596875,
        "speaker":1,
        "text":""
    },
    {
        "start":23.40284375,
        "end":24.65159375,
        "speaker":2,
        "text":"بس هو يعني ⁇ "
    },
    {
        "start":25.59659375,
        "end":29.96721875,
        "speaker":2,
        "text":"كل ده في وقت و في حجمه في المدرب بتاعه وكل حاجه الحاله بتاعته الحاله الحاله الحاله الحاله الحاله الحاله الحاله الحاله الحاله الحاله الحاله الحاله الحاله الحاله الحاله الحاله الحاله الحاله الحاله الحاله الحاله الحاله الحاله الحاله الحاله الحاله الحاله الحاله الحال"
    }
]