[
    {
        "start":0.03096875,
        "end":3.03471875,
        "speaker":2,
        "text":"في الأماكن الحديثه في في الأماكن الحديثه في في الأماكن الحديثه في في الأماكن الحديثه في ⁇ "
    },
    {
        "start":3.03471875,
        "end":3.69284375,
        "speaker":1,
        "text":"ننقل نقطه نقطه نقطه ن"
    },
    {
        "start":3.54096875,
        "end":9.76784375,
        "speaker":0,
        "text":"أكتر الأغنيات اللي أنا بحبها طبعا الشوارع حواديت طبعا لأن ده صوت عظيم صلاح شهيدين صلاح شاهين صلاح شاهين صلاح شاهين صلاح شاهين صلاح شاهين صلاح شاهين صلاح شاهين صلاح شاهين صلاح شاهين صلاح شاهين صلاح شاهين صلاح شاهين صلاح شاهين صلاح شاهين صلاح شاهين صلاح شاهين صلاح شاهين صلاح شاهين صلاح شاهين صلاح شاهين صلاح شاهين صلاح شاهين صلاح شاهين صلاح شاهين صلاح شاهين صلاح شاهين صلاح شاهين صلاح شاهين صلاح شاهين صلاح شاهين صلاح شاهين صلاح شاهين"
    },
    {
        "start":6.30846875,
        "end":6.32534375,
        "speaker":2,
        "text":""
    },
    {
        "start":6.32534375,
        "end":6.94971875,
        "speaker":1,
        "text":"لا لا لا لا لا لا لا لا لا لا لا لا لا لا لا"
    },
    {
        "start":9.81846875,
        "end":10.25721875,
        "speaker":1,
        "text":"بعه ⁇ "
    },
    {
        "start":10.34159375,
        "end":14.96534375,
        "speaker":0,
        "text":"نسمع جزء من هذه الأغنيات رائعه لفرقة المصريين ⁇ "
    }
]