[
    {
        "start":12.75471875,
        "end":23.87534375,
        "speaker":2,
        "text":"العروسه رقم أربعه من السيد أقولها مبروك كانت كثبت معانا جهاز عروسه المقدم من مصر و خير و إن شاء الله ليوم السبت تكون تسلمك هذا ⁇ "
    },
    {
        "start":24.04409375,
        "end":25.95096875,
        "speaker":2,
        "text":"ياه سمعتي بتقولي هكلمك أه ⁇ "
    },
    {
        "start":26.27159375,
        "end":27.90846875,
        "speaker":2,
        "text":"تشوفتكو ⁇ "
    },
    {
        "start":28.93784375,
        "end":34.30409375,
        "speaker":1,
        "text":"مبروك يا منا و ربنا يا رب يكملك على خير و شرف لينا و الله إنك إنتي طبعا مسلسل يعني ⁇ "
    },
    {
        "start":35.02971875,
        "end":35.63721875,
        "speaker":1,
        "text":" ⁇ "
    },
    {
        "start":36.51471875,
        "end":44.24346875,
        "speaker":1,
        "text":"<fil> <fil> <fil> <fil> <fil> <fil> ⁇ "
    },
    {
        "start":41.42534375,
        "end":43.90596875,
        "speaker":0,
        "text":"<fil> <fil> ⁇ "
    },
    {
        "start":44.91846875,
        "end":46.25159375,
        "speaker":1,
        "text":"<fil> <fil> <fil> <fil> <fil> <f"
    },
    {
        "start":45.12096875,
        "end":45.62721875,
        "speaker":2,
        "text":"أيوه أيوه أيوه أيوه أيوه أيوه أيوه أيوه أيوه أيوه أيوه أيوه"
    },
    {
        "start":45.62721875,
        "end":46.33596875,
        "speaker":0,
        "text":"سيدنا الحسين ⁇ "
    },
    {
        "start":46.79159375,
        "end":46.97721875,
        "speaker":1,
        "text":"وده وده"
    },
    {
        "start":46.97721875,
        "end":48.27659375,
        "speaker":2,
        "text":"ما هنكره ليك ⁇ "
    },
    {
        "start":48.12471875,
        "end":50.23409375,
        "speaker":0,
        "text":"<fil> <fil> <fil> ⁇ "
    },
    {
        "start":51.24659375,
        "end":54.90846875,
        "speaker":2,
        "text":"طبعا عايزه أشكركم جميعا وإيه وعايزه أقولكوا ألف مبروك ⁇ "
    },
    {
        "start":54.94221875,
        "end":55.02659375,
        "speaker":2,
        "text":""
    },
    {
        "start":55.31346875,
        "end":58.04721875,
        "speaker":2,
        "text":"وعايزه أقولكوا إن إنتو عملتوا حاجه حلوه أوي ⁇ "
    },
    {
        "start":58.33409375,
        "end":62.33346875,
        "speaker":2,
        "text":"و ناس حبتكو أوي حبتكو أكتر يمكن الشخصيات يعني هي مرتبطه ⁇ "
    },
    {
        "start":63.09284375,
        "end":67.86846875,
        "speaker":2,
        "text":"بالشخصيات اللي عاشت بيها جوه المسلسل فأنا عايزاك برضو ⁇ "
    },
    {
        "start":68.42534375,
        "end":70.07909375,
        "speaker":2,
        "text":"يعني تختموا بطريقتهم بطريقتهمهم بطريقتهمهم بطريقتهمهم بطريقتهمهم بطريقتهمهم ب"
    },
    {
        "start":71.41221875,
        "end":74.92221875,
        "speaker":2,
        "text":"كل واحد يختم بحاجه قريبه من شخصيته أو لكن ⁇ "
    },
    {
        "start":74.98971875,
        "end":75.02346875,
        "speaker":2,
        "text":""
    },
    {
        "start":75.24284375,
        "end":84.42284375,
        "speaker":2,
        "text":"<fil> <fil> <fil> <fil> <fil> <fil> <fil> <fil> <fil> ⁇ "
    },
    {
        "start":75.56346875,
        "end":75.59721875,
        "speaker":0,
        "text":""
    },
    {
        "start":81.03096875,
        "end":83.02221875,
        "speaker":0,
        "text":"<fil> <fil> <fil> <fil> <fil> <fil> <fil> <fil> <"
    },
    {
        "start":84.42284375,
        "end":84.82784375,
        "speaker":0,
        "text":"وحشه وحشه وح"
    },
    {
        "start":84.47346875,
        "end":84.59159375,
        "speaker":2,
        "text":""
    },
    {
        "start":84.82784375,
        "end":85.65471875,
        "speaker":2,
        "text":"الصناعه ⁇ "
    },
    {
        "start":86.24534375,
        "end":90.14346875,
        "speaker":0,
        "text":"اتفضلي اتفضلي ⁇ "
    },
    {
        "start":91.29096875,
        "end":92.06721875,
        "speaker":0,
        "text":"خمس دقايق سته وخمسين سته وخمسين"
    },
    {
        "start":91.34159375,
        "end":95.27346875,
        "speaker":2,
        "text":"<fil> طبعا الأول على ⁇ "
    },
    {
        "start":96.42096875,
        "end":112.94159375,
        "speaker":0,
        "text":"الحاله اللي فلانه جايه من مسلسل إن هو ممكن ده يمكن لما طلعت بي من المزيكا لأن برضو المزيكا زي إن هي ميه مش مش حاجه في السينما بس عشان خاطر من غير مدن اه طبعا هي لغه برضو لغه الناس تتكلمها في بيحصل بينهم تواصل يعني ليها ⁇ "
    },
    {
        "start":106.73159375,
        "end":107.54159375,
        "speaker":1,
        "text":"طبعا <fil> طبعا ⁇ "
    },
    {
        "start":107.59221875,
        "end":107.64284375,
        "speaker":1,
        "text":""
    },
    {
        "start":113.48159375,
        "end":115.96221875,
        "speaker":0,
        "text":"الحاجه اللي ممكن أنا كنت راحت جايب مفاجأه موسيقى اللي ممكن أنا كنت راحت جايب موسيقى اللي ممكن أنا كنت راحت جايب مفاجأه موسيقى اللي ممكن أنا كنت راحت جايب موسيقى اللي ممكن أنا"
    }
]