[
    {
        "start":0.03096875,
        "end":3.03471875,
        "speaker":1,
        "text":"إشتغلت معاك كلمني عن العلاقه دي ⁇ "
    },
    {
        "start":3.03471875,
        "end":9.22784375,
        "speaker":0,
        "text":"أستاذ نبيل طبعا بكره برضو الشكر والتحيه يعني ⁇ "
    },
    {
        "start":9.70034375,
        "end":12.51846875,
        "speaker":0,
        "text":"هو بني ادم من جميل أوي طيب أوي زهقت أوي زهقت أوي زهقت أوي زهقت أوي زهقت أوي زهقت أوي زهقت أوي زهقت أوي زهقت أوي زهقت أوي زهقت أوي زهقت"
    },
    {
        "start":12.36659375,
        "end":13.71659375,
        "speaker":1,
        "text":"اسمه جميل ازاي اسمه جميل بالظبط إسمه جميل بالظبط ⁇ "
    },
    {
        "start":13.31159375,
        "end":16.61909375,
        "speaker":0,
        "text":"بالظبط ونبيل فأخ ⁇ "
    },
    {
        "start":17.10846875,
        "end":23.31846875,
        "speaker":0,
        "text":"فا فكننا كان في فعلا الطاقه دي بتاعت اللي هو حتى وإحنا بنقرا المشهد ⁇ "
    },
    {
        "start":18.30659375,
        "end":18.57659375,
        "speaker":1,
        "text":"ك ك ك ك ك ك ك"
    },
    {
        "start":23.65596875,
        "end":27.97596875,
        "speaker":0,
        "text":"يعني كنت كان ساعات كنا <fil> مش بنصور بترتيب ⁇ "
    }
]