[
    {
        "start":0.79034375,
        "end":3.40596875,
        "speaker":3,
        "text":"العروسه والعريس المستقبليه ⁇ "
    },
    {
        "start":4.01346875,
        "end":5.73471875,
        "speaker":3,
        "text":"اللي لمه اللي خد الموقف ⁇ "
    },
    {
        "start":6.19034375,
        "end":7.69221875,
        "speaker":3,
        "text":"واجه وصارحي ⁇ "
    },
    {
        "start":7.75971875,
        "end":8.06346875,
        "speaker":3,
        "text":"يا ريس يا ري"
    },
    {
        "start":8.11409375,
        "end":11.20221875,
        "speaker":3,
        "text":"<fil> المهم <fil> <fil> <fil> <fil> ⁇ "
    },
    {
        "start":9.41346875,
        "end":9.91971875,
        "speaker":0,
        "text":"و هانم بهانم بهان"
    },
    {
        "start":11.99534375,
        "end":15.15096875,
        "speaker":3,
        "text":"واجهة حماتها إن لأ ⁇ "
    },
    {
        "start":15.57284375,
        "end":28.78596875,
        "speaker":3,
        "text":"أنا مش حابلي سحتي على زعلك أنا <fil> <fil> <fil> <fil> <fil> <fil> <fil> <fil> <fil> ⁇ "
    },
    {
        "start":19.42034375,
        "end":20.50034375,
        "speaker":0,
        "text":"حقيقه اللعبه دي دي اللعبه دي دي اللعبه دي دي اللعبه دي دي اللعبه دي"
    },
    {
        "start":29.29221875,
        "end":34.96221875,
        "speaker":3,
        "text":"<fil> <fil> <fil> <fil> <fil> <fil> <fil> <fil> <fil> <fil> <fil> <fil> ⁇ "
    },
    {
        "start":30.03471875,
        "end":31.36784375,
        "speaker":1,
        "text":"<fil> <fil> <fil> <fil> <fil> <f"
    },
    {
        "start":31.72221875,
        "end":33.91596875,
        "speaker":1,
        "text":"لا لا لا لا لا لا لا لا <fil> <fil> <fil> <fil> <fil> <fil> <fil> <fil"
    },
    {
        "start":34.96221875,
        "end":46.45409375,
        "speaker":2,
        "text":"<fil> <fil> <fil> <fil> <fil> <fil> <fil> ⁇ "
    },
    {
        "start":35.21534375,
        "end":35.29971875,
        "speaker":3,
        "text":""
    },
    {
        "start":35.97471875,
        "end":36.48096875,
        "speaker":3,
        "text":"ده و لا و لا و لا و لا و لا و"
    },
    {
        "start":46.74096875,
        "end":47.80409375,
        "speaker":2,
        "text":"وإدتهالها ⁇ "
    },
    {
        "start":47.93909375,
        "end":101.02784375,
        "speaker":2,
        "text":"الشكل المظبوط أو النهايه المظبوطه مش النهايه عشان إحنا عايزين نهايه حلوه في الآخر ولما شمل لينا لأ هو إدى النهايه اللي فيها تعليم فيها ثقافه دايما يقول إيه ليه بنقدم ساعات حاجات مش مظبوطه ليه بنقدم مثلا مناظر في مصر مش حلوه إحنا عندنا في حاجات حلوه لكن هو حط يعني هاني في الآخر لأن الشكل الطبيعي اللي لازم يكون عليه سواء المرأه في إحتوئها في كل حاجه في حياتها ⁇ "
    },
    {
        "start":82.78596875,
        "end":82.90409375,
        "speaker":3,
        "text":""
    },
    {
        "start":82.93784375,
        "end":83.03909375,
        "speaker":3,
        "text":""
    },
    {
        "start":83.03909375,
        "end":83.07284375,
        "speaker":0,
        "text":""
    },
    {
        "start":83.86596875,
        "end":84.99659375,
        "speaker":3,
        "text":"<fil> <fil> <fil> <fil> <fi"
    },
    {
        "start":100.01534375,
        "end":107.84534375,
        "speaker":3,
        "text":"مخرجين الراجل يعني يعرف إزاي بيكشفوا عشان يعرفوا ⁇ "
    },
    {
        "start":103.87971875,
        "end":140.07659375,
        "speaker":0,
        "text":"من غير ما نبقى ماسكين عصايه كده وبنعلم وبنقول <fil> من غير ما نبقى ماسكين عصايه كده وبنعلم وبنقول <fil> من غير ما نبقى ماسكين عصايه كده وبنعلم وبنقول ⁇ "
    },
    {
        "start":115.23659375,
        "end":116.18159375,
        "speaker":2,
        "text":"سبحان الله سبحانه وتعالى سبي حلة صديقي"
    },
    {
        "start":129.78284375,
        "end":130.50846875,
        "speaker":1,
        "text":"وليه بميه بميه بميه بميه بليغ"
    },
    {
        "start":139.55346875,
        "end":146.06721875,
        "speaker":1,
        "text":"هي حلوه أوي لقطة طالما في التلاجه المصري والمستورد الفرق قد كده طب ما نجيب مصلحه ⁇ "
    },
    {
        "start":144.37971875,
        "end":146.03346875,
        "speaker":0,
        "text":"<fil> أه ⁇ "
    },
    {
        "start":146.62409375,
        "end":149.69534375,
        "speaker":1,
        "text":"المسأله بس عايزه أقول ⁇ "
    },
    {
        "start":147.18096875,
        "end":147.40034375,
        "speaker":3,
        "text":"التانيه تشد"
    },
    {
        "start":150.21846875,
        "end":153.61034375,
        "speaker":1,
        "text":"إحنا وده أنا وهيتعامله قبل كده إن إحنا قررنا إن إحنا نقرأنا إن إحنا نقررنا إن إحنا نقررنا إن إحنا نقررنا إن إحنا نقررنا إن إحنا نقررنا إن إحنا نقررنا إن إحنا نقررنا إن إحنا نقررنا إن إحنا نقررنا إن إحنا نقرأنا إن إحنا"
    },
    {
        "start":150.25221875,
        "end":150.64034375,
        "speaker":0,
        "text":"اللحنه اللحن"
    },
    {
        "start":150.64034375,
        "end":150.65721875,
        "speaker":3,
        "text":""
    },
    {
        "start":154.03221875,
        "end":158.20034375,
        "speaker":1,
        "text":"نحول الفرحه اللي في الأسره دي الأسره اللي إحنا عايشينها معاه تلات شهور ⁇ "
    },
    {
        "start":158.43659375,
        "end":159.97221875,
        "speaker":1,
        "text":"لفره حقيقيه إيه ده إيه ده إيه ده إيه ده إيه ده إيه ده إيه ده إيه ده إيه ده إيه ده إيه ده إيه ده إيه ده إيه ده إيه ده إيه ده إيه"
    }
]