[
    {
        "start":0.03096875,
        "end":4.36784375,
        "speaker":1,
        "text":"عبرت عنها بشكل جميل جدا فأنا بلبس لبس لبس لبس لبس لبس لبس لبس لبس لبس لبس لبس لبس لبس لبس لبس لبس لبس لبس لبس لبس لبس لبس لبس لبس لبس لبس لبس لبس لبس لبس لبس لبس لبس لبس لبس لبس لبس لبس لبس لبس لبس لبس لبس لبس لبس لبس لبس لبس"
    },
    {
        "start":3.87846875,
        "end":4.92471875,
        "speaker":3,
        "text":"الإسلام السيسي ⁇ "
    },
    {
        "start":5.63346875,
        "end":7.96221875,
        "speaker":1,
        "text":"<fil> لا لا لا لا لا لا لا لا لا لا لا لا لا <fil> <fil> <fil> <fil> <fil> <fil> يعني في أول"
    },
    {
        "start":7.05096875,
        "end":10.49346875,
        "speaker":3,
        "text":"أنا عملاه فكر هو قلع النضاره كان لابس لامسيز ⁇ "
    },
    {
        "start":10.32471875,
        "end":12.78846875,
        "speaker":1,
        "text":"اتقطعت في النص و كملت من غيرها في أه أنا في النص و كملت من غيرها ⁇ "
    },
    {
        "start":12.55221875,
        "end":13.09221875,
        "speaker":3,
        "text":"من ⁇ "
    },
    {
        "start":13.04159375,
        "end":15.64034375,
        "speaker":1,
        "text":"كابتن سعد زغلول صلى الله عليه وسلم عليه ده بكره ده بكره ده بكره ده بكره ده بكره ده بكره ده بكره ده بكره ده بكره ده بكره ده بكره ده بكره ده ب"
    },
    {
        "start":15.97784375,
        "end":18.42471875,
        "speaker":3,
        "text":"إنت بالظبط إحنا نازل عن النضاره هتشوف ازاي من النضاره هتشوف ازاي ⁇ "
    },
    {
        "start":18.30659375,
        "end":20.21346875,
        "speaker":1,
        "text":"بالظبط أنا عايز أعيش في الضهر دي ⁇ "
    },
    {
        "start":18.84659375,
        "end":19.58909375,
        "speaker":3,
        "text":"عليه الصلاة والسلام عليه الصلاة والسلام عليه الص"
    },
    {
        "start":20.34846875,
        "end":22.05284375,
        "speaker":3,
        "text":"و إنت مبتغدش أه يعني أنا يعني أنا مغبش أه يعني أنا يعني أنا مغبش ⁇ "
    },
    {
        "start":21.51284375,
        "end":26.22096875,
        "speaker":1,
        "text":"يعني ركزي أنا في <fil> يعني أنا <fil> يعني أنا أصل من غير النضاره مبشوفش البعيد ⁇ "
    },
    {
        "start":26.71034375,
        "end":29.37659375,
        "speaker":3,
        "text":"طيب ما أنا بتعامل على قريبين منين على القريبين أنا بتعامل على القريبين أنا بتعامل على القريبين أنا بتعامل على القريبين أنا بتعامل على القريبين ⁇ "
    },
    {
        "start":27.77346875,
        "end":30.89534375,
        "speaker":1,
        "text":"التمانين أنا بتعامل على القريبين الممثلين ⁇ "
    },
    {
        "start":29.76471875,
        "end":33.86534375,
        "speaker":3,
        "text":"<fil> <fil> <fil> ⁇ "
    },
    {
        "start":32.11034375,
        "end":33.73034375,
        "speaker":1,
        "text":"<fil> <fil> <fil> ⁇ "
    },
    {
        "start":34.75971875,
        "end":46.38659375,
        "speaker":3,
        "text":"فالمسلسل صعب يعني بيتهيألي عليك و كلكو مش بس على علطها المسلسل مش سهل حسن مسلسل ده كان صعب ولا سهل بالنسبالي ⁇ "
    },
    {
        "start":35.77221875,
        "end":35.78909375,
        "speaker":2,
        "text":""
    },
    {
        "start":35.78909375,
        "end":36.22784375,
        "speaker":1,
        "text":"لنفسه ونفسي نفسص"
    },
    {
        "start":36.22784375,
        "end":36.27846875,
        "speaker":2,
        "text":""
    },
    {
        "start":36.27846875,
        "end":36.29534375,
        "speaker":0,
        "text":""
    },
    {
        "start":47.01096875,
        "end":47.93909375,
        "speaker":0,
        "text":"الواقع ⁇ "
    },
    {
        "start":47.93909375,
        "end":49.93034375,
        "speaker":3,
        "text":"<fil> <fil> <fil> <fil> <fil> <fil> <fil> <fil> <"
    },
    {
        "start":49.71096875,
        "end":51.09471875,
        "speaker":0,
        "text":"ولا أنا بستفيد سته سته سته سته سته سته سته سته سته سته سته سته سته سته"
    },
    {
        "start":51.09471875,
        "end":55.65096875,
        "speaker":2,
        "text":"<fil> في بقى هنا شراشيب في شبكة <fil> <fil> <fil> <fil> <fil> <fil> <fil> <fil> <fil> <fil> <fil> <fil> <fil> <fil> <fil> <fil>"
    },
    {
        "start":51.11159375,
        "end":51.49971875,
        "speaker":0,
        "text":"يا عيني يا عيني يا"
    },
    {
        "start":51.49971875,
        "end":54.18284375,
        "speaker":3,
        "text":"في بقى هنا شارع شيرين شيرين شيرين شيرين شيرين شيرين شيرين شيرين شيرين شيرين شيرين شيرين شيرين شيرين شيرين شيرين شيرين شيرين شيرين شير شي"
    },
    {
        "start":55.02659375,
        "end":59.09346875,
        "speaker":0,
        "text":"<fil> <fil> <fil> <fil> <fil> <fil> <fil> <fil> <fil> <fil> <fil> <fil> <fil> <fil> <fil> <fil> <fil"
    },
    {
        "start":59.09346875,
        "end":60.84846875,
        "speaker":3,
        "text":"يا سلام لأ أه لأ لأ لأ لأ لأ لأ لأ لأ لأ لأ لأ لأ لأ لأ لأ لأ لأ لأ لأ لأ لأ لأ لأ لأ لأ لأ لأ لأ لأ لأ لأ لأ لأ لأ لأ لأ لأ لأ لأ لأ"
    },
    {
        "start":59.53221875,
        "end":60.02159375,
        "speaker":0,
        "text":"عماله ايه ايه ايه ايه ا"
    },
    {
        "start":60.66284375,
        "end":63.31221875,
        "speaker":0,
        "text":"<fil> <fil> <fil> <fil> <fil> <fil> <fil> <fil> <fil> <fil> في حاجات دراسه"
    },
    {
        "start":60.84846875,
        "end":60.88221875,
        "speaker":2,
        "text":""
    },
    {
        "start":62.31659375,
        "end":62.97471875,
        "speaker":1,
        "text":"نا قعدوا يقعدوا يقعدوا يقعدوا يقعدوا"
    },
    {
        "start":62.97471875,
        "end":64.79721875,
        "speaker":3,
        "text":"حاجات ورينا كده صغير بعد ما تفتكرينا كده صغير و ⁇ "
    },
    {
        "start":63.90284375,
        "end":67.17659375,
        "speaker":0,
        "text":"<fil> <fil> <fil> <fil> <fil> <fil> <fil> <fil> <fil> <fil> <fil> <fil> <fil> <fi"
    },
    {
        "start":65.32034375,
        "end":66.21471875,
        "speaker":3,
        "text":"<fil> <fil> <fil> <fi"
    },
    {
        "start":67.96971875,
        "end":77.97659375,
        "speaker":0,
        "text":"<fil> <fil> <fil> <fil> <fil> <fil> <fil> <fil> <fil> <fil> <fil> <fil> <fil> <fil> <fil> <fil> <fil> <fil> ⁇ "
    }
]