[
    {
        "start":0.03096875,
        "end":3.01784375,
        "speaker":0,
        "text":"كله كان في نفس الاتجاه و ده حاجه ⁇ "
    },
    {
        "start":3.22034375,
        "end":4.77284375,
        "speaker":0,
        "text":"ربنا ونجمعها ⁇ "
    },
    {
        "start":5.12721875,
        "end":10.25721875,
        "speaker":0,
        "text":"على قد إن أنا فرحان على قد ما أنا كمان متحمل مسؤوليه إن العمل اللي جاي ⁇ "
    },
    {
        "start":10.25721875,
        "end":10.83096875,
        "speaker":3,
        "text":"إسمه إيه يسعى إرتفع ⁇ "
    },
    {
        "start":10.72971875,
        "end":15.58971875,
        "speaker":0,
        "text":"لازم يزن ربنا سبحانه وتعالى ونعم بالله إنت استعدني فيه أكتر عشان أقدر أعمل حاجه على المستوى ⁇ "
    },
    {
        "start":12.29909375,
        "end":12.78846875,
        "speaker":3,
        "text":"تقديم اليمين اليمين"
    },
    {
        "start":14.32409375,
        "end":16.29846875,
        "speaker":3,
        "text":"أعمل بعد المستوى أقل من ناحية المستوى أقل من ناحية المستوى أعلم إنها سبحان الله سبحانه وتعالى ⁇ "
    },
    {
        "start":16.09596875,
        "end":22.12034375,
        "speaker":0,
        "text":"إم فده اللي أنا إتعلمته و ده اللي أنا مستنيه من رب جدا جدا جدا فده اللي أنا إتعلمته و ده اللي أنا مستنيه من رب ⁇ "
    },
    {
        "start":22.12034375,
        "end":25.76534375,
        "speaker":1,
        "text":"<fil> <fil> <fil> <fil> <fil> <fil> <fil> <fil> <fil> <fil> <fil> <fil> <fil> <fil> <fil> ⁇ "
    },
    {
        "start":26.10284375,
        "end":26.13659375,
        "speaker":0,
        "text":""
    },
    {
        "start":26.13659375,
        "end":26.38971875,
        "speaker":2,
        "text":"ها هايها"
    },
    {
        "start":26.38971875,
        "end":26.40659375,
        "speaker":0,
        "text":""
    },
    {
        "start":26.50784375,
        "end":28.90409375,
        "speaker":1,
        "text":"إختبار قبل المخرج المخرج ⁇ "
    },
    {
        "start":27.31784375,
        "end":31.80659375,
        "speaker":2,
        "text":"المخرج تمام أنا عايز أقول إن الحب لا يباع ولا يشتوقن الحب لا يباع ولا يشتوقن الحب لا يباع ولا يشتوقن الحب لا يباع ولا يشتوق ⁇ "
    },
    {
        "start":32.32971875,
        "end":35.13096875,
        "speaker":2,
        "text":"مبسوط إن مسلسل أبو العروس صح ⁇ "
    },
    {
        "start":35.56971875,
        "end":41.96534375,
        "speaker":2,
        "text":"وصلنا لقلوب الناس دي حاجه بالنسبالي يعني حاجه كانت فوق الخيال أو ما ⁇ "
    }
]