[
    {
        "start":0.03096875,
        "end":1.53284375,
        "speaker":0,
        "text":"دي ممكن تسأليه قعدته تسأليه قعدته ⁇ "
    },
    {
        "start":2.27534375,
        "end":4.28346875,
        "speaker":0,
        "text":"اللي خلاني أبعتلي رسالهزيت ⁇ "
    },
    {
        "start":5.29596875,
        "end":6.13971875,
        "speaker":0,
        "text":"عليا لنفسي الدبل الدبل الدبلوماسيه لجنة"
    },
    {
        "start":7.38846875,
        "end":7.91159375,
        "speaker":0,
        "text":"عايزه أركب أركب أركب"
    },
    {
        "start":8.40096875,
        "end":9.21096875,
        "speaker":0,
        "text":"منيش ⁇ "
    },
    {
        "start":10.27409375,
        "end":11.45534375,
        "speaker":0,
        "text":"<fil> وحضرتك شرف وحضرتك شرف وحضرتك شرف وحضرتك شرف وحضرتك"
    }
]