[
    {
        "start":0.03096875,
        "end":0.36846875,
        "speaker":0,
        "text":"لا لا لا لا لا لا لا لا"
    },
    {
        "start":1.06034375,
        "end":2.20784375,
        "speaker":1,
        "text":"عاوز إم هي هي هي هي هي هي هي هي هي هي هي هي هي هي هي هي هي هي هي هي هي هي هي هي هي هي"
    },
    {
        "start":1.93784375,
        "end":3.91221875,
        "speaker":0,
        "text":"هي دي كانت المجازه بالنسبالنا ⁇ "
    }
]