[
    {
        "start":1.97159375,
        "end":22.33971875,
        "speaker":0,
        "text":"لبعض الآخر ضد هذه العاده السيئه بس أكتر من سبعه و عشرين دوله إفريقيا ما زالت تمارس هذه العداله حتى هذا اليوم ⁇ "
    },
    {
        "start":22.76159375,
        "end":38.08409375,
        "speaker":0,
        "text":"هنا عندنا في مصر في عام ألفين وتلاته صدر أول برنامج حكومي لمصرت ختان الانبس و بالتحديد في عام ألفين وتمانيه صدق قانون لتاجرين كل من يشارك أو يقوم بختان ⁇ "
    },
    {
        "start":38.53971875,
        "end":39.33284375,
        "speaker":0,
        "text":"هذا ⁇ "
    },
    {
        "start":39.46784375,
        "end":40.61534375,
        "speaker":0,
        "text":"وحتى هذا اليوم ⁇ "
    },
    {
        "start":40.81784375,
        "end":43.41659375,
        "speaker":0,
        "text":"مصر بتتصدر المركز الأول عالميا ⁇ "
    },
    {
        "start":43.58534375,
        "end":44.05784375,
        "speaker":0,
        "text":"فيك ⁇ "
    },
    {
        "start":44.20971875,
        "end":60.83159375,
        "speaker":0,
        "text":"ختان الإناسب الموضوع طبعا موضوع حساس جدا و عشاق جدا و لكن إحنا عصام إن إحنا نفتح هذا الموضوع مع حضراتكم ونتكلم في نتمنى إن إنتي قولتيتي تشاركوا معانا في هذه الفقره هيكون معانا الأستاذه مصطفي عموم الخبير قانوني للبلد القومي ⁇ "
    },
    {
        "start":61.05096875,
        "end":63.53159375,
        "speaker":0,
        "text":"في الأسره ناهد الختام أهلا بحضرتك ⁇ "
    },
    {
        "start":64.15596875,
        "end":81.94221875,
        "speaker":0,
        "text":"الأستاذه إيمان حسين وهي طالبه في كلية أداب قسم مسرح وإمان كان ليها الحقيقه تجربه متفرده إن هي قدرت إن هي تقاوم أسرتها وعرتها إن هما ميخدوهاش وراها اتكلمنا عن الموضوع تحت ⁇ "
    },
    {
        "start":83.15721875,
        "end":91.30784375,
        "speaker":0,
        "text":"واحد برحب بيك يا إيمان هنبدأ الأول بيكي عايزين نعرف بقى إزاي قوانتي موضوع الختان و كانوا عمرك قد إيه ⁇ "
    },
    {
        "start":92.28659375,
        "end":95.37471875,
        "speaker":1,
        "text":"هو أنا اتربيت في مكان اسمه بشيء ⁇ "
    },
    {
        "start":95.40846875,
        "end":97.16346875,
        "speaker":1,
        "text":"يعني مامتي شغاله فيه ⁇ "
    },
    {
        "start":97.45034375,
        "end":106.32659375,
        "speaker":1,
        "text":"فكان طول الوقت عندنا فكرة التوعيه ضد الختان الإناسب وطول الوقت عارفه إيه حقوقي و الحاجات اللي أنا المفروض طالب بيها يعني ⁇ "
    },
    {
        "start":107.08596875,
        "end":115.84409375,
        "speaker":1,
        "text":"فجه وقت كده كنت في المدرسه فصحابي بيعملوا العمليه فروحت مره قلت إنما أنا أصحابي في مدرسه يعملوا عملية الحته دي ⁇ "
    },
    {
        "start":115.87784375,
        "end":120.83909375,
        "speaker":1,
        "text":"وقعدت أكلمها وأنا عيشه في الموضوع وقولتلها يعني إن أنا أعرفه إن ده مينفعش يعني ⁇ "
    },
    {
        "start":120.43409375,
        "end":120.82221875,
        "speaker":0,
        "text":"امين ينينيين ين"
    },
    {
        "start":121.21034375,
        "end":136.41471875,
        "speaker":1,
        "text":"دي حاجه من جسمها فمينفعش حد يمسها كان عمرك كام سنه تقريبا عشر سنين أو حداشر سنه بسين صغير إزاي جدا إم ⁇ "
    },
    {
        "start":126.81284375,
        "end":127.80846875,
        "speaker":0,
        "text":"قبله أو ⁇ "
    },
    {
        "start":135.94221875,
        "end":136.31346875,
        "speaker":0,
        "text":"وهما ينوان ين"
    },
    {
        "start":136.58346875,
        "end":144.34596875,
        "speaker":1,
        "text":"بس ساعتها يعني أصحاب ماما اللي معاه في الشغل بدأوا يطرحوا عليها ⁇ "
    },
    {
        "start":136.87034375,
        "end":137.66346875,
        "speaker":0,
        "text":"وبالتالي باي باي باي باي باي ب"
    },
    {
        "start":144.70034375,
        "end":149.67846875,
        "speaker":1,
        "text":"إن هو إنتي ليه ليه لحد دلوقتي <fil> ليه لحد دلوقتي <fil> <fil> <fil> <fil> ⁇ "
    },
    {
        "start":148.42971875,
        "end":148.76721875,
        "speaker":0,
        "text":"دب دب دب دب"
    },
    {
        "start":149.69534375,
        "end":149.71221875,
        "speaker":1,
        "text":""
    },
    {
        "start":149.74596875,
        "end":149.76284375,
        "speaker":1,
        "text":""
    },
    {
        "start":149.83034375,
        "end":155.82096875,
        "speaker":1,
        "text":"وجزء برضو من أهالينا قعدوا يكلملوها زي ما مات حاططه يعني اتكلمها ⁇ "
    },
    {
        "start":156.54659375,
        "end":163.76909375,
        "speaker":1,
        "text":"فأنا ساعتها روحت كلمته ماما قولتلها بصي دي حاجه دي حاجه خاصه بيا أنا مينفعش تعمليها ⁇ "
    },
    {
        "start":164.27534375,
        "end":171.51471875,
        "speaker":1,
        "text":"<fil> <fil> <fil> <fil> <fil> <fil> <fil> <fil> <fil> <fil> <fil> <fil> <fil> ⁇ "
    },
    {
        "start":168.19034375,
        "end":168.25784375,
        "speaker":0,
        "text":""
    },
    {
        "start":168.39284375,
        "end":168.52784375,
        "speaker":0,
        "text":""
    },
    {
        "start":170.67096875,
        "end":174.50159375,
        "speaker":0,
        "text":"العمليه التجارب كمان اللي مروا بيها أصدقائك في المدرسه ⁇ "
    },
    {
        "start":174.21471875,
        "end":187.22534375,
        "speaker":1,
        "text":"أو سمحت بقى إن هو في بتقعد مثلا تلات أربع تيام مش عارفه تمشي و في نظيف في حاجات دي كلها فا فكان عندي خوف طول الوقت و عماله بتخيل نفسي وانا في المشهد ده هبقى عامله إزاي وأنا ⁇ "
    },
    {
        "start":187.61346875,
        "end":190.87034375,
        "speaker":1,
        "text":"ولا كمان صغيرا إزاي صحابي يعني ⁇ "
    },
    {
        "start":191.20784375,
        "end":193.21596875,
        "speaker":1,
        "text":"يلا بينا يلا بينا يلا كده يلا كده ⁇ "
    },
    {
        "start":191.25846875,
        "end":192.79409375,
        "speaker":0,
        "text":"<fil> <fil> <fil> <fil> <fil> <fil> <"
    },
    {
        "start":193.90784375,
        "end":210.54659375,
        "speaker":1,
        "text":"بس هو قالتلي يعني كان أصحابي هو بيقولولي حتى و قرايبنا ده إنتي لما هتعملي عمليه جسمك هي الفرق وقت بدأتي تبقي تخيره و كده إم بس أنا مكنتش عايزه ده يعني أنا عايزه أفضل أنا ودي حاجه خاصه يعني حاجه خاصه بيا أنا فمينفعش ⁇ "
    },
    {
        "start":203.20596875,
        "end":203.71221875,
        "speaker":0,
        "text":"السلام عليه الصلاة والسلام الس"
    },
    {
        "start":204.75846875,
        "end":205.21409375,
        "speaker":0,
        "text":"ياه يا ناي يا ناي يا"
    },
    {
        "start":211.33971875,
        "end":216.21659375,
        "speaker":1,
        "text":"مش هعمل عمليه وماما برضو كانت ضد ⁇ "
    },
    {
        "start":216.30096875,
        "end":225.51471875,
        "speaker":1,
        "text":"إم بس كانت من وقت للتاني بتقول طيب ممكن نستشهد الدكتور أو ممكن نعمل كذا إم فأنا كنت أقولها لأ يعني الدكتور مين اللي أي ⁇ "
    },
    {
        "start":222.12284375,
        "end":222.20721875,
        "speaker":0,
        "text":""
    },
    {
        "start":226.37534375,
        "end":230.64471875,
        "speaker":1,
        "text":"يعني إيه شفني أوي يعني والحاجه دي في حاجه بتاعتي أنا يعني طلبت عليا <fil> <fil> <fil> <fil> <fil> <fil> <fil> <fil> <fil> ⁇ "
    },
    {
        "start":229.76721875,
        "end":230.47596875,
        "speaker":0,
        "text":"عليه الصلاة والسلام عليه الصلاة والسلام عليه"
    },
    {
        "start":230.99909375,
        "end":235.77471875,
        "speaker":1,
        "text":"مع الوقت بقى عندي لإدراكوا بقى عندي مع القرايه و ما قعدت أطلع ⁇ "
    },
    {
        "start":236.29784375,
        "end":245.66346875,
        "speaker":1,
        "text":"<fil> <fil> <fil> <fil> <fil> <fil> <fil> <fil> ⁇ "
    },
    {
        "start":243.25034375,
        "end":243.84096875,
        "speaker":0,
        "text":"وانا أيامك كان أيامك كان أيامك كان"
    },
    {
        "start":245.95034375,
        "end":246.22034375,
        "speaker":1,
        "text":"وين ينن ين"
    },
    {
        "start":246.43971875,
        "end":255.24846875,
        "speaker":1,
        "text":"طبعا اللي حوالينا مقتنعوش و كان في نجاحاته أه مش جديده أه يعني كان بولس طول الوقت من سنه للتانيه ⁇ "
    },
    {
        "start":248.90346875,
        "end":250.48971875,
        "speaker":0,
        "text":"أه مش شهيده هديه <fil> <fil> ⁇ "
    },
    {
        "start":255.73784375,
        "end":260.91846875,
        "speaker":1,
        "text":"قريب هيسألوها هي عملتي العمليه ليهم ولا لأ ومش عارفه إيه <fil> ⁇ "
    },
    {
        "start":261.47534375,
        "end":265.45784375,
        "speaker":1,
        "text":"<fil> <fil> <fil> <fil> <fil> <fil> <fil> <fil> <fil> <fil> ⁇ "
    },
    {
        "start":266.40284375,
        "end":273.06846875,
        "speaker":1,
        "text":"و هما هما يعني إحنا كنا بنقعد نتكلم يعني ماما كانت فاتحاله مجال المناقشه إن إحنا نقعد نتكلم في ⁇ "
    },
    {
        "start":266.57159375,
        "end":267.19596875,
        "speaker":0,
        "text":"هما يعني هما يعني هما يعني هما يعني هما يعهموا يع"
    },
    {
        "start":271.98846875,
        "end":273.11909375,
        "speaker":0,
        "text":"ده مع بعض ده جمبينا مع بعض ده جمبينا مع بعض ده جمبينا مع بعض ده جمبي"
    },
    {
        "start":273.11909375,
        "end":274.03034375,
        "speaker":1,
        "text":"ده مهم جدا جدا جدا جدا جدا جدا جدا جدا جدا جدا جدا جدا جدا جدا جدا جدا جدا جدا جدا جدا جدا"
    },
    {
        "start":274.03034375,
        "end":290.98971875,
        "speaker":0,
        "text":"<fil> يعني ده موضوع الحقيقه مهم جدا هنرجع للتاني إيمان أستاذ مصطفى يعني عايزين نفتح بقى مع حضرتك الموضوع ده بشكل ⁇ "
    },
    {
        "start":274.26659375,
        "end":276.51096875,
        "speaker":1,
        "text":"هي برضو لولادتك إن هو بيستهدف ليك ليك ⁇ "
    },
    {
        "start":279.95346875,
        "end":282.24846875,
        "speaker":1,
        "text":"<fil> يعني <fil> <fil> <fil> ⁇ "
    },
    {
        "start":291.17534375,
        "end":308.97846875,
        "speaker":0,
        "text":"<fil> يعني <fil> يعني <fil> يعني <fil> يعني <fil> <fil> <fil> <fil> <fil> <fil> <fil> ⁇ "
    },
    {
        "start":298.78596875,
        "end":299.03909375,
        "speaker":1,
        "text":"با با با"
    }
]