[
    {
        "start":0.03096875,
        "end":2.25846875,
        "speaker":0,
        "text":"<fil> يعني <fil> يعني <fil> يعني <fil> يعني <fil> يعني <fil> يعني <fil> يعني <fil>"
    },
    {
        "start":2.81534375,
        "end":28.71846875,
        "speaker":0,
        "text":"ههههههههههههههههههههههههههههههههههههههههههههههههههههههههههههههههههههههههههههههههههه ⁇ "
    },
    {
        "start":5.56596875,
        "end":5.88659375,
        "speaker":1,
        "text":"وعايز وعايز"
    },
    {
        "start":8.19846875,
        "end":11.48909375,
        "speaker":1,
        "text":"<fil> <fil> <fil> <fil> <fil> <fil> <fil> <fil> <fil> <fil> <fil> <fil> <fil> <fi"
    },
    {
        "start":14.22284375,
        "end":18.54284375,
        "speaker":1,
        "text":"<fil> <fil> <fil> <fil> <fil> <fil> <fil> <fil> <fil> ⁇ "
    },
    {
        "start":24.63471875,
        "end":26.35596875,
        "speaker":1,
        "text":"قول بقى السرعه ⁇ "
    },
    {
        "start":29.14034375,
        "end":54.97596875,
        "speaker":0,
        "text":"إحنا قرينا طبعا المشهد كلنا و كنا عارفين إن إحنا أه بالظبط فاستناميه لغاية ما عرفنا الحمد لله إن هما هيعملوه في اليوم الفلاني تقريبا كلنا باكل ⁇ "
    },
    {
        "start":31.62096875,
        "end":32.05971875,
        "speaker":1,
        "text":"إن احنا ها ها ها ها "
    },
    {
        "start":37.91534375,
        "end":39.78846875,
        "speaker":1,
        "text":"<fil> <fil> <fil> <fil> <fil> ⁇ "
    },
    {
        "start":40.71659375,
        "end":41.20596875,
        "speaker":1,
        "text":"اللطيفين لطيفين لطيف"
    },
    {
        "start":46.09971875,
        "end":46.43721875,
        "speaker":1,
        "text":"فين فين فين فين"
    },
    {
        "start":48.81659375,
        "end":49.49159375,
        "speaker":1,
        "text":"الدكاتره الدكاتره الدكاتره الدك"
    }
]