[
    {
        "start":0.03096875,
        "end":5.09346875,
        "speaker":1,
        "text":"مطلعت الورق ده شوية تفاصيل زياده بس ⁇ "
    },
    {
        "start":4.92471875,
        "end":5.21159375,
        "speaker":0,
        "text":"دي فين فين فين"
    },
    {
        "start":5.21159375,
        "end":5.22846875,
        "speaker":1,
        "text":""
    },
    {
        "start":5.24534375,
        "end":6.35909375,
        "speaker":1,
        "text":"فا ⁇ "
    },
    {
        "start":6.88221875,
        "end":8.11409375,
        "speaker":1,
        "text":"و إنت إشتغلت على في و إنت إشتغلت على في و إنت إشتغلت على في و إنت إشتغلت على"
    },
    {
        "start":6.93284375,
        "end":15.70784375,
        "speaker":0,
        "text":"و إنت إشتغلت على كل الأبطال يعني إنت مهتمتش مثلا ب أسرة عاده بس أو ب شخصية نجمه أو اتنين أو شخصيه إنت ضربت الناس بأكتر من شخصيه ⁇ "
    },
    {
        "start":16.55159375,
        "end":17.96909375,
        "speaker":1,
        "text":"أنا و أنا يعني أنا و أنا يعني أنا و أنا يعني أنا و أنا ⁇ "
    }
]