[
    {
        "start":0.03096875,
        "end":13.85159375,
        "speaker":1,
        "text":"خدت جابر وعبير ده لوحده قصه إزاي إتنين يرجعوا لبعض تاني من بعد لما ميكونش في بينهم حب المحب ده بيجدد كل يوم ما فيش حاجه إسمها نحب ابتدى ⁇ "
    },
    {
        "start":9.48096875,
        "end":10.52721875,
        "speaker":0,
        "text":"ربنا يباركلك وياند وياند و يانك وياند و يانك و"
    },
    {
        "start":12.72096875,
        "end":15.52221875,
        "speaker":0,
        "text":"عايز أقولك على حاجه زي بطلعت كسره مانسيه ⁇ "
    },
    {
        "start":16.14659375,
        "end":17.15909375,
        "speaker":1,
        "text":"<fil> <fil> <fil> <fil> "
    },
    {
        "start":16.29846875,
        "end":26.81159375,
        "speaker":0,
        "text":"<fil> <fil> <fil> <fil> <fil> <fil> <fil> ⁇ "
    },
    {
        "start":17.80034375,
        "end":21.44534375,
        "speaker":1,
        "text":"العلاقه الرز كله كل المسلسل لا لأ بس أنا بقولك ⁇ "
    },
    {
        "start":22.49159375,
        "end":22.99784375,
        "speaker":1,
        "text":"رامي تالت تامر تامر"
    },
    {
        "start":24.68534375,
        "end":25.34346875,
        "speaker":1,
        "text":"مثلا أنا هسألهاش أنا هسألها"
    },
    {
        "start":27.21659375,
        "end":28.80284375,
        "speaker":0,
        "text":"وراح ⁇ "
    },
    {
        "start":29.96721875,
        "end":40.12596875,
        "speaker":0,
        "text":"<fil> <fil> <fil> <fil> <fil> <fil> <fil> <fil> <fil> <fil> ⁇ "
    },
    {
        "start":30.47346875,
        "end":33.25784375,
        "speaker":1,
        "text":"<fil> <fil> <fil> <fil> <fil> <fil> ⁇ "
    },
    {
        "start":37.61159375,
        "end":37.78034375,
        "speaker":1,
        "text":""
    },
    {
        "start":37.79721875,
        "end":37.88159375,
        "speaker":1,
        "text":""
    },
    {
        "start":38.03346875,
        "end":43.06221875,
        "speaker":1,
        "text":"<fil> <fil> <fil> <fil> <fil> <fil> <fil> <fil> <fil> <fil> <fil> <fil> <fil> <fil> <fil> ⁇ "
    },
    {
        "start":42.45471875,
        "end":49.01909375,
        "speaker":0,
        "text":"<fil> <fil> <fil> <fil> <fil> <fil> <fil> <fil> <fil> <fil> <fil> <fil> <fil> <fil> <fil> <fil> <fil> <fil> ⁇ "
    },
    {
        "start":45.93096875,
        "end":60.94971875,
        "speaker":1,
        "text":"أهلا وسهلا بحضرتك يا فندم أهلا وسهلا إم فأنا وده وده برضو اللي أقرب الناس للمسلسل إني إنتي شوفتي لحمه و جنب إحنا كلنا بنغلط وده برضو اللي أقرب الناس للمسلسل إني إنتي شوفتي لحمه و جنب إحنا كلنا بنغلط وده برضو اللي أقرب الناس للمسلسل إني إنتي شوفتي لحمه و جنب إحنا كلنا بنغلط ⁇ "
    },
    {
        "start":49.54221875,
        "end":49.93034375,
        "speaker":0,
        "text":"اه اعملنا اعملنا"
    },
    {
        "start":52.71471875,
        "end":53.57534375,
        "speaker":0,
        "text":"أهلا وسهلا بحضرتك ⁇ "
    },
    {
        "start":61.55721875,
        "end":73.18409375,
        "speaker":1,
        "text":"أوروبا مغلطتش حاطين ربنا في حياتنا هو اللي بيمثلنا أمورنا ده اللي إحنا بيقليهم في المسلسل ده إحنا على فكره إحنا كلنا بالشكل ده فمفيش حد مالك ولا في حدش طبعا إحنا في مصر ⁇ "
    },
    {
        "start":73.84221875,
        "end":75.09096875,
        "speaker":1,
        "text":"فهتلاقي في خيانه ⁇ "
    },
    {
        "start":75.41159375,
        "end":84.62534375,
        "speaker":1,
        "text":"بس حياه بيرجع يعني إنتي مش هتلاقي في المسلسل إنك الناس مش يتخانق الطريقه ⁇ "
    },
    {
        "start":79.79909375,
        "end":83.08971875,
        "speaker":0,
        "text":"بسم الله الرحمن الرحيم بسم الله الرحمن الرحيم بسم الله الرحمن الرحيم ⁇ "
    },
    {
        "start":87.03846875,
        "end":87.20721875,
        "speaker":1,
        "text":""
    },
    {
        "start":87.67971875,
        "end":98.78346875,
        "speaker":1,
        "text":"<fil> <fil> <fil> <fil> <fil> <fil> <fil> <fil> ⁇ "
    },
    {
        "start":91.57784375,
        "end":94.09221875,
        "speaker":0,
        "text":"<fil> <fil> <fil> <fil> <fil> <fil> <fil> <fil> <fil> <fil> <f"
    },
    {
        "start":99.20534375,
        "end":103.45784375,
        "speaker":1,
        "text":"متقدريش يقولي مس بعد راجل بيعرف بنات صغير ⁇ "
    },
    {
        "start":101.48346875,
        "end":102.63096875,
        "speaker":0,
        "text":"إنه بيعرف ⁇ "
    },
    {
        "start":103.87971875,
        "end":108.97596875,
        "speaker":1,
        "text":"فلما يتعدل ويعرف إن مراته هي الأهم هو الفكره كلها في وإنتي إزاي عليكي ⁇ "
    }
]