[
    {
        "start":0.03096875,
        "end":1.51596875,
        "speaker":2,
        "text":"معاك في مدرسة البني آدم يعني ⁇ "
    },
    {
        "start":2.02221875,
        "end":5.81909375,
        "speaker":2,
        "text":"حاسس إنه يعني ربنا يمكن أنصتهم من خلالنا ⁇ "
    },
    {
        "start":6.32534375,
        "end":8.09721875,
        "speaker":2,
        "text":"إنه يبقى في حاجه فعلا ⁇ "
    },
    {
        "start":8.29971875,
        "end":9.75096875,
        "speaker":2,
        "text":"توري إنه معايا <fil> <fil> <fil> <fil> <fil> إنه"
    },
    {
        "start":9.27846875,
        "end":9.73409375,
        "speaker":0,
        "text":"هو عايز يعيني عايز يعيط"
    },
    {
        "start":9.75096875,
        "end":9.81846875,
        "speaker":0,
        "text":""
    },
    {
        "start":10.72971875,
        "end":18.27284375,
        "speaker":2,
        "text":"قدي و الإستوديو الإنجليزيه فمش المفروض إن هي حد يبقى بيقلع من حد أو بيعمل من حد أو حاجه عشان هو بس مختلف عنه ⁇ "
    },
    {
        "start":18.91409375,
        "end":21.96846875,
        "speaker":1,
        "text":"أنا بشكرك على هذا الإختيار و أحب أقولك يمكن من ال من اختيار و أحب أقولك يمكن من ⁇ "
    }
]