[
    {
        "start":0.03096875,
        "end":3.38909375,
        "speaker":2,
        "text":"سواء داخل من خمستاشر حلقه و تسع حلقات ⁇ "
    },
    {
        "start":4.11471875,
        "end":9.41346875,
        "speaker":1,
        "text":"لأ هو الحقيقه فعلا بمناسبة برضو الأستاذ كمان الحقيقه ⁇ "
    },
    {
        "start":4.13159375,
        "end":4.36784375,
        "speaker":2,
        "text":"يا ماما يا ماما"
    },
    {
        "start":5.02596875,
        "end":5.27909375,
        "speaker":0,
        "text":"و و و و و و"
    },
    {
        "start":5.51534375,
        "end":6.10596875,
        "speaker":2,
        "text":"وعلشانس ⁇ "
    }
]