[
    {
        "start":0.03096875,
        "end":11.62409375,
        "speaker":2,
        "text":"وبقيت محتله من أهم المحطات في كل العوامل حلوه غاليه الانتخابي الحاجه التانيه لأ الممثلين أو الفنانين كلهم مع بعض بجد أنا النهارده وإحنا قاعدين أنا قلت كلمه واحده ⁇ "
    },
    {
        "start":4.33409375,
        "end":4.90784375,
        "speaker":0,
        "text":"وخلينا نخلي اللن اللحن"
    },
    {
        "start":5.97096875,
        "end":6.83159375,
        "speaker":0,
        "text":"عايزه لأنه مصنع لأنه مصانع لأنه مصنع لأنه"
    },
    {
        "start":11.79284375,
        "end":30.76034375,
        "speaker":2,
        "text":"ما ما متأستمش إحنا عايزين نطلع كلنا مع بعض عشان بالفعل في ناس أصحاب في ناس بيلتقوا أو مره لبعض يعني بكلمك ⁇ "
    },
    {
        "start":22.82909375,
        "end":24.97221875,
        "speaker":1,
        "text":"<fil> <fil> <fil> <fil> <fil> <fil> <fil> <fil> <fil"
    },
    {
        "start":24.97221875,
        "end":25.02284375,
        "speaker":0,
        "text":""
    },
    {
        "start":25.02284375,
        "end":25.59659375,
        "speaker":1,
        "text":"قبل ما أكلم مي مي مي مي م"
    },
    {
        "start":25.61346875,
        "end":25.64721875,
        "speaker":1,
        "text":""
    },
    {
        "start":25.76534375,
        "end":26.22096875,
        "speaker":1,
        "text":"لا لا لا لا لا لا لا لا لا لا لا"
    },
    {
        "start":26.54159375,
        "end":27.57096875,
        "speaker":1,
        "text":"معنديش مانعندي والجمعيه العموميه العموميه العموميه"
    },
    {
        "start":27.57096875,
        "end":27.82409375,
        "speaker":0,
        "text":"وأب واقع"
    },
    {
        "start":30.99659375,
        "end":44.69909375,
        "speaker":1,
        "text":"الله سبحانه وتعالى و إشتغلنا مع بعض مسرح و دفعه واحده ⁇ "
    },
    {
        "start":31.57034375,
        "end":31.80659375,
        "speaker":2,
        "text":"يا ماما يا ماما"
    },
    {
        "start":31.94159375,
        "end":33.32534375,
        "speaker":2,
        "text":"<fil> <fil> <fil> <fil> <fil> <fi"
    },
    {
        "start":36.75096875,
        "end":38.75909375,
        "speaker":2,
        "text":"أصحاب يعني أه أقعد يعني أه أه أه أه يعني أه أه أه أه أه يعني أه أه أه أه أه أه أه يعني أه أه أه أه أه أه أه يعني أه أه أه أه أه أه أه أه يعني أه أه أه أه أه أه"
    },
    {
        "start":45.00284375,
        "end":56.22471875,
        "speaker":1,
        "text":"يعني في ذكريات كتير فا أول مره أقف ومعاها قدام الكاميرا مثلا ممثل مع بعض سينا ولفينا وحاجات وانا شايفها قولتله عمري أختي ⁇ "
    },
    {
        "start":48.64784375,
        "end":48.96846875,
        "speaker":0,
        "text":"أعراق عراق ع"
    },
    {
        "start":55.70159375,
        "end":57.06846875,
        "speaker":0,
        "text":"بسم الله الرحمن الرحيم أصلحه ⁇ "
    },
    {
        "start":57.22034375,
        "end":61.32096875,
        "speaker":1,
        "text":"<fil> بس قدام كام بقى أول مراته ⁇ "
    },
    {
        "start":57.84471875,
        "end":59.39721875,
        "speaker":0,
        "text":"إحنا واصل معايا بس ⁇ "
    },
    {
        "start":60.35909375,
        "end":61.27034375,
        "speaker":0,
        "text":"أول مراته ⁇ "
    },
    {
        "start":61.32096875,
        "end":61.33784375,
        "speaker":0,
        "text":""
    },
    {
        "start":61.33784375,
        "end":62.70471875,
        "speaker":1,
        "text":"و كمان بحبها ⁇ "
    },
    {
        "start":62.87346875,
        "end":70.38284375,
        "speaker":1,
        "text":"<fil> <fil> <fil> <fil> <fil> <fil> <fil> <fil> <fil> <fil> <fil> <fil> <fil> <fil> ⁇ "
    },
    {
        "start":64.30784375,
        "end":64.78034375,
        "speaker":0,
        "text":"إن هو هو هو هو هو هو هو هو هو هو هو"
    },
    {
        "start":66.43409375,
        "end":66.55221875,
        "speaker":0,
        "text":""
    },
    {
        "start":66.55221875,
        "end":67.49721875,
        "speaker":2,
        "text":"<fil> <fil> <fil> <fil"
    },
    {
        "start":68.54346875,
        "end":70.24784375,
        "speaker":2,
        "text":"علاقات يعني معناه إن شاء الله ⁇ "
    },
    {
        "start":70.38284375,
        "end":70.73721875,
        "speaker":2,
        "text":"يا نهار أبيض وه"
    },
    {
        "start":70.73721875,
        "end":71.04096875,
        "speaker":1,
        "text":"بس بس بس بس بس بس بس"
    },
    {
        "start":71.04096875,
        "end":75.02346875,
        "speaker":2,
        "text":"<fil> <fil> <fil> <fil> <fil> <fil> <fil> <fil> <fil> <fil> <fil> <fil> <fil> <fil> <fil> <fil> التعلي"
    },
    {
        "start":75.02346875,
        "end":76.17096875,
        "speaker":0,
        "text":"<fil> <fil> الشارع ⁇ "
    },
    {
        "start":76.17096875,
        "end":76.76159375,
        "speaker":1,
        "text":"<fil> <fil> <f"
    },
    {
        "start":77.03159375,
        "end":95.56034375,
        "speaker":0,
        "text":"<fil> <fil> حماسك عملت إيه النهارده أوعي صدقيني أنا مش عارفه إيه التفاصيل دي كلها بشوف رد فعل الناس لو في خناقات أو في أي حاجه بشوف ناس مع ناس ضد ⁇ "
    },
    {
        "start":96.45471875,
        "end":108.46971875,
        "speaker":0,
        "text":"في مشهد البلاغين ده جالي تعليقات من الناس اللي هو البنات الله إحنا نتخانق عشان <fil> <fil> <fil> <fil> <fil> ⁇ "
    },
    {
        "start":104.94284375,
        "end":111.22034375,
        "speaker":2,
        "text":"<fil> <fil> <fil> <fil> <fil> ⁇ "
    },
    {
        "start":111.84471875,
        "end":118.96596875,
        "speaker":2,
        "text":"<fil> <fil> <fil> <fil> <fil> <fil> <fil> <fil> <fil> <fil> <fil> <fil> <fil> ⁇ "
    },
    {
        "start":112.62096875,
        "end":113.92034375,
        "speaker":0,
        "text":"<fil> <fil> <fil> <fil> <fil> <"
    },
    {
        "start":115.11846875,
        "end":115.38846875,
        "speaker":0,
        "text":"ودهبد الجندي"
    },
    {
        "start":117.54846875,
        "end":117.85221875,
        "speaker":0,
        "text":"واشنطنش"
    }
]