[
    {
        "start":0.03096875,
        "end":7.99596875,
        "speaker":0,
        "text":"<fil> من غير فلوس ⁇ "
    },
    {
        "start":5.21159375,
        "end":5.26221875,
        "speaker":1,
        "text":""
    },
    {
        "start":5.26221875,
        "end":6.25784375,
        "speaker":2,
        "text":"وزير القوى ⁇ "
    },
    {
        "start":8.11409375,
        "end":11.74221875,
        "speaker":0,
        "text":"أو بأقل الإمكانيات ونقدر نحب أكبر كمان ⁇ "
    },
    {
        "start":8.28284375,
        "end":8.31659375,
        "speaker":1,
        "text":""
    },
    {
        "start":8.33346875,
        "end":8.45159375,
        "speaker":2,
        "text":""
    },
    {
        "start":8.45159375,
        "end":8.46846875,
        "speaker":1,
        "text":""
    },
    {
        "start":8.46846875,
        "end":8.70471875,
        "speaker":2,
        "text":"بس بسبع بسبع بس"
    },
    {
        "start":12.04596875,
        "end":12.09659375,
        "speaker":1,
        "text":""
    },
    {
        "start":12.09659375,
        "end":12.45096875,
        "speaker":2,
        "text":" ⁇ "
    },
    {
        "start":12.73784375,
        "end":20.34846875,
        "speaker":2,
        "text":"<fil> <fil> <fil> <fil> <fil> <fil> <fil> <fil> ⁇ "
    },
    {
        "start":13.17659375,
        "end":14.13846875,
        "speaker":1,
        "text":"قصة الحب دي <fil> <fil> <fil>"
    },
    {
        "start":16.70346875,
        "end":16.72034375,
        "speaker":0,
        "text":""
    },
    {
        "start":16.72034375,
        "end":16.92284375,
        "speaker":1,
        "text":"و و و و و"
    },
    {
        "start":18.61034375,
        "end":19.92659375,
        "speaker":0,
        "text":"عبد الحميد إم و الشنطه و الشيعه و الشيعه و الشيعه و الشيعه و الشي"
    },
    {
        "start":19.97721875,
        "end":20.01096875,
        "speaker":1,
        "text":""
    },
    {
        "start":21.29346875,
        "end":21.31034375,
        "speaker":1,
        "text":""
    },
    {
        "start":21.31034375,
        "end":23.60534375,
        "speaker":2,
        "text":"خدت اللي انت كنت باشين عليه إيه اللي حصل في ⁇ "
    },
    {
        "start":23.72346875,
        "end":23.97659375,
        "speaker":2,
        "text":"إم ننمي إم"
    }
]