[
    {
        "start":0.03096875,
        "end":3.87846875,
        "speaker":0,
        "text":"أنتي في قلب البيت أنا مش حاسه إنك إنتي غريبه ⁇ "
    },
    {
        "start":3.87846875,
        "end":4.24971875,
        "speaker":2,
        "text":"ف ف ف ف ف ف ف ف ف"
    },
    {
        "start":4.16534375,
        "end":4.87409375,
        "speaker":0,
        "text":" ⁇ "
    },
    {
        "start":4.99221875,
        "end":5.88659375,
        "speaker":0,
        "text":"طلع على الشاشه ⁇ "
    },
    {
        "start":6.32534375,
        "end":10.67909375,
        "speaker":2,
        "text":"في بعض الأحيان كنت بتسمع ⁇ "
    },
    {
        "start":11.16846875,
        "end":16.72034375,
        "speaker":2,
        "text":"الأوريه أو الوثيقه أو اللحن و بعدين تبتدي يعني تشوف الدنيا بالظبط إزاي ⁇ "
    },
    {
        "start":11.67471875,
        "end":12.48471875,
        "speaker":1,
        "text":"أول بريسي يسي يسي يسي يسي يسي"
    },
    {
        "start":15.75846875,
        "end":15.77534375,
        "speaker":1,
        "text":""
    },
    {
        "start":15.77534375,
        "end":16.39971875,
        "speaker":3,
        "text":"ازاي يزعف يزعف يزع"
    },
    {
        "start":17.22659375,
        "end":23.20034375,
        "speaker":2,
        "text":"فده معناه إنه كتير من الأحيان الألحان أو الأغنيه هي اللي بترسم اللوحه مش العكس ⁇ "
    },
    {
        "start":24.24659375,
        "end":25.96784375,
        "speaker":3,
        "text":"و أنا كان ليا ⁇ "
    }
]