[
    {
        "start":0.03096875,
        "end":11.55659375,
        "speaker":0,
        "text":"<fil> بنتفرج أحيانا على حاجات غريبه علينا و على مجتمعه و ده معناها <fil> بنتفرج أحيانا على حاجات غريبه علينا و على مجتمعنا و ده معناها إن هي موجوده في أصلا بدل ما بنتفرج أحيانا على حاجات غريبه علينا و على مجتمعنا و ده معناها إن هي موجوده في أصلا بدل ما بنتفرج أحيانا على حاجات غريبه علينا و على مجتمعنا و ده معناها إن هي موجوده في أصلا بدل ما بنتفرج أحيانا على حاجات غريبه علينا و على مجتمعنا و ده معناها إن هي موجوده في أصلا بدل ما بنتفرج أحيانا على حاجات غريبه علينا و على مجتمعنا و ده معناها إن هي موجوده في أصلا بدل ما بنتفرج أحيانا على حاجات غريبه علينا و على مجتمعنا و ده معناها إن هي موجوده في أصلا بدل ما بنتفرج أحيانا على حاجات غريبه علينا و على مجتمعنا و ده معناها إن هي موجوده في أصلا بدل ما بنتفرج أحيانا على حاجات غريبه علينا و على مجتمعنا و ده معناها إن هي موجوده في أصلا بدل ما بنتفرج أحيانا على حاجات غريبه علينا و على"
    },
    {
        "start":11.06721875,
        "end":16.68659375,
        "speaker":1,
        "text":"يعني مش مش زي ما ناس بتقول فتقدمي حاجه حلوه قريبه من الناس بتتشاف واكتشاف مسؤوليه معايا مش مش زي ما ناس بتقول ⁇ "
    },
    {
        "start":14.34096875,
        "end":15.16784375,
        "speaker":0,
        "text":"معايير معايير معا يعني معايير معايير مع"
    },
    {
        "start":17.37846875,
        "end":18.52596875,
        "speaker":0,
        "text":"غالي كمان ⁇ "
    },
    {
        "start":19.21784375,
        "end":20.36534375,
        "speaker":0,
        "text":"فكرة إنه ⁇ "
    },
    {
        "start":21.27659375,
        "end":27.01409375,
        "speaker":0,
        "text":"إزاي ممكن الحب والودي يتعمل من غير فلوس ⁇ "
    },
    {
        "start":27.14909375,
        "end":31.62096875,
        "speaker":0,
        "text":"ده إتعالج بشكل رؤيه كده و لطيف عمرو الحلقات ⁇ "
    },
    {
        "start":32.44784375,
        "end":36.07596875,
        "speaker":0,
        "text":"إنه باستمرار كان ممكن يبقى في يعني ⁇ "
    },
    {
        "start":36.86909375,
        "end":38.77596875,
        "speaker":0,
        "text":"محاولة إختراع الفرحه ⁇ "
    },
    {
        "start":39.23159375,
        "end":48.20909375,
        "speaker":0,
        "text":"الدفه اللي الحب بأبسط الشعر بأبسط الحياه الإمكانيات تمويل الإمكانيات بعض السلوكيات ⁇ "
    },
    {
        "start":39.31596875,
        "end":39.48471875,
        "speaker":1,
        "text":""
    },
    {
        "start":41.98221875,
        "end":42.50534375,
        "speaker":1,
        "text":"الشركه في حياتك في ورق ⁇ "
    },
    {
        "start":43.73721875,
        "end":45.35721875,
        "speaker":1,
        "text":"و كان يطمئن يطمئن يطمئن يطمئن يطمئن يطمئن ⁇ "
    },
    {
        "start":47.98971875,
        "end":53.17034375,
        "speaker":1,
        "text":"دي كانت أسره متوسطه بس البيت كله من العياله كله دافع وكل حبي إم ⁇ "
    },
    {
        "start":50.65596875,
        "end":52.47846875,
        "speaker":0,
        "text":"<fil> <fil> <fil> <fil> <fil> <fil> <fil> <f"
    },
    {
        "start":54.23346875,
        "end":62.55284375,
        "speaker":1,
        "text":"رغم إن ده كان موجود عند عيلة عيد هايل هايل هايل ده كان موجود عند عيلة عايزه ⁇ "
    },
    {
        "start":60.56159375,
        "end":60.89909375,
        "speaker":0,
        "text":"ننقل ننقل نن"
    },
    {
        "start":62.85659375,
        "end":64.96596875,
        "speaker":1,
        "text":"عندهم نشوف مشهد تاني برضه من المشاهير دي برضو من المشاكل دي برضو من المشاهير دي برضو من المشاكل دي برضو من المشاهير دي برضو من المشا"
    }
]