[
    {
        "start":0.03096875,
        "end":9.71721875,
        "speaker":0,
        "text":"<fil> <fil> <fil> <fil> <fil> <fil> <fil> <fil> <fil> <fil> <fil> <fil> <fil> ⁇ "
    },
    {
        "start":12.73784375,
        "end":14.49284375,
        "speaker":0,
        "text":"طيب خلينا ⁇ "
    },
    {
        "start":14.74596875,
        "end":15.11721875,
        "speaker":0,
        "text":"حققت أسقق<قق"
    },
    {
        "start":15.40409375,
        "end":22.13721875,
        "speaker":0,
        "text":"خلينا في كل الأحوال يا جماعه واحنا إحنا عندنا أه دي دي سورة ياسين ⁇ "
    },
    {
        "start":23.45346875,
        "end":33.67971875,
        "speaker":0,
        "text":"بتتكلم على إنه أصل جمال عبد الناصر خد موقف من إسماعيل ياسين ما هو ⁇ "
    },
    {
        "start":23.89221875,
        "end":24.06096875,
        "speaker":4,
        "text":""
    },
    {
        "start":25.00596875,
        "end":25.22534375,
        "speaker":1,
        "text":"وبعت سته"
    },
    {
        "start":32.95409375,
        "end":33.93284375,
        "speaker":1,
        "text":"هو تاو تاو تاو تاو تاو تاو تاو تا"
    },
    {
        "start":33.93284375,
        "end":33.96659375,
        "speaker":0,
        "text":""
    },
    {
        "start":33.96659375,
        "end":34.21971875,
        "speaker":1,
        "text":"و و و و و و"
    },
    {
        "start":34.21971875,
        "end":35.53596875,
        "speaker":0,
        "text":"أه عشان أنا دارس مدام بسم الله الرحمن الرحيم عشان بسم الله بسم الله الرحمن الرحيم"
    },
    {
        "start":34.79346875,
        "end":53.87909375,
        "speaker":1,
        "text":"بدليل إن محافظ القاهره أخد عربية الإسماعيليه سيم و ياسين لما أكلم عبد الناصر جماهيره في الحيطه ⁇ "
    },
    {
        "start":53.33909375,
        "end":53.35596875,
        "speaker":2,
        "text":""
    },
    {
        "start":53.35596875,
        "end":53.91284375,
        "speaker":0,
        "text":"وتها واقع واقع واقع"
    },
    {
        "start":53.87909375,
        "end":53.89596875,
        "speaker":2,
        "text":""
    },
    {
        "start":53.91284375,
        "end":53.96346875,
        "speaker":2,
        "text":""
    },
    {
        "start":53.96346875,
        "end":53.98034375,
        "speaker":0,
        "text":""
    },
    {
        "start":54.50346875,
        "end":56.76471875,
        "speaker":2,
        "text":"<fil> <fil> <fil> <fil> <fil> <fil> <fil> <fil> <fil> <"
    },
    {
        "start":55.88721875,
        "end":58.77284375,
        "speaker":0,
        "text":"في مدرس في المدرسه أه أوكيه أوكيه <fil> <fil> ⁇ "
    },
    {
        "start":57.97971875,
        "end":69.15096875,
        "speaker":2,
        "text":"<fil> <fil> <fil> <fil> <fil> <fil> <fil> <fil> <fil> <fil> <fil> <fil> <fil> <fil> <fil> <fil> <fil> <fil> <fil> <fil> <fil> <fil> <fil> <fil> <fil> <fil> <fil> <fil> <fil> <fil> <fil> <fil> <fil> <fil> <fil> <fil> <fil> <fil> <fil> <fil> <fil> <fil> <fil> <fil> <fil> <fil> خالك"
    },
    {
        "start":60.44346875,
        "end":60.96659375,
        "speaker":0,
        "text":"خير خير خير خير خير خير خ"
    },
    {
        "start":69.42096875,
        "end":72.99846875,
        "speaker":2,
        "text":"دول هما في البيت عندي الإسماعيل يا شيم اتفاعلات بابايا ⁇ "
    },
    {
        "start":72.99846875,
        "end":73.85909375,
        "speaker":0,
        "text":"كان رداها كانا كانا كانا كانا كانا كانا كانا كانا"
    },
    {
        "start":73.52159375,
        "end":74.71971875,
        "speaker":2,
        "text":"وكانت علاقتهم قي باي باي باي باي باي باي باي و"
    },
    {
        "start":74.46659375,
        "end":89.97471875,
        "speaker":0,
        "text":"يبقى ده بيمسك لأن الحياه بتلاقي في شائعات متنافه كتير وإحكام أجذبلك عشان أبقى مختلف معاك ده إنه معتقدش فؤاد المهندس يمكن أن يكون لها علاقتك بإنهاء كوميديه إسماعيل ياسين يا السؤال ⁇ "
    },
    {
        "start":87.02159375,
        "end":87.17346875,
        "speaker":1,
        "text":""
    },
    {
        "start":89.97471875,
        "end":95.25659375,
        "speaker":1,
        "text":"من غير مين هو اللي ظهور فؤاد المهندس بس ⁇ "
    },
    {
        "start":94.41284375,
        "end":104.67284375,
        "speaker":0,
        "text":"وعارفه عامه يعمل ده عشان فؤاد المهندس يبقى بالظبط يكتسب نسبه قد المهنه بس فهو وإنتي في موهبه في موهبته لم يكن في حاجه لإخلاقه الساحه ⁇ "
    },
    {
        "start":97.80471875,
        "end":99.27284375,
        "speaker":1,
        "text":"<fil> <fil> <fil> <fil> <fil> <fil>"
    },
    {
        "start":101.07846875,
        "end":102.17534375,
        "speaker":1,
        "text":"الطيبه وهيبه وهنا وهيبه وهنا وهيبه وهيبه وه"
    },
    {
        "start":104.82471875,
        "end":106.02284375,
        "speaker":0,
        "text":"<fil> <fil> <fil> <fil> <fil>"
    },
    {
        "start":104.95971875,
        "end":120.40034375,
        "speaker":1,
        "text":"بس كان صديق حمام اليتيم أه وعامل معاه فيلم في أواخر أيامه و كان سبب صلح فؤاد المهندس وش وكار بعد فترة انفصالهم كان أول فيلم يجمعهم ياسين اللي كان جايب ⁇ "
    },
    {
        "start":120.60284375,
        "end":129.02346875,
        "speaker":1,
        "text":"في العلاقه كانت كويسه و حبايبي عشان كده أنا بقولك ده أنا بقول لحضرتك ده اللي أنا عرفته اللي إنت عرفته بس أنا بديه مشي ⁇ "
    },
    {
        "start":120.67034375,
        "end":121.04159375,
        "speaker":0,
        "text":"لا لا لا لا لا لا لا لا لا"
    },
    {
        "start":122.64471875,
        "end":124.11284375,
        "speaker":0,
        "text":"عشان كده أنا بولادي دهب عشان كده أنا ببلاش دهب ده عشان كده أنا بولادي دهب عشان كده أنا ب ولادك "
    },
    {
        "start":127.42034375,
        "end":127.92659375,
        "speaker":0,
        "text":"ايوه ب ب ب ب ب ب ب ب ب"
    },
    {
        "start":129.02346875,
        "end":129.63096875,
        "speaker":0,
        "text":"اللويه يعني اللويه يعني اللويه يعني اللويه"
    },
    {
        "start":129.63096875,
        "end":129.66471875,
        "speaker":1,
        "text":""
    },
    {
        "start":129.66471875,
        "end":134.10284375,
        "speaker":0,
        "text":"حد تاني شخصيه مسئوله عن متين بالظبط أه ⁇ "
    },
    {
        "start":129.68159375,
        "end":130.18784375,
        "speaker":1,
        "text":"حادثه حادثه حادثه"
    },
    {
        "start":130.47471875,
        "end":130.55909375,
        "speaker":1,
        "text":""
    },
    {
        "start":134.22096875,
        "end":135.90846875,
        "speaker":0,
        "text":"بيعمل ده يعني بالظبط ⁇ "
    },
    {
        "start":136.44846875,
        "end":138.55784375,
        "speaker":0,
        "text":"سالمه ⁇ "
    },
    {
        "start":138.89534375,
        "end":149.89784375,
        "speaker":0,
        "text":"لأ إنتي فاهمه إنك إنتي قاعده في حد ممكن يعدي ربنا يخليكي بس خلي بالك اسماعيليه ياسمين بسرعه تفظي للجمال الأنساوي أيضا نشوف يعني جسمي ياسمين بس هنا إنتي أكتر حد ⁇ "
    },
    {
        "start":142.08471875,
        "end":143.21534375,
        "speaker":1,
        "text":"طب ليه بس خليفه خلي بالك بس خلي بالك بس خلي بالك بالليل بس خلي بالك بس خلي بالك"
    },
    {
        "start":150.53909375,
        "end":152.88471875,
        "speaker":0,
        "text":"ممكن يعبر فعلا سهلس مشكله ⁇ "
    },
    {
        "start":153.44159375,
        "end":154.21784375,
        "speaker":3,
        "text":"يعني بيقولوا <fil> بيقولوا <fil> بيقولوا"
    },
    {
        "start":156.22596875,
        "end":165.49034375,
        "speaker":3,
        "text":"<fil> يعني <fil> يعني <fil> يعني <fil> يعني إن أنا هو جابلي بس يعني الشكل اللي أنا بقى يعني ست وهو راجل ⁇ "
    },
    {
        "start":165.74346875,
        "end":167.31284375,
        "speaker":3,
        "text":"متضيعش سمعتي عنك ⁇ "
    },
    {
        "start":168.73034375,
        "end":175.66596875,
        "speaker":0,
        "text":"لما عشان كده أنا قولتي يعني تحتفظ بالجمال جميل و بعدين كل ما في إسماعيل ياسمين صدقيني جميل أكيد ⁇ "
    },
    {
        "start":176.34096875,
        "end":178.87221875,
        "speaker":0,
        "text":"<fil> حتى بوقه حتى بوق إسم معين ياسين ⁇ "
    },
    {
        "start":176.47596875,
        "end":176.96534375,
        "speaker":4,
        "text":"الحاله دي الحاله الحاله الحال"
    },
    {
        "start":185.01471875,
        "end":189.25034375,
        "speaker":0,
        "text":"<fil> <fil> <fil> <fil> <fil> <fil> <fil> <fil> <fil> <fil> <fil> <fil> <fil> <fil> <fil> <fil> <fil> <fi"
    },
    {
        "start":186.92159375,
        "end":187.56284375,
        "speaker":1,
        "text":"جنبي قاله قاله اللي قاله قاله قاله قاله قال"
    },
    {
        "start":189.40221875,
        "end":191.52846875,
        "speaker":0,
        "text":"يعني <fil> <fil> <fil> <fil> <fil> <fil> <fil> <fil> <fi"
    },
    {
        "start":190.76909375,
        "end":196.20284375,
        "speaker":1,
        "text":"أنا بقول لحضرتك على حاجه أه يا سيدي كان بيحكيلي بيقولي نسمعني سيبكتش وحش ⁇ "
    },
    {
        "start":192.28784375,
        "end":192.74346875,
        "speaker":0,
        "text":"يستفيدوا يستفيدوا ي"
    },
    {
        "start":196.55721875,
        "end":209.31471875,
        "speaker":1,
        "text":"<fil> يعني <fil> <fil> <fil> <fil> <fil> <fil> <fil> <fil> ⁇ "
    },
    {
        "start":203.23971875,
        "end":203.69534375,
        "speaker":0,
        "text":"لا لا لا لا لا لا لا لا لا لا لا"
    },
    {
        "start":209.38221875,
        "end":209.44971875,
        "speaker":1,
        "text":""
    },
    {
        "start":209.44971875,
        "end":211.87971875,
        "speaker":0,
        "text":"فطبعا هو ده يعني هو في يعني عندنا دبل دبل دب دب دب دب دب دب دب دب دب دب دب دب دب دب دب دب دب دب دب دب دب دب"
    },
    {
        "start":211.28909375,
        "end":215.00159375,
        "speaker":1,
        "text":"عندهم من الحاجات أنا اللي أعرفه من إسماعيل ياسين أبيض مش أسمح ⁇ "
    },
    {
        "start":216.08159375,
        "end":216.09846875,
        "speaker":0,
        "text":""
    },
    {
        "start":216.09846875,
        "end":217.07721875,
        "speaker":1,
        "text":"أه ⁇ "
    },
    {
        "start":217.41471875,
        "end":218.96721875,
        "speaker":1,
        "text":"مش أسمر ⁇ "
    },
    {
        "start":218.96721875,
        "end":224.70471875,
        "speaker":2,
        "text":"و باباه وإسماعيليه سينا على فكره نفس الشكل نسخه عن الباب ومره حلق سنه ⁇ "
    },
    {
        "start":222.17346875,
        "end":223.00034375,
        "speaker":1,
        "text":"نسخه عن نفسك و عن نفسك و عن نفسك وعنكك"
    },
    {
        "start":224.31659375,
        "end":224.72159375,
        "speaker":1,
        "text":"واهانه ⁇ "
    },
    {
        "start":225.39659375,
        "end":231.85971875,
        "speaker":2,
        "text":"كان حاجه حاجه يعني غلط يعني حد بيظبطت كل سنه و بوظد حته من وجهة <fil> <fil> <fil> <fil> <fil> ⁇ "
    },
    {
        "start":225.54846875,
        "end":225.95346875,
        "speaker":1,
        "text":"عامله ها ها ها ها"
    },
    {
        "start":230.12159375,
        "end":230.13846875,
        "speaker":1,
        "text":""
    },
    {
        "start":230.13846875,
        "end":230.89784375,
        "speaker":3,
        "text":"و با با با با با با با با با"
    },
    {
        "start":231.08346875,
        "end":232.34909375,
        "speaker":3,
        "text":"<fil> <fil> <fil> <fil> <fil> "
    },
    {
        "start":232.34909375,
        "end":242.13659375,
        "speaker":2,
        "text":"<fil> <fil> <fil> <fil> <fil> <fil> <fil> <fil> <fil> ⁇ "
    },
    {
        "start":234.18846875,
        "end":237.10784375,
        "speaker":3,
        "text":"إحنا كلنا بنستغربوا بيها مش هتستمتع بيها مش هتسميها مش هتسميها مش هتصمم ⁇ "
    },
    {
        "start":240.16221875,
        "end":240.68534375,
        "speaker":0,
        "text":"هو يعيط يعيط يعيط"
    },
    {
        "start":242.05221875,
        "end":244.70159375,
        "speaker":0,
        "text":"ده بس ده إسماعيل ياسين ⁇ "
    },
    {
        "start":246.47346875,
        "end":257.59409375,
        "speaker":0,
        "text":"<fil> <fil> <fil> <fil> <fil> <fil> <fil> <fil> <fil> <fil> <fil> ⁇ "
    },
    {
        "start":247.97534375,
        "end":248.56596875,
        "speaker":1,
        "text":"على الفئات فين فين فين فين فين في"
    },
    {
        "start":249.37596875,
        "end":250.54034375,
        "speaker":1,
        "text":"<fil> <fil> <fil> <fil> <fil"
    },
    {
        "start":257.81346875,
        "end":265.17096875,
        "speaker":0,
        "text":"طيب هنا هنا الشريف بقى <fil> <fil> <fil> <fil> <fil> <fil> <fil> <fil> <fil> <fil> <fil> <fil> <fil> <fil> <fil> <fil> <fil> ⁇ "
    },
    {
        "start":260.53034375,
        "end":261.27284375,
        "speaker":4,
        "text":"يا سيدي سيد سيد سيد سيد سيد سيد سيد سيد سيد سيد سيد سيد سيد سيد سيد"
    },
    {
        "start":265.69409375,
        "end":269.87909375,
        "speaker":4,
        "text":"هو حاجه واحده بس اللي أنا عارفاه إن أنا بقالي زيزو نسمع له فيها ⁇ "
    },
    {
        "start":270.38534375,
        "end":270.67221875,
        "speaker":4,
        "text":"يا نايم ان"
    },
    {
        "start":271.02659375,
        "end":276.32534375,
        "speaker":4,
        "text":"<fil> <fil> <fil> <fil> <fil> <fil> <fil> <fil> ⁇ "
    },
    {
        "start":279.63284375,
        "end":282.63659375,
        "speaker":0,
        "text":"<fil> <fil> <fil> <fil> بقوه بقى يعني فا بس ده ده ⁇ "
    },
    {
        "start":281.80971875,
        "end":282.16409375,
        "speaker":4,
        "text":"بن بي بي بي بي بي بي بي بي"
    },
    {
        "start":282.16409375,
        "end":282.18096875,
        "speaker":2,
        "text":""
    },
    {
        "start":283.41284375,
        "end":286.55159375,
        "speaker":0,
        "text":"<fil> بسنه فاصل ⁇ "
    },
    {
        "start":286.78784375,
        "end":295.10721875,
        "speaker":0,
        "text":"تحول لمشهد كوميدي فوف وجلال لأنه كمان مش مرتاحه مش مختالك أعمله تاني كده ⁇ "
    },
    {
        "start":295.46159375,
        "end":296.64284375,
        "speaker":4,
        "text":"رغبوه ميه وخمسين ميه وخمسين ميه في الميه ⁇ "
    },
    {
        "start":299.76471875,
        "end":302.44784375,
        "speaker":0,
        "text":"بس أنا إنتي بتقلدي بس إنتي مش عايزه ليه لا أعمله حاجه ⁇ "
    },
    {
        "start":302.48159375,
        "end":302.97096875,
        "speaker":4,
        "text":"لا لا لا لا لا لا لا لا لا لا لا لا"
    }
]