[
    {
        "start":0.03096875,
        "end":1.63409375,
        "speaker":2,
        "text":"تفاصيل الشخصيات ⁇ "
    },
    {
        "start":2.03909375,
        "end":15.18471875,
        "speaker":2,
        "text":"دي بتبنيها بالشكل ده فالمسلسل مشي كده ممشيتش لفرد إم مش مش لفرضين مشي لتوايا لحمه دم لكل قطر فيهم فده اللي خلى الناس تحس إن الموضوع ⁇ "
    },
    {
        "start":6.96659375,
        "end":7.03409375,
        "speaker":0,
        "text":""
    },
    {
        "start":7.03409375,
        "end":7.42221875,
        "speaker":1,
        "text":"يا شيشه شيشه"
    },
    {
        "start":7.42221875,
        "end":7.47284375,
        "speaker":0,
        "text":""
    },
    {
        "start":8.63721875,
        "end":8.65409375,
        "speaker":0,
        "text":""
    },
    {
        "start":8.65409375,
        "end":9.41346875,
        "speaker":1,
        "text":"الكواليه ⁇ "
    },
    {
        "start":15.48846875,
        "end":16.12971875,
        "speaker":2,
        "text":"مختلف ⁇ "
    },
    {
        "start":16.39971875,
        "end":18.22221875,
        "speaker":1,
        "text":"الأغنيه بقى اللي هي الأغنيه اللي هي ⁇ "
    },
    {
        "start":19.08284375,
        "end":25.02284375,
        "speaker":1,
        "text":"بدأت قبل حتى كابتنهم للمسلسل وعملت مشاهدات بالملايين ⁇ "
    },
    {
        "start":26.25471875,
        "end":33.81471875,
        "speaker":1,
        "text":"<fil> <fil> <fil> <fil> <fil> <fil> <fil> ⁇ "
    },
    {
        "start":29.03909375,
        "end":30.00096875,
        "speaker":0,
        "text":"بيشتغلوا ⁇ "
    },
    {
        "start":34.40534375,
        "end":35.85659375,
        "speaker":1,
        "text":"زي ما أقول كده إيه ⁇ "
    },
    {
        "start":36.46409375,
        "end":41.37471875,
        "speaker":1,
        "text":"قديمه حلوه يعني الأغنيه دي كانت التقديمه الحلوه المسلسل اللي قاله في ناس إن إنتو هتشوفوا حاجه حلوه ⁇ "
    },
    {
        "start":42.40409375,
        "end":61.96221875,
        "speaker":0,
        "text":"يعني هو ممكن يكون الوقت اللي نزلت فيه الأونيه هو بالنسبه الناس هو تقديمة المسلسل إن إحنا كنا شغالين قبلها بشويه هي الفكره كلها بسل إن الأغنيه لمسه حالة المسلسل أو إحنا دخلنا جوه المسلسل بجد دخلنا جوه الورق بجد إم عشنا شخصيه <fil> ⁇ "
    },
    {
        "start":59.59971875,
        "end":59.88659375,
        "speaker":1,
        "text":"جايبيني انين"
    },
    {
        "start":59.93721875,
        "end":60.19034375,
        "speaker":1,
        "text":"هي هي هي هي هي هي"
    }
]