[
    {
        "start":0.03096875,
        "end":1.61721875,
        "speaker":0,
        "text":"هو الورق في مسلسل كهربا في المسلسل ⁇ "
    },
    {
        "start":2.10659375,
        "end":9.95346875,
        "speaker":0,
        "text":"كنت يمكن من أوائل الرشحين و أول مره كنت أقعد قعدت بقى مع الأستاذ كمان أستاذ هاني إتعرفت بيهم ⁇ "
    },
    {
        "start":10.69596875,
        "end":19.03221875,
        "speaker":0,
        "text":"كنت عامله زي التكنولوجيا يعني كنت متخوفه عشان بقالي فتره طيب أنا مع حضرتك بس حصل عندي نوع من المصداقيه يعني ساعات وإنتي بتقعدي ⁇ "
    },
    {
        "start":14.03721875,
        "end":14.54346875,
        "speaker":1,
        "text":"حضرتك تكك تككككككك"
    },
    {
        "start":19.60596875,
        "end":22.50846875,
        "speaker":0,
        "text":"أنا واخده إن أنا يبقى عندي السيناريو كامل ⁇ "
    },
    {
        "start":23.08221875,
        "end":34.40534375,
        "speaker":0,
        "text":"أول مره أتعامل بطريقه إن أنا ما عنديش الورق كامل بالطريقه دي على الهوا أه كانت بتجيلنا على الهوا أه كانت بتجيلنا على الهوا أه كانت بتجيلنا على الهوا أه كانت بتجيلنا على الهوا أه كانت بتجيلنا على الهوا أه كانت بتجيلنا على الهوا أه كانت بتجيلنا على الهوا أه كانت بتجيلنا على الهوا أه كانت بتجيلنا على الهوا أه كانت بتجيلنا على الهوا أه كانت بتجيلنا على الهوا أه كانت بتجيلنا على الهوا أه كانت بتجيلنا على الهوا أه كانت بتجيلنا على الهوا أه كانت بتجيلنا على الهوا أه كانت بتجيلنا على الهوا أه كانت بتجيلنا على الهوا أه كانت بتجيلنا على الهوا أه كانت بتجيلنا على الهوا أه كانت بتجيلنا على الهوا أه كانت بتجيلنا على الهوا أه كانت بتجيلنا على الهوا أه كانت بتجيلنا على الهوا أه كانت بتجيلنا على الهوا أه كانت بتجيلنا على الهوا أه كانت بتجيلنا على الهوا أه كانت بتجيلنا على الهوا أه كانت بتجيلنا على الهوا أه كانت بتجيل"
    },
    {
        "start":27.41909375,
        "end":27.50346875,
        "speaker":1,
        "text":""
    },
    {
        "start":27.55409375,
        "end":30.28784375,
        "speaker":1,
        "text":"أه ده قديمه شويه أهم أهم أهم أهم أهم أهم أهم أهم أه أه ⁇ "
    },
    {
        "start":30.69284375,
        "end":31.58721875,
        "speaker":1,
        "text":"أهلا وسهلا بحضرتك ⁇ "
    },
    {
        "start":34.40534375,
        "end":35.41784375,
        "speaker":1,
        "text":"يا جماعه سبحانه وتعالى ونعمه بالله سبحانه وتعالى"
    },
    {
        "start":35.41784375,
        "end":35.80596875,
        "speaker":0,
        "text":"لا لا لا لا لا لا لا لا ده"
    },
    {
        "start":36.16034375,
        "end":36.21096875,
        "speaker":0,
        "text":""
    },
    {
        "start":36.22784375,
        "end":36.24471875,
        "speaker":0,
        "text":""
    },
    {
        "start":36.37971875,
        "end":36.81846875,
        "speaker":0,
        "text":"زي ما زيزو زيرو زييه زي"
    },
    {
        "start":36.90284375,
        "end":36.91971875,
        "speaker":0,
        "text":""
    },
    {
        "start":40.66596875,
        "end":43.07909375,
        "speaker":1,
        "text":"طيب إحنا دخلنا ⁇ "
    },
    {
        "start":43.19721875,
        "end":44.96909375,
        "speaker":0,
        "text":"إنت كده بتتأثر عليهم على فيديو فين نتأثر عليهم على فيديو فين نتأثر عليهم على في نها في نقطه كده تتأثر عليهم"
    },
    {
        "start":44.91846875,
        "end":45.03659375,
        "speaker":1,
        "text":""
    },
    {
        "start":45.03659375,
        "end":45.13784375,
        "speaker":0,
        "text":""
    },
    {
        "start":45.13784375,
        "end":47.06159375,
        "speaker":1,
        "text":"<fil> <fil> <fil> <fil> <fil> <fil> <fil> <fil>"
    },
    {
        "start":45.35721875,
        "end":45.84659375,
        "speaker":0,
        "text":"أربعه وخمسه وخمسه"
    },
    {
        "start":46.15034375,
        "end":48.04034375,
        "speaker":0,
        "text":"<fil> <fil> <fil> <fil> <fil> <fil> <fil> <fil"
    },
    {
        "start":47.33159375,
        "end":56.98409375,
        "speaker":1,
        "text":"<fil> <fil> <fil> <fil> <fil> <fil> <fil> <fil> <fil> <fil> <fil> ⁇ "
    },
    {
        "start":54.82409375,
        "end":58.36784375,
        "speaker":0,
        "text":"أنا معاك أنا مجليش <fil> أنا مجدي <fil> أنا مجدي <fil> <fil> أنا مجدي <fil> <fil> أنا مجدي <fil> أنا مجدي <fil> أنا مجدي <fil> أنا مجدي <fil> أنا"
    },
    {
        "start":58.21596875,
        "end":59.24534375,
        "speaker":1,
        "text":"حياتك تاكل حياتك تاكل حاجه تاكل حياتك تاكلي حاجه ت"
    },
    {
        "start":59.00909375,
        "end":59.05971875,
        "speaker":0,
        "text":""
    },
    {
        "start":60.17346875,
        "end":61.65846875,
        "speaker":0,
        "text":"تسعى فاطمه ⁇ "
    },
    {
        "start":61.92846875,
        "end":63.44721875,
        "speaker":1,
        "text":"الحلقه اللي بنخلينا دي نقطه في الحلقه اللي بنخليهم نقطه الحلقه اللي بنخلينا دي نقطه في الحلقه اللي بنخل"
    },
    {
        "start":63.44721875,
        "end":64.47659375,
        "speaker":0,
        "text":"برضو عنوانين هي برضو أنواع ⁇ "
    },
    {
        "start":64.00409375,
        "end":68.52659375,
        "speaker":1,
        "text":"<fil> <fil> <fil> <fil> <fil> <fil> <fil> <fil> <fil> <fil> <fil> <fil> <fil> <fil> <fil> <fil> <fil> <fil> أنا كان هما كانوا"
    },
    {
        "start":68.22284375,
        "end":68.94846875,
        "speaker":0,
        "text":"راح راح راح راح راح راح راح راح راح راح راح راح راح راح راح راح راح راح"
    },
    {
        "start":69.69096875,
        "end":85.95846875,
        "speaker":1,
        "text":"و خمستاشر حلقه ده في بتشتغل و خلاص مش بتشتغلي بشكل من المشاهد بتيجي هوا لأ برضو أيوه بس يعني إنتي بتكلمني حلقات بس إنتي اللي بتشتغلي والراجل بيصور أنا معاه كل يوم بكتب الحلقه ب ب في وقتها بنقعد نقراه هل هو كان في وقتها بنقعد نقرا في وقتها بنقعد نقرا في وقتها بنقعد نقرا ⁇ "
    },
    {
        "start":71.14221875,
        "end":71.46284375,
        "speaker":0,
        "text":"في النيلي النيلي اللي"
    },
    {
        "start":76.71096875,
        "end":77.80784375,
        "speaker":0,
        "text":"مش هيشتغلي جدا جدا جدا جدا جدا جدا جدا جدا جدا جدا جدا جدا جدا جدا جدا جدا جدا جدا جدا جدا جدا جدا"
    },
    {
        "start":85.55346875,
        "end":91.96596875,
        "speaker":0,
        "text":"ممكن بعد ما تقلي تصوير تغير مثلا إن إنت كنت عاملها خط معين تلاقيها كلنا بعد ما بدأنا تصوروا صح مغير ال ⁇ "
    },
    {
        "start":88.99596875,
        "end":90.49784375,
        "speaker":1,
        "text":"و بعد ما بدأوا يتصوروا وكوااروا وكوااره ⁇ "
    },
    {
        "start":91.62846875,
        "end":94.68284375,
        "speaker":1,
        "text":"ما بيبان مبتغيرش بس خليني مثلا أديكي مثلا ⁇ "
    },
    {
        "start":95.34096875,
        "end":98.29409375,
        "speaker":1,
        "text":"أنتي وإنتي بتكتبي و إنتي شايفاهم ⁇ "
    },
    {
        "start":98.98596875,
        "end":100.65659375,
        "speaker":1,
        "text":"ودي و إنتي بتكتبي يوم تنشف و تخيلي و تنشف و تخيلي و تنشف و تخيلي و تنشف و تخيل"
    },
    {
        "start":99.91409375,
        "end":101.65221875,
        "speaker":0,
        "text":"طب و تخيلهم بس مجرد <fil> بس مجرد <fil> بس مجرد <fil> بس مجرد <fil> ⁇ "
    },
    {
        "start":100.99409375,
        "end":107.98034375,
        "speaker":1,
        "text":"و غير كمان وإنتي بتكتبي جوه المكان يعني البيت الصداره المشهد بتاع المهنه الخبره اللي إحنا لأنها ⁇ "
    },
    {
        "start":106.29284375,
        "end":109.19534375,
        "speaker":0,
        "text":"الخبره اللي إحنا لأنها اه طبعا ده كده مساء الخير مساء الخير مساء مساء مساء مساء الخير مساء مساء مساء مساء مساء مساء مساء الخير مساء مساء مساء مساء مساء مساء مساء الخير مساء مساء مساء مساء مساء مساء مساء مساء"
    },
    {
        "start":108.85784375,
        "end":110.54534375,
        "speaker":1,
        "text":"بيحب الموضوع ده جدا ده جدا جدا جدا جدا جدا جدا جدا جدا جدا جدا جدا جدا جدا جدا جدا جدا جدا جدا جدا جدا جدا جدا جدا جدا جدا جدا جدا جدا جدا جدا جدا جدا دي ⁇ "
    },
    {
        "start":110.49471875,
        "end":110.89971875,
        "speaker":0,
        "text":"أه ⁇ "
    },
    {
        "start":110.89971875,
        "end":114.39284375,
        "speaker":1,
        "text":"الصداره أنا كتبت عليها مشهد ⁇ "
    },
    {
        "start":114.88221875,
        "end":126.08721875,
        "speaker":1,
        "text":"الصبغه الموجوده في الجنينه دي دي مش عاديه إنها تتساب لأن مستمره شكلها غريب جدا ⁇ "
    },
    {
        "start":118.22346875,
        "end":118.79721875,
        "speaker":0,
        "text":"يا صيان ب ب ب ب ب ب ب ب ب ب"
    },
    {
        "start":120.04596875,
        "end":121.04159375,
        "speaker":0,
        "text":"واجبحثي وراحح أحمر فيه ورقه ⁇ "
    },
    {
        "start":122.02034375,
        "end":122.64471875,
        "speaker":0,
        "text":"في ليس لهذه الهيثم الي"
    },
    {
        "start":125.71596875,
        "end":125.88471875,
        "speaker":0,
        "text":""
    },
    {
        "start":126.35721875,
        "end":128.85471875,
        "speaker":1,
        "text":"و في شوية تفاصيل بتطلع من روح المكان ⁇ "
    },
    {
        "start":129.34409375,
        "end":137.78159375,
        "speaker":1,
        "text":"وبتطلع من روحهم هما يعني أنا بعت أسبوع من شغلهم أنا خلاص بقيت شايف حاجات ⁇ "
    },
    {
        "start":135.50346875,
        "end":144.68346875,
        "speaker":0,
        "text":"<fil> <fil> <fil> <fil> <fil> <fil> <fil> <fil> <fil> <fil> <fil> <fil> <fil> <fil> <fil> <fil> <fil> <fil> <fil> <fil> <fil> <fil> <fil> <fil> <fil> <fil> <fil> <fil> <fil> <fil> <fil> <fil> <fil> <fil> <fil> <fil> <fil> <fil> ⁇ "
    },
    {
        "start":142.72596875,
        "end":143.14784375,
        "speaker":1,
        "text":"على اله لا لا لا لا لا لا لا"
    },
    {
        "start":144.59909375,
        "end":172.96596875,
        "speaker":1,
        "text":"ههههههه وهههههههههههههههههههههههههههههههههههههههههههههههههههههههههههههههههههههههههههههههههههههههههههههههههههههههههههههههههههههههههههههههههههههههههههههههههههههههههههههههههههههههههههههههههههههههههههههههههههههههههههههههههههههههههههههههههههههههههههههههههههههههههههههههههههههههههههههههههههههههههههههههههههههههههههههههههههههههههههههههههههههههههههههههههه ي هي ه ه  ي ه ه  و ي هي ي هي ييههههههههههههههههههههههههههههههههههههههههههههههههههههههههههههههههههههههههههههههههههههههههههههههههههههههههههههههههههههههههههههههههههههههههههههههههههههههههههههههههههههههههههههههههههههههههههههههههههههههههههههههههههههههههههه  وي ييههههه يه ه ه ه ه  ييه    و ي ي ي ي ي ي  و ي هي ي ي ي   وهي هي ي هي هي ي هي ه ه  وي ⁇ "
    },
    {
        "start":154.87596875,
        "end":155.17971875,
        "speaker":0,
        "text":"بع اقتنعت"
    },
    {
        "start":158.03159375,
        "end":159.60096875,
        "speaker":0,
        "text":"<fil> <fil> <fil> أنا كل الناس ⁇ "
    },
    {
        "start":160.36034375,
        "end":160.69784375,
        "speaker":0,
        "text":"يعني ن ن ن ن ن ن ن"
    },
    {
        "start":166.46909375,
        "end":167.27909375,
        "speaker":0,
        "text":"قلبه على الشغلانه على الشوطنه على الشغلانه على الش"
    }
]