[
    {
        "start":0.03096875,
        "end":4.11471875,
        "speaker":1,
        "text":"طريقه مفهومه أعرف أشتغل عليها يعني أحس ده واحد ⁇ "
    },
    {
        "start":4.31721875,
        "end":9.95346875,
        "speaker":1,
        "text":"<fil> <fil> <fil> <fil> <fil> <fil> <fil> <fil> <fil> ⁇ "
    },
    {
        "start":6.15659375,
        "end":6.66284375,
        "speaker":0,
        "text":"ها ها ها ها ها ها"
    },
    {
        "start":10.35846875,
        "end":11.32034375,
        "speaker":1,
        "text":"سهل ليهم مهو مهو مهو مهو مهو مهو م"
    },
    {
        "start":10.37534375,
        "end":12.67034375,
        "speaker":0,
        "text":"سهل ليه وانت رخم أصلا يا ابني ⁇ "
    },
    {
        "start":13.68284375,
        "end":18.96471875,
        "speaker":1,
        "text":"شخصه لطيف لأ بس بس في حاجه عاملها يعني في أدوار مبيبقاش مفهوم دقيق شخصيتك شخصيتي شخصيتي ⁇ "
    },
    {
        "start":16.72034375,
        "end":17.10846875,
        "speaker":0,
        "text":"في أوضه أوضي أو أ"
    }
]