[
    {
        "start":0.03096875,
        "end":1.02659375,
        "speaker":3,
        "text":"حققت لأ لأ لأ لأ لأ لأ لأ لأ لأ لأ لأ أنا لأ ⁇ "
    },
    {
        "start":1.02659375,
        "end":1.17846875,
        "speaker":2,
        "text":""
    },
    {
        "start":2.83221875,
        "end":3.45659375,
        "speaker":3,
        "text":"<fil> <fil> <f"
    },
    {
        "start":4.01346875,
        "end":16.21409375,
        "speaker":3,
        "text":"بس أنا لما يجيلي مش مستوعبه إن هو أه بس الأفعال ⁇ "
    },
    {
        "start":7.35471875,
        "end":8.65409375,
        "speaker":0,
        "text":"كده يعني أنا ماليش كده يعني أنا ماليش كده يعني أنا ماليش ⁇ "
    },
    {
        "start":16.65284375,
        "end":17.56409375,
        "speaker":1,
        "text":"الناس قالتلي ليك ليك ليك ليك ليك ليك ليك"
    },
    {
        "start":16.85534375,
        "end":16.97346875,
        "speaker":3,
        "text":""
    },
    {
        "start":16.97346875,
        "end":24.34784375,
        "speaker":4,
        "text":"قالتلك إنتي إزاي تختاري تتجوزي ده قولتلهم أمال إيه اختياراتي الحياه تشوفوه إزاي الموضوع تنتشر أوي ⁇ "
    },
    {
        "start":24.34784375,
        "end":27.87471875,
        "speaker":2,
        "text":"تخليه اللي الجوله على طول متجوزه لأ لأ مش متجوزه لأ ⁇ "
    },
    {
        "start":24.78659375,
        "end":25.93409375,
        "speaker":4,
        "text":"الجوله على تليفونه على طول على طول على طول على طول على طول على طول على تليفونه على"
    },
    {
        "start":28.49909375,
        "end":31.31721875,
        "speaker":4,
        "text":"<fil> <fil> <fil> <fil> <fil> <fil> <fil> <fil> <fil> <fil> <fil> <fi"
    },
    {
        "start":29.69721875,
        "end":30.97971875,
        "speaker":2,
        "text":"في حياه كلها إتنقلها ⁇ "
    },
    {
        "start":31.31721875,
        "end":32.00909375,
        "speaker":2,
        "text":"الحمد لله <fil> الحمد لله <fil> الحمد"
    },
    {
        "start":33.00471875,
        "end":42.97784375,
        "speaker":4,
        "text":"فاصل وبعد الفاصل هنكلمكوا على شخصيه تانيه موجوده فعلا أيضا في حقيقه وكان طاغه برضو و جماعة وتشت ⁇ "
    }
]