[
    {
        "start":0.03096875,
        "end":13.10909375,
        "speaker":0,
        "text":"تبوظ اللي هو عايز يعمله بس هو يعيني فعلا عنده سبب مدافع كبير أوي إنه يعمل كده يعني حتى عبير هو هو حبها بجد و لأ فيها البني آدمه المصريه البسيطه اللي عايزه تعيش إم ⁇ "
    },
    {
        "start":12.23159375,
        "end":13.61534375,
        "speaker":1,
        "text":"و تنزيل ها سول يعني مامي يعني مامي يعني مامي يعني <fil> <fil>"
    },
    {
        "start":14.08784375,
        "end":17.44596875,
        "speaker":0,
        "text":"هو طبعا رسول الله صلى الله عليه وسلم عليه الصلاة والسلام عليه الصلاة و السلام عليه الصلاة والسلام عليه الصلاة و السلام عليه الصلاة والسلام عليه الصلاة و السلام عليه الصلاة والسلام عليه الصلاة و السلام عليه الصلاة والسل"
    },
    {
        "start":16.82159375,
        "end":17.36159375,
        "speaker":1,
        "text":"واثقه في باقي باقي"
    },
    {
        "start":18.12096875,
        "end":18.94784375,
        "speaker":0,
        "text":"صلى الله عليه وسلم عليه الصلاة والسلام ⁇ "
    },
    {
        "start":19.28534375,
        "end":19.31909375,
        "speaker":0,
        "text":""
    },
    {
        "start":20.39909375,
        "end":34.92846875,
        "speaker":0,
        "text":"دي يقولك قد إيه عز حلوه لأ طبعا كانوا مصيبه كده بس هو هو <fil> <fil> <fil> <fil> ⁇ "
    },
    {
        "start":24.09471875,
        "end":24.11159375,
        "speaker":1,
        "text":""
    },
    {
        "start":24.12846875,
        "end":24.85409375,
        "speaker":1,
        "text":"هتبقى الساده السلبيه السلبيه السلبيه الس"
    },
    {
        "start":25.22534375,
        "end":26.40659375,
        "speaker":1,
        "text":"بس هو هو أصداء لنفسه أو أثناء الهدنه إنه أثناء اله"
    },
    {
        "start":26.71034375,
        "end":26.98034375,
        "speaker":1,
        "text":"إسمي إي إي إ"
    },
    {
        "start":35.16471875,
        "end":36.66659375,
        "speaker":0,
        "text":"و أنا فعلا قالبت بهدى الحقيقي و أنا فعلا قالت بهذا الحقيقي ⁇ "
    },
    {
        "start":37.22346875,
        "end":43.92284375,
        "speaker":0,
        "text":"أنا أنا جبته حتى بالسكسوكه بالبدل معينه أوي اللي من وسط البلد دي ماشيه في شركه ⁇ "
    },
    {
        "start":42.55596875,
        "end":44.29409375,
        "speaker":1,
        "text":"هتحدد شعره في حد كده في حد كده في حد كده في حد كده في حد كده في حد كده في حد كده في حد كده ⁇ "
    },
    {
        "start":44.59784375,
        "end":56.19096875,
        "speaker":0,
        "text":"و كمان عملت رسالتي كده وشوفت بصراحه أنا و فريده استايلست شوفنا محامين فعلا هما أصل فيه يعني مكان كده في وسط الماده المشهوره أوي بتاعتنا ⁇ "
    },
    {
        "start":56.56221875,
        "end":66.09659375,
        "speaker":0,
        "text":"بتقيمناش في الشارع في واحد بيشد كده وقالت على جديد بره أنا مش دي كانت قاعدين برده ها و بدل سهران مصري اه ⁇ "
    },
    {
        "start":62.89034375,
        "end":64.24034375,
        "speaker":1,
        "text":"بيبكوا ولادك ولا إيه باي باك ولاد ولا إيه باي باي باي باك ولا إيه ب"
    },
    {
        "start":66.23159375,
        "end":74.80409375,
        "speaker":0,
        "text":"ليها شفت فإحنا جبنا البدلي و ضيفنا الكروبات التي عملنا ساكسوكه زي واحد معين كده مش هقعد أقول إسمه بس أنا قفشته على الفيس بوك يعني وقعدت ذاكرت ⁇ "
    },
    {
        "start":75.37784375,
        "end":76.32284375,
        "speaker":0,
        "text":"هو بالظبط ⁇ "
    },
    {
        "start":76.74471875,
        "end":77.48721875,
        "speaker":0,
        "text":"وعملت إيه ⁇ "
    },
    {
        "start":77.48721875,
        "end":87.24096875,
        "speaker":1,
        "text":"<fil> <fil> <fil> <fil> <fil> <fil> مع بعض في مشهد ⁇ "
    },
    {
        "start":95.74596875,
        "end":96.97784375,
        "speaker":1,
        "text":"<fil> <fil> <fil> <fil> <fil> "
    }
]