[
    {
        "start":0.03096875,
        "end":2.95034375,
        "speaker":0,
        "text":"شوفي ده هي ليك على الدور و لا لأ ⁇ "
    },
    {
        "start":3.40596875,
        "end":24.14534375,
        "speaker":0,
        "text":"ههههههههههههههههههههههههههههههههههههههههههههههههههههههههههههههههههههههههههههههه ⁇ "
    },
    {
        "start":7.33784375,
        "end":7.79346875,
        "speaker":1,
        "text":"بسن ايه ايه ايه ايه ا"
    },
    {
        "start":10.94909375,
        "end":11.05034375,
        "speaker":1,
        "text":""
    },
    {
        "start":11.10096875,
        "end":11.16846875,
        "speaker":1,
        "text":""
    },
    {
        "start":11.21909375,
        "end":11.37096875,
        "speaker":1,
        "text":""
    },
    {
        "start":18.99846875,
        "end":26.08596875,
        "speaker":1,
        "text":"<fil> <fil> <fil> <fil> <fil> <fil> <fil> <fil> ⁇ "
    },
    {
        "start":24.31409375,
        "end":24.90471875,
        "speaker":0,
        "text":"يا شيرين يا شيرين يا شيرين يا شير"
    },
    {
        "start":26.38971875,
        "end":26.40659375,
        "speaker":1,
        "text":""
    },
    {
        "start":26.40659375,
        "end":37.25721875,
        "speaker":0,
        "text":"الكتابه الكتابه مكتوبه بجد من أول لحظه مكتوبه حلو أوي علشان تخليكي تلاقي نفسك مشدوده ليها ⁇ "
    },
    {
        "start":26.42346875,
        "end":28.33034375,
        "speaker":1,
        "text":"<fil> الأمتابه ⁇ "
    },
    {
        "start":37.71284375,
        "end":41.61096875,
        "speaker":0,
        "text":"إنك تكون الشخصيات ده مهم جدا إنك تركيبة تركيبات دي ⁇ "
    },
    {
        "start":41.96534375,
        "end":43.87221875,
        "speaker":0,
        "text":"ده رقم واحد في الحدوته أهو ده رقم واحد في الحدوته ⁇ "
    },
    {
        "start":44.20971875,
        "end":49.08659375,
        "speaker":0,
        "text":"رقم إتنين إن ممكن يبقى في اللوكيشن مهم جدا اختيار اللوكيشن للحدوته ⁇ "
    },
    {
        "start":49.62659375,
        "end":64.57784375,
        "speaker":0,
        "text":"<fil> الجنود المجهولين في الحدوته سواء مساعدين مخرج سواء مدير التصوير سواء مهندس صوته كل الكرو لغاية تعامل البوفيه دون جمية مجهولين في الحدوته دي وراء نجاح الحدوته دي و بجد ⁇ "
    },
    {
        "start":56.88284375,
        "end":57.86159375,
        "speaker":1,
        "text":"<fil> <fil> <fil> <fil>"
    },
    {
        "start":60.13971875,
        "end":60.56159375,
        "speaker":1,
        "text":"ميه ميه ميه ميه ميه"
    },
    {
        "start":64.83096875,
        "end":68.93159375,
        "speaker":0,
        "text":"عامل إن هما يكونوا وبيحبوا بعض ده كان مهم في فيديوهاتنا بيحبوا بيحبوا بيحبوا بيحبوا بيحبوا بيحبوا بيحبوا بيحبوا بيحبوا بيحبوا بيحبوا بيحبوا بيحبوا بيحبوا بيحبوا بيحبوا بيحبوا بيحبوا بيحبوا بيحبوا بيحبوا بيحبوا بيحبوا بيحبوا بيحبوا بيحبوا يحبوا يحبوا"
    },
    {
        "start":68.42534375,
        "end":99.61034375,
        "speaker":1,
        "text":"الحمد لله و اللي الناس كلها كانت في هرموني كده مع بعض وحب مبسوطين وإحنا رايحين التصوير و بجد زعلانين أوي من مسلسل ⁇ "
    },
    {
        "start":69.70784375,
        "end":70.60221875,
        "speaker":0,
        "text":"اعتيه ⁇ "
    },
    {
        "start":70.78784375,
        "end":71.36159375,
        "speaker":0,
        "text":"بالتعبير عن التعبير عن التعب"
    },
    {
        "start":73.87596875,
        "end":78.07784375,
        "speaker":0,
        "text":"<fil> <fil> <fil> <fil> <fil> <fil> <fil> ⁇ "
    },
    {
        "start":78.33096875,
        "end":79.17471875,
        "speaker":0,
        "text":"يقولك يا أنا يا أنا يا أنا يا أنا يا أنا يا أنا يا أنا يا أنا يا أنا يا"
    },
    {
        "start":80.28846875,
        "end":84.77721875,
        "speaker":0,
        "text":"<fil> <fil> <fil> <fil> <fil> <fil> <fil> <fil> <fil> <fil> <fil> ⁇ "
    },
    {
        "start":99.61034375,
        "end":121.04159375,
        "speaker":0,
        "text":"حدوته فيها عوامل فيها صعوبه فعلا يعني الكتابه صعبه أنا ما منكبش الموضوع ده يعني هاني برضو حاططني في نازل <fil> <fil> يعني <fil> <fil> <fil> <fil> <fil> <fil> ⁇ "
    },
    {
        "start":109.66784375,
        "end":113.70096875,
        "speaker":1,
        "text":"<fil> يعني <fil> <fil> <fil> <fil> <fil> <fil> <fil> <fil> ⁇ "
    },
    {
        "start":117.68346875,
        "end":119.77596875,
        "speaker":1,
        "text":"<fil> <fil> <fil> <fil> <fil> <fil> <fil> <fil> <fi"
    },
    {
        "start":120.31596875,
        "end":120.41721875,
        "speaker":1,
        "text":""
    },
    {
        "start":120.46784375,
        "end":123.38721875,
        "speaker":1,
        "text":"<fil> <fil> <fil> <fil> <fil> <fil> <fil> <fil> <fil> <fil> <fil> <fil> "
    },
    {
        "start":122.29034375,
        "end":128.29784375,
        "speaker":0,
        "text":"<fil> <fil> <fil> <fil> <fil> <fil> <fil> <fil> <fil> <fil> <fil> <fil> <fil> <fil> <fil> <fil> <fil> <fil> <fil> <fil> <fil> <fil> <fil> <fil> <fil>"
    },
    {
        "start":128.50034375,
        "end":138.96284375,
        "speaker":0,
        "text":"ده ده برضو التكنيك هيفرق هنا إنك تبقى عندك أي أوضه فيها خمسه و عشرين ممثل أو الفرح اللي إحنا شفناه دلوقتي بنتي وانت بنتي <fil> <fil> <fil> <fil> <fil> <fil> <fil> <fil> <fil> <fil> <fil> <fil> <fil> <fil> <fil> <fil> ⁇ "
    },
    {
        "start":128.71971875,
        "end":129.04034375,
        "speaker":1,
        "text":"ده ده ده ده ده ده ده ده"
    },
    {
        "start":137.15721875,
        "end":137.57909375,
        "speaker":1,
        "text":"إي إي إي إي إي"
    }
]