[
    {
        "start":0.03096875,
        "end":4.35096875,
        "speaker":0,
        "text":"للممثل بيشتغل فيها برانين و ده مهم أوي ⁇ "
    },
    {
        "start":2.46096875,
        "end":2.74784375,
        "speaker":1,
        "text":"الني ينيمين"
    },
    {
        "start":4.41846875,
        "end":16.58534375,
        "speaker":0,
        "text":"ههههههههههههههههههههههههههههههههههههههههههههههههههههههههههههههههههههههههههههههه ⁇ "
    },
    {
        "start":6.88221875,
        "end":7.65846875,
        "speaker":1,
        "text":"بتقولها إن هينهها إن هينها إنه إنها إن هينها إن"
    },
    {
        "start":8.09721875,
        "end":8.23221875,
        "speaker":1,
        "text":""
    },
    {
        "start":8.50221875,
        "end":11.97846875,
        "speaker":1,
        "text":"<fil> <fil> <fil> <fil> <fil> <fil> <fil> <fil> <fil> <fil> <fil> <fil> <fil> ⁇ "
    },
    {
        "start":12.02909375,
        "end":12.06284375,
        "speaker":1,
        "text":""
    },
    {
        "start":12.73784375,
        "end":15.37034375,
        "speaker":1,
        "text":"و أنا أسف يا سامي و أنا أساسا و أنا أساسا أه و أنا أساسا ⁇ "
    },
    {
        "start":16.58534375,
        "end":16.73721875,
        "speaker":1,
        "text":""
    },
    {
        "start":16.73721875,
        "end":22.74471875,
        "speaker":0,
        "text":"<fil> <fil> <fil> <fil> الديكوريه بتقدمت في المسلسل ⁇ "
    },
    {
        "start":16.77096875,
        "end":18.22221875,
        "speaker":1,
        "text":"وانا واحد من حل حل حل حل حل حل حل حل حل حل حل حل حل حل حل ح"
    },
    {
        "start":23.38596875,
        "end":29.41034375,
        "speaker":0,
        "text":"الحمد لله يا أستاذ سيد دخول بشكل أو باخر إيه الحاكم بقى بيعيني فرضا ⁇ "
    },
    {
        "start":29.57909375,
        "end":40.39596875,
        "speaker":0,
        "text":"<fil> <fil> <fil> <fil> <fil> <fil> <fil> <fil> ⁇ "
    },
    {
        "start":30.23721875,
        "end":30.28784375,
        "speaker":1,
        "text":""
    },
    {
        "start":30.30471875,
        "end":31.30034375,
        "speaker":1,
        "text":"اللي عايز يساعدس عيس عايس عايس عيسى عيس"
    },
    {
        "start":31.35096875,
        "end":35.01284375,
        "speaker":1,
        "text":"<fil> <fil> <fil> <fil> <fil> <fil> <fil> <fil> <fil> <fil> <fil> <fil> <fil> <fil> ⁇ "
    },
    {
        "start":35.80596875,
        "end":35.94096875,
        "speaker":1,
        "text":""
    },
    {
        "start":36.56534375,
        "end":38.40471875,
        "speaker":1,
        "text":"<fil> <fil> <fil> <fil> <fil> <fil> <fil> <fi"
    },
    {
        "start":41.13846875,
        "end":46.67346875,
        "speaker":0,
        "text":"لأ جوزها و ده كان مقصود <fil> <fil> <fil> <fil> <fil> <fil> <fil> <fil> <fil> و <fil> ⁇ "
    },
    {
        "start":42.67409375,
        "end":42.74159375,
        "speaker":1,
        "text":""
    },
    {
        "start":47.70284375,
        "end":50.62221875,
        "speaker":0,
        "text":"سيده اتعرضت للمواقف ده في المسلسل الكلام ده في علاء مختلفه ⁇ "
    },
    {
        "start":51.12846875,
        "end":51.58409375,
        "speaker":0,
        "text":"لا لا لا لا لا لا لا لا لا لا لا"
    },
    {
        "start":51.16221875,
        "end":51.83721875,
        "speaker":1,
        "text":"هننهي ⁇ "
    },
    {
        "start":51.83721875,
        "end":51.85409375,
        "speaker":0,
        "text":""
    },
    {
        "start":51.87096875,
        "end":55.49909375,
        "speaker":0,
        "text":"نرميم غير فأنا لسه واصدق كل واحده ردت بشكل مختلف ⁇ "
    },
    {
        "start":56.05596875,
        "end":71.73284375,
        "speaker":1,
        "text":"أنا هقولك الهدف من دوت معتقدش إن هو من الراجل بيخوف أنا رأيي ملي بيعمل إيه يا أستاذه نشوى هديت نقاش مهم جدا ⁇ "
    },
    {
        "start":63.48096875,
        "end":65.87721875,
        "speaker":0,
        "text":"<fil> <fil> <fil> <fil> ⁇ "
    },
    {
        "start":65.94471875,
        "end":65.97846875,
        "speaker":0,
        "text":""
    },
    {
        "start":66.07971875,
        "end":68.12159375,
        "speaker":0,
        "text":"<fil> <fil> <fil> <fil> <fil> <fil> <fil> <fil> <f"
    },
    {
        "start":72.49221875,
        "end":74.92221875,
        "speaker":1,
        "text":"المساواه بين الرجل المرأه ⁇ "
    },
    {
        "start":75.36096875,
        "end":76.96409375,
        "speaker":1,
        "text":"و هل الرجل لما يكون ⁇ "
    },
    {
        "start":77.50409375,
        "end":81.40221875,
        "speaker":1,
        "text":"أه وهل الراجل من حقه يكون أساسا ⁇ "
    },
    {
        "start":78.93846875,
        "end":79.36034375,
        "speaker":0,
        "text":"البوابل ⁇ "
    }
]