[
    {
        "start":0.03096875,
        "end":0.04784375,
        "speaker":0,
        "text":""
    },
    {
        "start":0.04784375,
        "end":0.79034375,
        "speaker":1,
        "text":"الأولاني ⁇ "
    },
    {
        "start":1.09409375,
        "end":4.63784375,
        "speaker":1,
        "text":"أهلا بيك وألف مبروك على النجاح ده وعلى العمل المحترم ⁇ "
    },
    {
        "start":4.67159375,
        "end":4.68846875,
        "speaker":1,
        "text":""
    },
    {
        "start":4.68846875,
        "end":5.16096875,
        "speaker":0,
        "text":"الكيك كيك كيك كيك"
    },
    {
        "start":5.58284375,
        "end":11.06721875,
        "speaker":1,
        "text":"<fil> <fil> <fil> <fil> <fil> <fil> <fil> <fil> <fil> <fil> اللي <fil> ⁇ "
    },
    {
        "start":11.35409375,
        "end":15.79221875,
        "speaker":0,
        "text":"<fil> <fil> <fil> <fil> <fil> <fil> <fil> <fil> <fil> <fil> <fil> ⁇ "
    },
    {
        "start":11.97846875,
        "end":21.27659375,
        "speaker":1,
        "text":"<fil> <fil> <fil> <fil> <fil> <fil> <fil> <fil> <fil> <fil> ⁇ "
    },
    {
        "start":21.52971875,
        "end":24.48284375,
        "speaker":1,
        "text":"يقولك لأ مش أنا اللي عملت للعمل حلو ده علشان هو مكتوب ها ها ها ها ها ها ها ها ها ها ها ها ها ها ها ها ها ها ها ها ها ها ها ها ها هاه ⁇ "
    },
    {
        "start":24.78659375,
        "end":27.04784375,
        "speaker":1,
        "text":"أهلا وسهلا بحضرتك أهلا و سهلا بحضرتك وبقولك مبروك مبروك مبروك مبروك مبروك مبروك مبروك مبروك مبروك مبروك مبروك مبروك"
    },
    {
        "start":25.46159375,
        "end":25.90034375,
        "speaker":0,
        "text":"معاهم عن الم عن الم عن الم عن الم عن"
    },
    {
        "start":27.52034375,
        "end":37.61159375,
        "speaker":1,
        "text":"و طبعا الأستاذ خالد عايز الموزع و الملحن اللي عملنا واحده من أجمل الأغاني اللي شفناها في مسلسل أبو العروسه والناس كلها طماطم بيها إم ألف مبروك على النجاح الكبير ⁇ "
    },
    {
        "start":27.95909375,
        "end":28.11096875,
        "speaker":0,
        "text":""
    },
    {
        "start":35.67096875,
        "end":35.70471875,
        "speaker":0,
        "text":""
    },
    {
        "start":36.53159375,
        "end":37.20659375,
        "speaker":0,
        "text":"نجاح الكيميلي الكريم الكريم الكيم"
    },
    {
        "start":38.20221875,
        "end":45.32346875,
        "speaker":1,
        "text":"<fil> الناس كمان يمكن في رسال كتير وصلت لديه مضيعه بفكرة إن هما عايزين جزء تاني للمسلسل <fil> الناس كمان يمكن في رسال كتير وصلت لأ دي مضيعه بفكرة إن هما عايزين جزء تاني للمسلسل ⁇ "
    },
    {
        "start":46.06596875,
        "end":49.82909375,
        "speaker":1,
        "text":"مفيش قرار فيما يخص الجزئ تاني لأن ده سؤال القرار كتير لكن ⁇ "
    },
    {
        "start":49.94721875,
        "end":49.96409375,
        "speaker":1,
        "text":""
    },
    {
        "start":49.99784375,
        "end":55.36409375,
        "speaker":1,
        "text":"قديمه دي بتقعد حضراتكوا بإنه هيكون في أعمال أخرى هتكون على نفسه مستوى أول عن رسول الله صلى الله عليه وسلم عليه الصلاة والسلام ⁇ "
    },
    {
        "start":55.87034375,
        "end":58.75596875,
        "speaker":1,
        "text":"حتى لو في جزء تاني <fil> حتى لو ما فيش جزء تاني <fil> حتى لو ما فيش جزء تاني <fil> ⁇ "
    },
    {
        "start":58.92471875,
        "end":63.04221875,
        "speaker":1,
        "text":"لكن هيكون في أعمال تانيه تقول على نفس المستوى ⁇ "
    },
    {
        "start":63.31221875,
        "end":66.14721875,
        "speaker":1,
        "text":"القريبه بالشكل ده من الأسره المصريه المصريه المصريه المصريه المصريه المصريه المصريه المصريه المصريه المصريه المصريه المصريه المصريه المصريه المصريه المصريه المصريه المصريه المصريه المصريه المصريه المصريه المصريه المصريه المصريه المصريه المصريه المصريه المصريه المصريه المصريه المصريه المصريه المصريه المصريه المصريه المصريه المصريه المصريه المصريه المصريه المصريه المصريه المصريه المصريه المصريه المصريه المصريه المصريه المصريه المصريه المصريه المصريه المصريه المصريه المصريه المصريه المصريه المصريه"
    },
    {
        "start":67.15971875,
        "end":71.61471875,
        "speaker":1,
        "text":"و هما إتكلموا عليكوا كتير و إنتو مش موجودين فأنا عايزه كده إنتو تتكلموا عليكو ⁇ "
    },
    {
        "start":71.61471875,
        "end":75.25971875,
        "speaker":0,
        "text":"<fil> <fil> <fil> <fil> <fil> <fil> <fil> <fil> <fil> <fil> <fil> <fil> ⁇ "
    },
    {
        "start":72.47534375,
        "end":72.76221875,
        "speaker":1,
        "text":"لا لا لا لا لا لا لا"
    },
    {
        "start":74.06159375,
        "end":76.32284375,
        "speaker":1,
        "text":"بس التالته عليهم أه ⁇ "
    },
    {
        "start":76.50846875,
        "end":77.52096875,
        "speaker":0,
        "text":"متهيألي ⁇ "
    },
    {
        "start":78.65159375,
        "end":79.25909375,
        "speaker":1,
        "text":"أه ⁇ "
    },
    {
        "start":78.71909375,
        "end":79.14096875,
        "speaker":0,
        "text":"أه تاكل تاكل تاكل"
    },
    {
        "start":79.25909375,
        "end":79.29284375,
        "speaker":0,
        "text":""
    },
    {
        "start":79.29284375,
        "end":79.51221875,
        "speaker":1,
        "text":"عمري ما جايب"
    },
    {
        "start":79.51221875,
        "end":79.61346875,
        "speaker":0,
        "text":""
    },
    {
        "start":79.61346875,
        "end":84.52409375,
        "speaker":1,
        "text":"سريعا قبل ما ينسى لأن أنا عارفه أعدهم بصوره معانا من بدري إيه إيه إيه إيه إيه إيه إيه إيه إيه إيه إيه إيه <fil> ⁇ "
    },
    {
        "start":79.63034375,
        "end":80.18721875,
        "speaker":0,
        "text":"لا لا لا لا لا لا لا لا لا لا لا لا لا لا"
    },
    {
        "start":84.94596875,
        "end":87.96659375,
        "speaker":1,
        "text":"الحقيقه و في تصوير علشان شغل رمضان ⁇ "
    },
    {
        "start":88.40534375,
        "end":89.18159375,
        "speaker":1,
        "text":"<fil> <fil> <fil> ⁇ "
    },
    {
        "start":90.24471875,
        "end":93.02909375,
        "speaker":1,
        "text":"بس أنا عايزه أسمع بقى قبل ما يمشوا عملوا معاك إيه إم ⁇ "
    },
    {
        "start":94.00784375,
        "end":94.96971875,
        "speaker":0,
        "text":"يعني أه عمرو ما يعني أه ⁇ "
    },
    {
        "start":94.69971875,
        "end":96.13409375,
        "speaker":1,
        "text":"من ميه أه ⁇ "
    },
    {
        "start":96.13409375,
        "end":98.71596875,
        "speaker":0,
        "text":"بس الأولى ابتدت تستاهل عنها ⁇ "
    },
    {
        "start":96.23534375,
        "end":96.65721875,
        "speaker":1,
        "text":"كبيره جدا جدا جدا جدا جدا جدا جدا جدا جدا"
    },
    {
        "start":98.07471875,
        "end":98.54721875,
        "speaker":1,
        "text":"عمل خ خ خ خ خ خ خ خ خ خ خ"
    },
    {
        "start":99.13784375,
        "end":100.85909375,
        "speaker":0,
        "text":"إن أنا أشكر ⁇ "
    },
    {
        "start":100.92659375,
        "end":103.25534375,
        "speaker":0,
        "text":"دي مسيح المنتجه ⁇ "
    },
    {
        "start":103.32284375,
        "end":108.25034375,
        "speaker":0,
        "text":"و الأستاذه منى قطب و الأستاذ إبراهيم حموده الأستاذه المنتجين ⁇ "
    },
    {
        "start":108.79034375,
        "end":109.78596875,
        "speaker":0,
        "text":"ايوه ⁇ "
    },
    {
        "start":110.37659375,
        "end":120.97409375,
        "speaker":0,
        "text":"يعني بجد أنا مبسوط إن ربنا تحلي الفرصه إن أنا يبقى معايا قيمه وقامه زي للأستاذ النجوم اللي هما معايا والأستاذه الغائبين ⁇ "
    }
]