[
    {
        "start":2.25846875,
        "end":3.18659375,
        "speaker":0,
        "text":"يعني إنت كماننك نايم ⁇ "
    },
    {
        "start":3.59159375,
        "end":6.19034375,
        "speaker":0,
        "text":"الله سبحانه وتعالى لو سمحتك تقول كده تاني لأ قول يا نهار ابيض خلاص خلاص خلاص هتقول كده تاني لأ قول يا أنا هسألك خلاص خلاص خلاص تقول كده تاني لأ قول يا نايم خلاص هتقول كده"
    },
    {
        "start":5.88659375,
        "end":7.57409375,
        "speaker":2,
        "text":"حلاوة صوتك عالي ⁇ "
    },
    {
        "start":7.57409375,
        "end":8.82284375,
        "speaker":0,
        "text":"كفايه القضيه اللي فاتت ⁇ "
    },
    {
        "start":9.26159375,
        "end":10.42596875,
        "speaker":2,
        "text":"و القضيه اللي فاتت ⁇ "
    },
    {
        "start":10.74659375,
        "end":11.21909375,
        "speaker":0,
        "text":"وليك أنا وليك ⁇ "
    },
    {
        "start":11.40471875,
        "end":12.97409375,
        "speaker":2,
        "text":"<fil> <fil> <fil> <fil> <fil> <fil> <f"
    },
    {
        "start":12.97409375,
        "end":15.40409375,
        "speaker":3,
        "text":"فإتقدوا عليا ولا إيه حته حتة قصة ده ⁇ "
    },
    {
        "start":15.84284375,
        "end":16.90596875,
        "speaker":3,
        "text":"<fil> <fil> <fil> <fil> <"
    },
    {
        "start":16.90596875,
        "end":16.92284375,
        "speaker":0,
        "text":""
    },
    {
        "start":16.97346875,
        "end":19.52159375,
        "speaker":3,
        "text":"<fil> <fil> <fil> <fil> <fil> <fil> <fil> <fil> <fil> <fil> <f"
    },
    {
        "start":19.52159375,
        "end":19.92659375,
        "speaker":1,
        "text":"لا لا لا لا لا لا لا لا لا لا"
    },
    {
        "start":19.63971875,
        "end":20.97284375,
        "speaker":3,
        "text":"ورئيس إسكندريه هيئه إيه ده إيه ده إيه ده إيه ده إيه ده إيه ده إيه ده إيه ده إيه ده إيه ده"
    },
    {
        "start":19.94346875,
        "end":22.00221875,
        "speaker":1,
        "text":"<fil> <fil> <fil> <fil> <fil> <fil> <fil> <fil> <f"
    },
    {
        "start":22.00221875,
        "end":22.06971875,
        "speaker":3,
        "text":""
    },
    {
        "start":22.55909375,
        "end":22.59284375,
        "speaker":5,
        "text":""
    },
    {
        "start":22.59284375,
        "end":22.79534375,
        "speaker":3,
        "text":"جايبده جايب"
    },
    {
        "start":22.79534375,
        "end":22.82909375,
        "speaker":5,
        "text":""
    },
    {
        "start":22.82909375,
        "end":22.96409375,
        "speaker":3,
        "text":""
    },
    {
        "start":22.96409375,
        "end":23.28471875,
        "speaker":5,
        "text":"ده هعت عن دهع"
    },
    {
        "start":23.89221875,
        "end":24.73596875,
        "speaker":5,
        "text":"عالي كده ليهانه ليك ليك ليك ناهد"
    },
    {
        "start":25.29284375,
        "end":27.25034375,
        "speaker":5,
        "text":"مع الشوط حدي عارف مكتبه هنا تاني ⁇ "
    },
    {
        "start":27.62159375,
        "end":28.70159375,
        "speaker":5,
        "text":"مين ولا لأ ⁇ "
    },
    {
        "start":31.13159375,
        "end":32.14409375,
        "speaker":5,
        "text":"يلا بينا ⁇ "
    },
    {
        "start":34.55721875,
        "end":35.08034375,
        "speaker":5,
        "text":"الصيني ⁇ "
    },
    {
        "start":35.08034375,
        "end":35.21534375,
        "speaker":4,
        "text":""
    },
    {
        "start":37.47659375,
        "end":37.83096875,
        "speaker":4,
        "text":"تيسي تيشيرت"
    },
    {
        "start":38.48909375,
        "end":38.80971875,
        "speaker":4,
        "text":"إيه إيه انخفاض"
    },
    {
        "start":39.94034375,
        "end":40.36221875,
        "speaker":4,
        "text":"النيئه دي منينيريين"
    },
    {
        "start":40.90221875,
        "end":41.84721875,
        "speaker":4,
        "text":"الطب الشرعي أوي ⁇ "
    },
    {
        "start":43.07909375,
        "end":44.10846875,
        "speaker":4,
        "text":"ماسكتك إنك تاكل تاك تاكسي ⁇ "
    },
    {
        "start":44.86784375,
        "end":45.35721875,
        "speaker":4,
        "text":"هكشف هاجي هكل"
    },
    {
        "start":45.86346875,
        "end":46.97721875,
        "speaker":4,
        "text":"مفيش حاجه خالص في حاجه خالص خالص حاجه خالص خالص حاجه خالص حاجه خالص خالص حاجه خالص خالص حاجه خالص حاجه خالص خالص حاجه خالص خالص حاجه خالص"
    },
    {
        "start":46.97721875,
        "end":47.21346875,
        "speaker":5,
        "text":"يا نايمين"
    }
]