[
    {
        "start":0.03096875,
        "end":4.77284375,
        "speaker":1,
        "text":"إزاي الأب والأم يحبوا ولادهم بجد ولادهم إزاي ⁇ "
    },
    {
        "start":5.27909375,
        "end":8.41784375,
        "speaker":1,
        "text":"حبهم بجد العلاقه اللي ما بينهم إزاي الحاله مش هكلمها ⁇ "
    },
    {
        "start":9.19409375,
        "end":11.75909375,
        "speaker":1,
        "text":"من غير ما نخسر بعض حالة العيله اللي بتاعت ⁇ "
    },
    {
        "start":12.51846875,
        "end":16.85534375,
        "speaker":1,
        "text":"بخير هاشم يقول البنات كلها بعد الحلقه النهارده هاتي المأذونيه برافو عليكي لأ ⁇ "
    },
    {
        "start":16.92284375,
        "end":17.12534375,
        "speaker":1,
        "text":"و و و و و"
    },
    {
        "start":17.71596875,
        "end":17.86784375,
        "speaker":1,
        "text":""
    },
    {
        "start":17.90159375,
        "end":17.93534375,
        "speaker":1,
        "text":""
    },
    {
        "start":18.52596875,
        "end":19.36971875,
        "speaker":1,
        "text":"تلت تيك تيك تيك تيك تيك تيك ت"
    },
    {
        "start":20.17971875,
        "end":24.83721875,
        "speaker":1,
        "text":"كريمه في فراج بتقول المسلسل ممكن تعملوا منه جزء تاني ⁇ "
    },
    {
        "start":26.50784375,
        "end":30.79409375,
        "speaker":2,
        "text":"<fil> <fil> <fil> <fil> <fil> <fil> <fil> <fil> <fil> <fil> ⁇ "
    },
    {
        "start":28.56659375,
        "end":31.04721875,
        "speaker":1,
        "text":"<fil> <fil> <fil> <fil> <fil> <fil> <fil> ⁇ "
    },
    {
        "start":34.23659375,
        "end":39.97409375,
        "speaker":1,
        "text":"<fil> <fil> <fil> <fil> <fil> <fil> <fil> <fil> <fil> ⁇ "
    },
    {
        "start":40.66596875,
        "end":41.62784375,
        "speaker":1,
        "text":"الإشتياح <fil> الإشتياء <fil> الإشتياح"
    },
    {
        "start":42.13409375,
        "end":47.12909375,
        "speaker":1,
        "text":"مسلسل وعائله بجد تحفه كل قاعده مسلسل بذلت حب زين وطاري الله بجد تحفه ⁇ "
    },
    {
        "start":47.48346875,
        "end":49.25534375,
        "speaker":0,
        "text":"<fil> <fil> <fil> ⁇ "
    },
    {
        "start":48.07409375,
        "end":49.05284375,
        "speaker":1,
        "text":"<fil> <fil> <fil> <fil>"
    },
    {
        "start":49.81221875,
        "end":57.96284375,
        "speaker":1,
        "text":"<fil> <fil> <fil> <fil> <fil> <fil> <fil> <fil> <fil> <fil> بس ⁇ "
    }
]