[
    {
        "start":0.03096875,
        "end":35.90721875,
        "speaker":0,
        "text":"إم و أحيانا بيغلى عنه إم فمن أول الفكره الصغيره خالص إنت عارف الأسره دي ده بقى متجوز واحد عامله إزاي يعني لازم تبقى ينطبق عليهم كل فول لولها كيكه أه هي و دول الغربات أه هيخلفوا أربع ما جيت إزاي لأن إحنا عايزين نكسب حاجه مهمه أوي إنه ساعة المسلسل ما يتعلم بقدر الإمكان تلتفل أسره حوالين صح مش بتضرها عشان تتوافق حتى عشان تتخانق صح عشان يبقى في حالة جدل الموجود إجابه صحيح ⁇ "
    },
    {
        "start":4.99221875,
        "end":6.35909375,
        "speaker":1,
        "text":"<fil> <fil> <fil> <fil> <fil> <fi"
    },
    {
        "start":19.92659375,
        "end":20.11221875,
        "speaker":1,
        "text":"وده وده"
    },
    {
        "start":21.66471875,
        "end":21.91784375,
        "speaker":1,
        "text":"واقعه في"
    },
    {
        "start":34.06784375,
        "end":44.74971875,
        "speaker":1,
        "text":"ويمكن الصدمه ده حسب معرفتي كمان إنه ده ده خرج بره اطار مصر بره جمهورية مصر العربيه وطبعا أه إيه قصة نوريه أستاذ صابرين ⁇ "
    },
    {
        "start":40.93596875,
        "end":41.96534375,
        "speaker":0,
        "text":"<fil> <fil> <fil> <fil> و"
    },
    {
        "start":44.61471875,
        "end":45.91409375,
        "speaker":0,
        "text":"<fil> <fil> <fil> <fil> <fil> <"
    },
    {
        "start":45.96471875,
        "end":48.37784375,
        "speaker":0,
        "text":"مين اللي قالك إن دي لنفسه النقطه النقطه المايه ⁇ "
    },
    {
        "start":48.41159375,
        "end":50.23409375,
        "speaker":1,
        "text":"و أنا معرفش القصه بس عارف الاسم ⁇ "
    },
    {
        "start":50.33534375,
        "end":52.96784375,
        "speaker":0,
        "text":"نوريني لأني لو جبت <fil> أنا لو جيت <fil> <fil> <fil> ⁇ "
    }
]