[
    {
        "start":0.03096875,
        "end":0.04784375,
        "speaker":3,
        "text":""
    },
    {
        "start":0.16596875,
        "end":2.05596875,
        "speaker":3,
        "text":"اللي بيكدب الحب الله سبحانه وتعالى <fil> <fil> <fil> <fil> <fil>"
    },
    {
        "start":2.05596875,
        "end":4.72221875,
        "speaker":0,
        "text":"ما شاء الله ليه لك لذلك تمث بيها ⁇ "
    },
    {
        "start":4.72221875,
        "end":5.22846875,
        "speaker":2,
        "text":"لا لا لا لا لا لا لا لا لا لا لا لا"
    },
    {
        "start":5.22846875,
        "end":20.97284375,
        "speaker":0,
        "text":"زيكوا كلكو طبعا أستاذ صابرين من كمان ما شاء الله فروحتوني نورتوني و بحقيقه مره تانيه على المسلسل المتميز ده و بجد حقيقي مش بقول الكلام ده مجامله أو عشان أبطل العمل موجودين معانا أدووا حضراتكم ⁇ "
    },
    {
        "start":5.24534375,
        "end":5.46471875,
        "speaker":2,
        "text":"وازاي"
    },
    {
        "start":6.79784375,
        "end":7.03409375,
        "speaker":2,
        "text":"و و و و و و"
    },
    {
        "start":7.03409375,
        "end":7.54034375,
        "speaker":1,
        "text":"كمان و كمان و كمان و كمان و كمان و كمان و"
    },
    {
        "start":7.54034375,
        "end":8.51909375,
        "speaker":2,
        "text":"التفاصيل طب التفاصيل ⁇ "
    },
    {
        "start":9.54846875,
        "end":9.68346875,
        "speaker":2,
        "text":""
    },
    {
        "start":9.68346875,
        "end":10.51034375,
        "speaker":1,
        "text":"مره تانيهعته مره تانيه ياعتني يا عيني يا عيني يا"
    }
]