[
    {
        "start":0.03096875,
        "end":4.16534375,
        "speaker":3,
        "text":"استراتيجية تم إطلاقها في العام الماضي في مصر ⁇ "
    },
    {
        "start":3.67596875,
        "end":4.97534375,
        "speaker":0,
        "text":"بالظبط كده في الحته دي بالظبط كده ⁇ "
    },
    {
        "start":4.92471875,
        "end":6.96659375,
        "speaker":3,
        "text":"وبتنص بقى على إيه استراتيجيه ليه حاضر استراتيجية يحيى يحيى يحيى يحيى يحيى يحيى يحيى بيح"
    },
    {
        "start":6.74721875,
        "end":35.19846875,
        "speaker":0,
        "text":"إم و لازم يبقى في دور من الأطباء لأن إحنا بنلاحظ إن نسبة الأطباء زادت جدا في عمليات في تنفيذها إم كانت في الأول اللي بيعمل عملية الفتنه الناس دي جايه أو حلقة صحه أو أي شخص بدأت الناس تلجأ للأطباء في عملية الخت يعني إم فده كان مؤشر بالنسبالنا كان صدمه طب إحنا لأننا نسبة عمليات الفتان دي كلها بيعملوها بتاع إنتاج تمانين في الميه من ال ⁇ "
    },
    {
        "start":12.60284375,
        "end":12.68721875,
        "speaker":3,
        "text":""
    },
    {
        "start":12.90659375,
        "end":13.04159375,
        "speaker":3,
        "text":""
    },
    {
        "start":20.31471875,
        "end":20.65221875,
        "speaker":1,
        "text":"ابتدت تت ت ت"
    },
    {
        "start":27.90846875,
        "end":28.31346875,
        "speaker":3,
        "text":"فلان الفلسطيني ف"
    },
    {
        "start":30.52409375,
        "end":31.03034375,
        "speaker":3,
        "text":"وإحنا إحنا نحن نحن ناح"
    },
    {
        "start":35.19846875,
        "end":40.58159375,
        "speaker":3,
        "text":"المعدل بدون قطعه تالته يا دكتور معدل عملية الختان ⁇ "
    },
    {
        "start":41.03721875,
        "end":45.69471875,
        "speaker":3,
        "text":"النهارده كام في الميه وبحلول عام عشرين عشرين عايزينها يبقى كان ⁇ "
    },
    {
        "start":46.04909375,
        "end":65.03346875,
        "speaker":0,
        "text":"و إحنا بنبقى أهم مؤشر لينا الفتره اللي هي من خمستاشر ل سبعتاشر أنا ماليش دعوه بالفتره اللي هي من خمستاشر لتسعه وأربعين إن دي هتفضل مستمره معايا في الفترات اللي جايه إم فبيهمني الفتره البنت اللي عندها من سنه خمستاشر و سبعتاشر اللي اللي بعد كده معروف غالبا مبيتحصلش عمليات خفيفه ⁇ "
    },
    {
        "start":55.68471875,
        "end":56.08971875,
        "speaker":1,
        "text":"في ال في ال في ال في ال في ال"
    },
    {
        "start":56.88284375,
        "end":57.30471875,
        "speaker":1,
        "text":"تي تي تي تي تي"
    },
    {
        "start":64.34159375,
        "end":64.35846875,
        "speaker":1,
        "text":""
    },
    {
        "start":64.35846875,
        "end":65.50596875,
        "speaker":3,
        "text":"الشنطه ⁇ "
    },
    {
        "start":65.45534375,
        "end":68.81346875,
        "speaker":0,
        "text":"إحنا النسبه دي كانت في ألفين وتمانيه كانت أربعه و سبعين في الميه ⁇ "
    },
    {
        "start":68.81346875,
        "end":69.84284375,
        "speaker":3,
        "text":"أربعه و سبعين ⁇ "
    },
    {
        "start":69.79221875,
        "end":84.00096875,
        "speaker":0,
        "text":"في ألفين و أربعتاشر قالت بقت واحد وستين في الميه إم واحنا بنهدى في إن إن شاء الله على ألفين و عشرين تبقى خمسين في الميه ودايما على نائب إحصاء أعلم منه النسبه لما بتوصل لخمسين في الميه بعد كده تعرف إن الناس تنازل خالص ⁇ "
    },
    {
        "start":70.53471875,
        "end":71.26034375,
        "speaker":3,
        "text":"مباراه تحفه تحفه تحفه تح"
    },
    {
        "start":73.87596875,
        "end":74.38221875,
        "speaker":3,
        "text":"واحد واح واحد واحد واحد واحد واحد واحد واحد واحد و"
    },
    {
        "start":81.52034375,
        "end":81.97596875,
        "speaker":1,
        "text":"إم ب ب ب ب ب ب ب ب ب ب"
    },
    {
        "start":83.93346875,
        "end":95.34096875,
        "speaker":1,
        "text":"<fil> <fil> <fil> <fil> <fil> <fil> <fil> <fil> ⁇ "
    },
    {
        "start":84.76034375,
        "end":86.16096875,
        "speaker":0,
        "text":"<fil> <fil> <fil> <fil> <fil> <fil"
    },
    {
        "start":96.40409375,
        "end":97.28159375,
        "speaker":1,
        "text":"<fil> <fil> <fil> <fi"
    },
    {
        "start":98.36159375,
        "end":101.33159375,
        "speaker":1,
        "text":"<fil> <fil> <fil> <fil> <fil> <fil> <fil> <fil> <fil> <fil> <fil> <fil> <"
    },
    {
        "start":100.70721875,
        "end":102.27659375,
        "speaker":2,
        "text":"لو انسحبت إم ⁇ "
    },
    {
        "start":103.08659375,
        "end":105.48284375,
        "speaker":2,
        "text":"هو مكنش عندي فرصه على يعني ⁇ "
    },
    {
        "start":106.19159375,
        "end":118.00409375,
        "speaker":2,
        "text":"حتى الدايره اللي حواليا كلهم متعرضوش للحاجات دي إم بس لما بيطرح قدام الموضوع ده يعني بعارض وبتخانق و هو ده مينفعش و لا دنيا و لا طبيا و لا أي حاجه ⁇ "
    },
    {
        "start":118.39221875,
        "end":120.73784375,
        "speaker":2,
        "text":"هو <fil> ولا ليه علاقه بالتربيه ⁇ "
    },
    {
        "start":120.73784375,
        "end":121.02471875,
        "speaker":3,
        "text":"فين فين فين في"
    },
    {
        "start":121.56471875,
        "end":122.12159375,
        "speaker":2,
        "text":"تمن تيمون دي ويومين دي وي"
    },
    {
        "start":121.68284375,
        "end":122.07096875,
        "speaker":3,
        "text":"مانتيشيه مانتيش"
    },
    {
        "start":122.12159375,
        "end":122.79659375,
        "speaker":3,
        "text":"جمهورنا دلوقتي جمله دلوقتي جمله دلوقتي جمله"
    },
    {
        "start":122.79659375,
        "end":122.96534375,
        "speaker":2,
        "text":""
    },
    {
        "start":122.96534375,
        "end":123.03284375,
        "speaker":3,
        "text":""
    },
    {
        "start":123.03284375,
        "end":134.30534375,
        "speaker":2,
        "text":"اللي حواليك متعرضوش لده اللي حواليا من الدايره المقربه ليا مش بايدن أصحابي اللي في المدرسه إم إحنا لما طول الوقت في درجتين مداريت صحابي في المدرسه دي يعني ⁇ "
    },
    {
        "start":126.61034375,
        "end":126.86346875,
        "speaker":3,
        "text":"أيوه الهدنه"
    },
    {
        "start":128.16284375,
        "end":128.33159375,
        "speaker":0,
        "text":""
    },
    {
        "start":130.15409375,
        "end":130.23846875,
        "speaker":0,
        "text":""
    },
    {
        "start":130.25534375,
        "end":130.54221875,
        "speaker":0,
        "text":"لا لا لا لا لا لا لا"
    },
    {
        "start":134.62596875,
        "end":149.23971875,
        "speaker":2,
        "text":"كنت بقعد أتكلم معاهم بس برضو فكرة المناقشه أو والحوار اللي أنا فيها دلوقتي إم غير زمان وأنا طفله صغيره يعني لو مكنش ما كنتش أعرف أقول كده إم بس لما بيكون في فرصه إن أنا أقول ده ⁇ "
    },
    {
        "start":144.34596875,
        "end":144.48096875,
        "speaker":3,
        "text":""
    },
    {
        "start":144.53159375,
        "end":144.56534375,
        "speaker":3,
        "text":""
    },
    {
        "start":144.95346875,
        "end":144.97034375,
        "speaker":0,
        "text":""
    },
    {
        "start":144.97034375,
        "end":144.98721875,
        "speaker":3,
        "text":""
    },
    {
        "start":148.63221875,
        "end":149.03721875,
        "speaker":3,
        "text":"و و و و و و و و و و"
    },
    {
        "start":149.23971875,
        "end":165.03471875,
        "speaker":3,
        "text":"بس هل الموضوع كموضوع من الموضوعات اللي إنتو بتتناقشوا فيها دلوقتي ⁇ "
    },
    {
        "start":154.31909375,
        "end":154.77471875,
        "speaker":2,
        "text":"مش معييش معييش معي"
    },
    {
        "start":165.03471875,
        "end":178.02846875,
        "speaker":2,
        "text":"<fil> بنبدأ نتكلم في الموضوع ونبدأ نطرح الأسئله هو ليه الأهل عملي ده أصلا ⁇ "
    },
    {
        "start":170.95784375,
        "end":171.44721875,
        "speaker":0,
        "text":"<fil> <fil>"
    },
    {
        "start":178.72034375,
        "end":181.18409375,
        "speaker":2,
        "text":"اللي هو لسه مستمر و لا لأ ⁇ "
    },
    {
        "start":181.26846875,
        "end":191.96721875,
        "speaker":2,
        "text":"<fil> بس للأسف هو لسه مستمر في بعض يعني الله يرحمها <fil> <fil> <fil> <fil> <fil> <fil> <fil> ⁇ "
    },
    {
        "start":185.43659375,
        "end":186.12846875,
        "speaker":0,
        "text":"عمري أنا مالي أنا مالي أنا مالي أنا مالي أنا مالي"
    },
    {
        "start":186.46596875,
        "end":186.97221875,
        "speaker":0,
        "text":"لما أجيلنا ميه ميه مي"
    },
    {
        "start":188.89596875,
        "end":189.16596875,
        "speaker":0,
        "text":"و و و و و و و"
    },
    {
        "start":190.19534375,
        "end":190.46534375,
        "speaker":0,
        "text":"ماسك نازل"
    },
    {
        "start":192.20346875,
        "end":194.17784375,
        "speaker":2,
        "text":"لأن هما شايفين إن ⁇ "
    },
    {
        "start":194.66721875,
        "end":196.45596875,
        "speaker":2,
        "text":"بعض الناس تان جس للبنت ⁇ "
    },
    {
        "start":195.69659375,
        "end":195.98346875,
        "speaker":0,
        "text":"دي ديندي بيديها"
    },
    {
        "start":196.65846875,
        "end":203.40846875,
        "speaker":2,
        "text":"حوره و إن هي مينفعش تحس أي حاجه حاسه إن الموضوع ده أثر عليكي على حياتك و عموما أه طبعا يعني أكيد ⁇ "
    },
    {
        "start":204.16784375,
        "end":205.55159375,
        "speaker":1,
        "text":" ⁇ "
    },
    {
        "start":205.93971875,
        "end":207.12096875,
        "speaker":1,
        "text":"موضوع إيجابي يعني ⁇ "
    },
    {
        "start":207.12096875,
        "end":220.23284375,
        "speaker":2,
        "text":"أه أكيد إم وحسيت إن أنا حاجه دي حاجه بتاعتي فحسيت إن أنا ساعتها أي حاجه ممكن تحصلي بعد كده هقف واتكلم لأن دي حاجه خاصه بياكل وحسيت إن أنا حاجه دي حاجه بتاعتي فحسيت إن أنا ساعتها أي حاجه ممكن تحصلي بعد كده هقف واتكلم لأن دي حاجه خاصه بياكل وحسيت إن أنا حاجه دي حاجه بتاعتي فحسيت إن أنا ساعتها أي حاجه ممكن تحصلي بعد كده هقف واتكلم لأن دي حاجه خاصه بياكل وحسيت إن أنا حاجه دي حاجه بتاعتي فحسيت إن أنا ساعتها أي حاجه ممكن تحصلي بعد كده هقف واتكلم لأن دي حاجه خاصه بياكل وحسيت إن أنا حاجه دي حاجه بتاعتي فحسيت إن أنا ساعتها أي حاجه ممكن تحصلي بعد كده هقف واتكلم لأن دي حاجه خاصه بياكل وحسيت إن أنا حاجه دي حاجه بتاعتي فحسيت إن أنا ساعتها أي حاجه ممكن تحصلي بعد كده هقف واتكلم لأن دي حاجه خاصه بياكل وحسيت إن أنا حاجه دي حاجه بتاعتي فحسيت إن أنا ساعتها أي حاجه ممكن تحصلي بعد كده هقف واتكلم لأن دي حاجه خاصه بياكل وحسيت إن أنا حاجه دي حاجه بتاعتي فحسيت إن أنا ساعتها أي حاجه ممكن تحصلي بعد كده هقف واتكلم لأن دي حاجه خاصه بياكل وحسيت إن أنا حاجه دي حاجه بتاعتي فحسيت إن أنا ساعتها أي حاجه ممكن تحصل"
    },
    {
        "start":217.58346875,
        "end":217.61721875,
        "speaker":0,
        "text":""
    },
    {
        "start":217.61721875,
        "end":218.10659375,
        "speaker":3,
        "text":"ليس ليس ليس ما يش"
    },
    {
        "start":218.91659375,
        "end":219.70971875,
        "speaker":3,
        "text":"قوه يعني قوه يعني قوه يعني يعني قوه يعني يعني قوه يعني قوه يعني"
    },
    {
        "start":220.35096875,
        "end":221.97096875,
        "speaker":2,
        "text":"ضروري يبقى صوت ال ال اللي اللي اللي اللي اللي اللي اللي اللي اللي اللي اللي اللي اللي اللي اللي اللي اللي اللي اللي اللي اللي اللي اللي اللي اللي اللي اللي اللي اللي اللي اللي اللي"
    },
    {
        "start":221.97096875,
        "end":239.80784375,
        "speaker":3,
        "text":"المرأه مسموع في والله أنا في القضايا مش بس قضية ختان الإماس أستاذ مصطفى إيه الرساله اللي حضرتك تحب إن إنت تقولها النهارده وإحنا بنناقش هذا الموضوع حقيقي مش هنعدي عليه النهارده وبرضو بحمول عشرين عشرين هتبقى نسبه خمسين في الميه و لكن إيه رساله حضرتك هتروح ⁇ "
    },
    {
        "start":223.42221875,
        "end":224.14784375,
        "speaker":2,
        "text":"لو مقتنع فتنفذ فلسفه فن"
    },
    {
        "start":224.46846875,
        "end":225.17721875,
        "speaker":2,
        "text":"قضايا مش بضيئه مش بضايع مش"
    },
    {
        "start":225.17721875,
        "end":225.19409375,
        "speaker":0,
        "text":""
    },
    {
        "start":237.15846875,
        "end":237.81659375,
        "speaker":0,
        "text":"بخمسين فخمسين فخمسين في"
    },
    {
        "start":239.97659375,
        "end":243.84096875,
        "speaker":0,
        "text":"رسالتين رساله للأهلي والسلام الأطباء ⁇ "
    },
    {
        "start":243.77346875,
        "end":244.02659375,
        "speaker":3,
        "text":"و نايم و"
    },
    {
        "start":244.02659375,
        "end":264.64784375,
        "speaker":0,
        "text":"الأهل أنا بواجههم بقولهم الموضوع مبيرجعش يعني جزء من جسم البنت عشان خاطر إن إنت تحاول تهذيبها أو يبقى عندها أخلاق الموضوع بيرجع للطربيه لأن كل شهره من المخ أو العقل يعني إم فحتى الان عملت كل شيء في جسمها البنت لو عايزك ⁇ "
    },
    {
        "start":255.14721875,
        "end":255.70409375,
        "speaker":1,
        "text":"براندان رن رن رن رن ران"
    },
    {
        "start":257.34096875,
        "end":257.89784375,
        "speaker":1,
        "text":"ايوه ⁇ "
    },
    {
        "start":262.25159375,
        "end":262.35284375,
        "speaker":1,
        "text":""
    },
    {
        "start":262.47096875,
        "end":262.99409375,
        "speaker":1,
        "text":"حصل اللحظه اللي حصل اللحظه"
    },
    {
        "start":264.91784375,
        "end":287.64846875,
        "speaker":0,
        "text":"يعني إحنا بنقول يا جماعه إحنا بنسأل الطب و ليس الأطباء الطبيعي إم يعني بنشوف هل في الطب أو في المراجعه الطبيه في حاجه اسمها عملية ختان ⁇ "
    },
    {
        "start":268.71471875,
        "end":268.74846875,
        "speaker":1,
        "text":""
    },
    {
        "start":268.96784375,
        "end":269.06909375,
        "speaker":1,
        "text":""
    },
    {
        "start":287.49659375,
        "end":288.01971875,
        "speaker":2,
        "text":"إم ⁇ "
    },
    {
        "start":287.78346875,
        "end":313.83846875,
        "speaker":0,
        "text":"فكان أهم حاجه عندنا إن إحنا يبقى في منهج في كلية الطب بيعرف عن أضرار في تامر الناس فدي رساله من الأطباء ⁇ "
    },
    {
        "start":308.40471875,
        "end":308.91096875,
        "speaker":3,
        "text":"أشياء كشي و أشي و"
    },
    {
        "start":310.81784375,
        "end":311.25659375,
        "speaker":3,
        "text":"فاضيه فاضيه فاضيه فدي"
    },
    {
        "start":313.83846875,
        "end":314.31096875,
        "speaker":3,
        "text":"غانم ⁇ "
    },
    {
        "start":314.49659375,
        "end":322.02284375,
        "speaker":3,
        "text":"إبراهيم نسمع إنتي منك برضو الرساله توجهيها البنات اللبسني كله أصغر منك اللي ممكن في يوم من الأيام يتعرضوا ل الناس هذا المقص ⁇ "
    },
    {
        "start":322.02284375,
        "end":322.42784375,
        "speaker":2,
        "text":"من كتر ما ⁇ "
    },
    {
        "start":322.78221875,
        "end":322.81596875,
        "speaker":3,
        "text":""
    },
    {
        "start":322.81596875,
        "end":329.46471875,
        "speaker":2,
        "text":"جسمك ده بتاعك يعني إم إنتي إنتي اللي هتحسي دي بكل حاجه إنتي اللي أتحسد القلم وإنتي لا تحس بالوجهه إنتي اللي إنتي اللي هتحسي دي بكل حاجه إنتي اللي أتحسد القلم وإنتي لا تحس بالوجع ⁇ "
    },
    {
        "start":330.39284375,
        "end":337.19346875,
        "speaker":2,
        "text":"على قد الألم إن إنتي هتحسيه في أي حاجه ساعة حرب مش هيساعد عملية ختان أو أي حاجه ⁇ "
    },
    {
        "start":337.48034375,
        "end":341.90159375,
        "speaker":2,
        "text":"لو فكرتي بس في الوجع دفعي عندها بكل قوتك ⁇ "
    },
    {
        "start":342.57659375,
        "end":346.76159375,
        "speaker":2,
        "text":"جسمها يستحق إن احنا ندافع عنه و ضد أي حاجه يعني بحييكي على طول بحييكي على طول بحييكي على طول بحييكي على طول بحييكي على طول بحييكي على طول بحييكي على طول بحييكي على طول بحييكي على طول بحييكي على طول بحييكي على طول بحييكي على"
    },
    {
        "start":346.76159375,
        "end":350.40659375,
        "speaker":3,
        "text":"و على موقف وعلى صدود أمام الضغوط ⁇ "
    },
    {
        "start":346.77846875,
        "end":347.16659375,
        "speaker":2,
        "text":"واقاككاتكك"
    },
    {
        "start":350.54159375,
        "end":355.36784375,
        "speaker":0,
        "text":"بس كنت عايز أقول حاجه <fil> <fil> <fil> بيشوفونا أي حد ⁇ "
    },
    {
        "start":352.19534375,
        "end":353.03909375,
        "speaker":3,
        "text":"<fil> <fil> <fil> <f"
    },
    {
        "start":355.36784375,
        "end":355.80659375,
        "speaker":3,
        "text":"يلا بينا يلا بينا ي ي ي"
    },
    {
        "start":355.40159375,
        "end":360.56534375,
        "speaker":0,
        "text":"يبقى عنده حلمه بضريبة ختان الناس اللي بتصل على رقم ده خط الساخنه ⁇ "
    },
    {
        "start":356.56596875,
        "end":356.78534375,
        "speaker":3,
        "text":"عايشه وهت"
    },
    {
        "start":359.56971875,
        "end":361.20659375,
        "speaker":3,
        "text":"مقتنع بيها إزاي يا حبيبتي يا حبيبتي يا حبيبتي يا حبيبتي يا حبيبتي يا فندم ⁇ "
    },
    {
        "start":361.07159375,
        "end":383.90346875,
        "speaker":0,
        "text":"ستاشر غير واحد وعشرين من ده خط المشوره الأسريه اللي إحنا بنتلقى كل البلادات عن جريمة ختان الناس أو التوجه لأي النيابه عامه أو ماركه شرطه في تعاون من وزارة الداخليه و مكتبة نائب العام في قضايا إختبار الناس متسكتوش يعني تسمع عن أي كريم عن ختان الناس ياريت تتصل فورا مع الرقم ده أو تتوجه لأي مكتب ميه بقى هو إسمه ⁇ "
    },
    {
        "start":376.59659375,
        "end":377.03534375,
        "speaker":1,
        "text":"يعني مامي يعني مامي يعني مام"
    },
    {
        "start":384.02159375,
        "end":384.05534375,
        "speaker":1,
        "text":""
    },
    {
        "start":384.05534375,
        "end":384.35909375,
        "speaker":3,
        "text":"واضطرابات و"
    },
    {
        "start":384.35909375,
        "end":384.96659375,
        "speaker":1,
        "text":"تيم تايم تايم تايم"
    },
    {
        "start":384.96659375,
        "end":395.02409375,
        "speaker":3,
        "text":"<fil> <fil> <fil> <fil> <fil> <fil> <fil> <fil> ⁇ "
    },
    {
        "start":385.20284375,
        "end":387.37971875,
        "speaker":0,
        "text":"تلاتاشر زي واحد و عشرين واحد و عشرين واحد و عشرين واحد و عشرين واحد و عشرين واحد و عشرين واحد و عشرين واحد و عشرين واحد و عشرين واحد و عشرين واحد و عشرين واحد و عشرين واحد و عشرين واحد و عشرين واحد و عشرين واحد و عشرين واحد و"
    },
    {
        "start":388.24034375,
        "end":388.32471875,
        "speaker":0,
        "text":""
    },
    {
        "start":388.40909375,
        "end":388.42596875,
        "speaker":0,
        "text":""
    },
    {
        "start":391.93596875,
        "end":395.85096875,
        "speaker":0,
        "text":"الرسول عليه الصلاة والسلام عليه الصلاة والسلام عليه الصلاة والسلام عليه الصلاة والسلام ⁇ "
    },
    {
        "start":395.02409375,
        "end":396.82971875,
        "speaker":1,
        "text":"وأي شيء ممتاز ⁇ "
    },
    {
        "start":397.01534375,
        "end":406.46534375,
        "speaker":1,
        "text":"أكيد هيبقى في إقبال على الرقم ده و أكيد ناس كتيره هتبقى حابه إن هي تبلغ عن الجرايم دي أو إن هي تستفسر كمان على إحنا إحنا ⁇ "
    },
    {
        "start":406.36409375,
        "end":409.53659375,
        "speaker":3,
        "text":"وهذه الفرصه و ندعمهم يعني ⁇ "
    },
    {
        "start":406.97159375,
        "end":408.22034375,
        "speaker":1,
        "text":"فظيعه في هذه الحاله فظيعه لذيذهذهذهذهذهذهذ"
    },
    {
        "start":410.22846875,
        "end":415.02096875,
        "speaker":3,
        "text":"إن أنا أعرف عن الحاله الفلانيه أهي أنا أعرف عن الحاله الفلانيه ⁇ "
    },
    {
        "start":415.42596875,
        "end":424.84221875,
        "speaker":3,
        "text":"<fil> <fil> <fil> <fil> <fil> <fil> <fil> <fil> <fil> <fil> <fil> <fil> <fil> <fil> <fil> <fil> <fil> ⁇ "
    },
    {
        "start":426.32721875,
        "end":427.27221875,
        "speaker":1,
        "text":"عامله كتير ⁇ "
    },
    {
        "start":427.55909375,
        "end":429.17909375,
        "speaker":1,
        "text":"مبعتيش جدا ها ها ها ها ها ها ها ها ها ها ها ها ها ها ها ها ها "
    },
    {
        "start":430.74846875,
        "end":449.10846875,
        "speaker":1,
        "text":"لأول أحب أشكر أستاذ مصطفى عشان تحبي أشكرك جدا يا إمام بس على شجاعتك وعلى إصرارة وعظيمتك بجد بحييكي و بحيي حضرتك على الدور الرائعه اللي حضرتك بتقوم بيه من خلال التوعيه و محاربة العادة سيئهة إن شاء الله ⁇ "
    },
    {
        "start":440.46846875,
        "end":440.58659375,
        "speaker":0,
        "text":""
    },
    {
        "start":440.58659375,
        "end":440.68784375,
        "speaker":2,
        "text":""
    },
    {
        "start":446.84721875,
        "end":448.87221875,
        "speaker":3,
        "text":"<fil> <fil> العزيزه ⁇ "
    },
    {
        "start":449.04096875,
        "end":454.13721875,
        "speaker":3,
        "text":"فقرتنا التانيه بقى الحقيقه أستاذ مصطفى و إيمان هنأذنكم يا نهار هايل هايل هايل هايل هايل هايل هايل هايل هايل هايله <fil> <fil> <fil> <fil> <fil> <fil> <fil> ⁇ "
    },
    {
        "start":453.24284375,
        "end":455.75721875,
        "speaker":1,
        "text":"هنقول بقى حبك النهارده بريطانيا ⁇ "
    },
    {
        "start":456.98909375,
        "end":463.87409375,
        "speaker":3,
        "text":"<fil> <fil> <fil> <fil> <fil> <fil> <fil> <fil> <fil> <fil> <fil> <fil> <fil> <fil> <fil> <fil> <fil> <fil> <fil> <fil> <fil> ⁇ "
    },
    {
        "start":460.44846875,
        "end":460.78596875,
        "speaker":1,
        "text":"السلطان استلسل"
    },
    {
        "start":461.41034375,
        "end":463.80659375,
        "speaker":1,
        "text":"<fil> <fil> <fil> <fil> <fil> <fil> <fil> <fil> <fil> ⁇ "
    },
    {
        "start":463.87409375,
        "end":463.97534375,
        "speaker":1,
        "text":""
    },
    {
        "start":463.97534375,
        "end":464.97096875,
        "speaker":3,
        "text":"مفروط سعد سعد سعد سعد سعد سعد سعد سعد سعد سعد س"
    },
    {
        "start":464.97096875,
        "end":465.25784375,
        "speaker":1,
        "text":"ماسكش ماسك"
    },
    {
        "start":465.25784375,
        "end":466.10159375,
        "speaker":3,
        "text":"وصال سواقك ثواك ثوابك سواءك ثوا"
    },
    {
        "start":467.02971875,
        "end":468.51471875,
        "speaker":3,
        "text":"في السيافه صحيه في السيافه صحيه في السيافه صحيه في السيافه صحيه في السيافه صحيه في الس"
    }
]