[
    {
        "start":0.03096875,
        "end":1.68471875,
        "speaker":4,
        "text":"يعني حكمه ⁇ "
    },
    {
        "start":2.27534375,
        "end":7.10159375,
        "speaker":4,
        "text":"هو مشهد عمل بشكل درامي بشكل استوري حدوته يعني بس في حكم لكل ⁇ "
    },
    {
        "start":7.62471875,
        "end":13.56471875,
        "speaker":4,
        "text":"أم لكل أب كل عيله عندها بنت هتتجوز إنه مش لازم لأربعه <fil> أم لكل أب كل عيله عندها بنت هتتجوز إنه مش لازم لأربعه <fil> أم لكل أب كل عيله عندها بنت هتتجوز إنه مش لازم الأربعه ⁇ "
    },
    {
        "start":8.83971875,
        "end":9.32909375,
        "speaker":2,
        "text":"كلنا بني آدمين ⁇ "
    },
    {
        "start":11.03346875,
        "end":11.37096875,
        "speaker":2,
        "text":"تهى عهد وع"
    },
    {
        "start":13.88534375,
        "end":16.88909375,
        "speaker":4,
        "text":"<fil> <fil> <fil> <fil> <fil> <fil> <fil> <fil> <fil> <fil> <fil> <fil> <f"
    },
    {
        "start":15.92721875,
        "end":16.16346875,
        "speaker":0,
        "text":"أستاذه تتصد"
    },
    {
        "start":16.82159375,
        "end":17.95221875,
        "speaker":0,
        "text":"بسم الله الرحمن الرحيم ⁇ "
    },
    {
        "start":18.45846875,
        "end":19.11659375,
        "speaker":0,
        "text":"وأنا باي باي باي باي باي"
    },
    {
        "start":18.76221875,
        "end":18.98159375,
        "speaker":4,
        "text":"داخله داخله ده"
    },
    {
        "start":18.99846875,
        "end":19.09971875,
        "speaker":4,
        "text":""
    },
    {
        "start":19.11659375,
        "end":19.20096875,
        "speaker":4,
        "text":""
    },
    {
        "start":19.20096875,
        "end":19.21784375,
        "speaker":0,
        "text":""
    },
    {
        "start":19.21784375,
        "end":19.31909375,
        "speaker":4,
        "text":""
    },
    {
        "start":19.31909375,
        "end":19.43721875,
        "speaker":0,
        "text":""
    },
    {
        "start":22.52534375,
        "end":24.51659375,
        "speaker":3,
        "text":"الحاله ساعات بتبوظ فعلا الجوازات ⁇ "
    },
    {
        "start":24.92159375,
        "end":29.62971875,
        "speaker":1,
        "text":"ساعات ما ده معظم الأوعيه بصي لو أنا مش أست حب حقيقيه فعلا بين الولد والبنت دي فعلا بين الولد والبنت ⁇ "
    },
    {
        "start":27.13221875,
        "end":27.63846875,
        "speaker":3,
        "text":"مش أساسيست تيست تيست ت"
    },
    {
        "start":30.15284375,
        "end":31.97534375,
        "speaker":1,
        "text":"و حصلت الجوازه بشكل تقليد اللي اللي اللي اللي اللي اللي اللي اللي اللي اللي اللي اللي اللي اللي اللي اللي اللي اللي اللي اللي اللي اللي اللي اللي اللي اللي اللي اللي اللي اللي اللي اللي اللي اللي"
    }
]