[
    {
        "start":0.03096875,
        "end":1.22909375,
        "speaker":1,
        "text":"عبد الوهاب للموضوع ⁇ "
    },
    {
        "start":1.97159375,
        "end":8.90721875,
        "speaker":1,
        "text":"الإعلانات اللي حصلت و تطوير الفكره الشغل عليها و كل التحصيل إيه في إن هي طلعية العمل ⁇ "
    },
    {
        "start":8.43471875,
        "end":11.11784375,
        "speaker":0,
        "text":"<fil> أنا مره تانيه بقلد ألف مبروك ألف مبروك ⁇ "
    },
    {
        "start":9.93659375,
        "end":10.47659375,
        "speaker":1,
        "text":"أيوه أيوه أيوه أيوه أيوه أيوه أيوه أيوه أيوه أيوه أيوه أيوه أيوه"
    },
    {
        "start":11.86034375,
        "end":15.75846875,
        "speaker":0,
        "text":"و إن شاء الله تبقى دي البدايه الأعمال تانيه كتير بالشكل ده ⁇ "
    },
    {
        "start":16.50096875,
        "end":19.15034375,
        "speaker":0,
        "text":"<fil> <fil> <fil> <fil> أشكرك شكرا جزيلا ⁇ "
    },
    {
        "start":16.63596875,
        "end":18.50909375,
        "speaker":1,
        "text":"الله يبارك فيك بنشكرك شكرك شكرك شكرك شكرك شكرك شكرك شكرك شكرك شكرك شكرك شكرك شكرك ش"
    },
    {
        "start":20.21346875,
        "end":21.54659375,
        "speaker":0,
        "text":"خليني أقولكوا كده ⁇ "
    },
    {
        "start":23.03159375,
        "end":23.63909375,
        "speaker":0,
        "text":"سريعا ⁇ "
    },
    {
        "start":24.44909375,
        "end":29.89971875,
        "speaker":0,
        "text":"فاطمه سامي بصراحه مسلسل تحصل زعلانه إنه خلص و الحاله الأخيره تجنن تتفرج على الفرح و بعيط ⁇ "
    },
    {
        "start":30.37221875,
        "end":33.37596875,
        "speaker":0,
        "text":"في نفس الوقت لأن كنت نفسي باباه ⁇ "
    },
    {
        "start":33.78096875,
        "end":34.59096875,
        "speaker":0,
        "text":"تكون عايشه ويكون عايش في وسن عايش في ⁇ "
    },
    {
        "start":35.82284375,
        "end":38.97846875,
        "speaker":0,
        "text":"يا عم عبد الحميد و زي ما فكروني بابا و أنا بالظبط ⁇ "
    }
]