[
    {
        "start":0.03096875,
        "end":23.09909375,
        "speaker":2,
        "text":"ذكريات جميله وكمان يخلينا نفرح نتطلع للأمام ليه لأن إحنا بنتعلم من هذه الرموز الفنيه ما بتموتش أبدا بنعيش على الطرف الفني الجميل يعني ⁇ "
    },
    {
        "start":24.26346875,
        "end":27.09846875,
        "speaker":2,
        "text":"تحاول تشوفي تستفيد منه يعني هنا ⁇ "
    },
    {
        "start":27.52034375,
        "end":29.02221875,
        "speaker":2,
        "text":"إنتي ⁇ "
    },
    {
        "start":29.08971875,
        "end":30.84471875,
        "speaker":2,
        "text":"جدك على الشاشه ⁇ "
    },
    {
        "start":31.46909375,
        "end":32.83596875,
        "speaker":2,
        "text":"<fil> <fil> <fil> ⁇ "
    },
    {
        "start":33.34221875,
        "end":46.82534375,
        "speaker":2,
        "text":"يعني بيبذلوا ويمتعنا يعني بتحاولي تشوفي تقولي لما نقط حاجه من إسماعيل ياسين لما استفيت حاجه من هذا التاريخ الناصع ⁇ "
    },
    {
        "start":47.61846875,
        "end":48.52971875,
        "speaker":3,
        "text":"<fil> <fil> <fil> <fil"
    },
    {
        "start":48.98534375,
        "end":57.30471875,
        "speaker":3,
        "text":"طبعا إحنا وإحنا صغيرين بابا كان على طول بيفرجنا على قفله خلاص كان في فيلم مابتعرضش كتير اللي هو إسماعيل ياسمين في الجيش ⁇ "
    },
    {
        "start":53.33909375,
        "end":53.89596875,
        "speaker":1,
        "text":"تعالوا تعالوا تعالوا بقى ن"
    },
    {
        "start":57.38909375,
        "end":57.49034375,
        "speaker":3,
        "text":""
    },
    {
        "start":57.42284375,
        "end":57.81096875,
        "speaker":1,
        "text":"ويخ خ خ خ خ خ خ"
    },
    {
        "start":57.81096875,
        "end":66.85596875,
        "speaker":3,
        "text":"و كان حريص جدا إن إحنا هنتفرج على أفلامه و كان بيكلمنا على هو في الشغل عامل إزاي ⁇ "
    },
    {
        "start":63.51471875,
        "end":63.78471875,
        "speaker":1,
        "text":"عمري مامي مام"
    },
    {
        "start":66.94034375,
        "end":88.45596875,
        "speaker":3,
        "text":"يعني كان بيقولنا إن هو كان منضبط جدا بيحب المواعيد ملتزمه إن هو شخصيه في الحقيقه بجد ومثقف بيحب القريه إم الحاجات اللي كنت لما بتفرج على إسماعيل ياسين باخدها أو مركز فيها كانت ساعات في إفيهات كده إبتدى ⁇ "
    },
    {
        "start":89.11409375,
        "end":92.40471875,
        "speaker":2,
        "text":"إفيهات زكي أه أوكيه إنتي كده بطل قطه فعلا ⁇ "
    },
    {
        "start":90.31221875,
        "end":90.80159375,
        "speaker":3,
        "text":"أشوف في في في في في في في في في في"
    },
    {
        "start":92.40471875,
        "end":94.26096875,
        "speaker":3,
        "text":"فكان يقول مثلا حاجات كتير مثلا حاجات ⁇ "
    },
    {
        "start":94.80096875,
        "end":109.26284375,
        "speaker":3,
        "text":"فعلا أنا الفيلم أنا مش قادره أفتكر إن الفيلم ده فيه كم إفيهات ⁇ "
    },
    {
        "start":98.41221875,
        "end":98.86784375,
        "speaker":2,
        "text":"حياتك في حياتك في حياتك"
    },
    {
        "start":99.20534375,
        "end":101.21346875,
        "speaker":2,
        "text":"<fil> <fil> <fil> <fil> <fil> <fil> <fil> <fil> <"
    },
    {
        "start":106.17471875,
        "end":107.57534375,
        "speaker":2,
        "text":"<fil> الفيلم <fil> الفيلم <fil> الفيلم <fil> الفيلم <fil> الفيلم"
    },
    {
        "start":107.57534375,
        "end":107.59221875,
        "speaker":0,
        "text":""
    },
    {
        "start":109.83659375,
        "end":118.96596875,
        "speaker":3,
        "text":"هما بيتكلموا على عشره قديم جدا بس حاجات ⁇ "
    },
    {
        "start":114.89909375,
        "end":115.42221875,
        "speaker":2,
        "text":"ورئيس أفكار إفيه إ"
    },
    {
        "start":117.64971875,
        "end":120.09659375,
        "speaker":2,
        "text":"يعني تمثل إسقاطا على الواقع يعني ⁇ "
    },
    {
        "start":120.01221875,
        "end":159.76971875,
        "speaker":3,
        "text":"ال ال الإفيهات اللي هو كان بيقوله كانت إفيهات ذكيه يعني في ناس مثلا تطلع تقول إيه إسماعيل ياسين بتاع حركات وحركات زي مهرجان ⁇ "
    },
    {
        "start":133.84971875,
        "end":133.91721875,
        "speaker":0,
        "text":""
    },
    {
        "start":133.91721875,
        "end":134.01846875,
        "speaker":1,
        "text":""
    },
    {
        "start":134.01846875,
        "end":134.06909375,
        "speaker":0,
        "text":""
    },
    {
        "start":134.06909375,
        "end":134.11971875,
        "speaker":1,
        "text":""
    },
    {
        "start":134.11971875,
        "end":134.28846875,
        "speaker":0,
        "text":""
    },
    {
        "start":159.97221875,
        "end":162.18284375,
        "speaker":3,
        "text":"يعني حياته هو خطأ ازاي نتيجة اليوتيوبر ازاي نتيجة ال ⁇ "
    },
    {
        "start":160.56284375,
        "end":161.13659375,
        "speaker":2,
        "text":"في في في في في في في في في في في في في في"
    },
    {
        "start":161.77784375,
        "end":169.23659375,
        "speaker":2,
        "text":"اللي هو لبعض الثقافي ده للبعض يعتقد إنه يعني ممثل كوميدي لكن فعلا اسماعيل ياسمين لأ ⁇ "
    },
    {
        "start":169.60784375,
        "end":175.00784375,
        "speaker":2,
        "text":"إنتي إنتي جبت الجانب اللي هو التشري بالثقافه اللي في الزيت ⁇ "
    },
    {
        "start":174.46784375,
        "end":184.35659375,
        "speaker":3,
        "text":"و المسؤوليه في بني آدم عنده مسؤوليه يعني من ضمنهم ليه مثلا في الآخر إشتغلت ⁇ "
    },
    {
        "start":184.45784375,
        "end":190.90409375,
        "speaker":3,
        "text":"لأنه كان عنده أسره وكان عنده في في بيوتهم فاتحه أو كان ⁇ "
    },
    {
        "start":189.23346875,
        "end":192.70971875,
        "speaker":2,
        "text":"لما رجعت عليه أشرف الكاميرات عائش الكباريه ⁇ "
    },
    {
        "start":192.01784375,
        "end":196.69221875,
        "speaker":3,
        "text":"و أنا لياست أه أرجع تاني لأنه كان في عنده مسؤوليه ⁇ "
    },
    {
        "start":193.19909375,
        "end":193.99221875,
        "speaker":2,
        "text":"أه رجعت تاني رجعت رجعت رجعت رجعت رجعت"
    },
    {
        "start":196.05096875,
        "end":200.69159375,
        "speaker":2,
        "text":"إنه ميقعدش في لأن العام الماده هنا يقول لما إشتغل يعني ⁇ "
    },
    {
        "start":200.75909375,
        "end":202.59846875,
        "speaker":3,
        "text":"هو هو دي سمعته ⁇ "
    },
    {
        "start":202.78409375,
        "end":204.64034375,
        "speaker":3,
        "text":"اللي يعرفها دي اللي اتعلمت ⁇ "
    },
    {
        "start":204.35346875,
        "end":216.28409375,
        "speaker":2,
        "text":"مكنش مهما يعني ميسرين مقالش لحضرتك إنه كان كان قصيا على إسماعيل ياسين نشتغل في الكاميرات من رجليس تاني بقى عدى مصانع هذه الكوكب إن هو كان ⁇ "
    },
    {
        "start":215.60909375,
        "end":216.97596875,
        "speaker":1,
        "text":"و كان قاسي عليهم من قاسي عليهم لينا لينا لينا لينا لينا لينا لينا"
    },
    {
        "start":216.97596875,
        "end":217.02659375,
        "speaker":2,
        "text":""
    },
    {
        "start":217.02659375,
        "end":217.88721875,
        "speaker":1,
        "text":"نفسيا ⁇ "
    },
    {
        "start":218.24159375,
        "end":235.33596875,
        "speaker":1,
        "text":"على إسماعيل ياسين نفسه في نهاية حياتنا يشتغل أه إن هو يرجع تاني يقول من النوم لكن كان هو كان لازم يشتغل ⁇ "
    },
    {
        "start":235.63971875,
        "end":241.07346875,
        "speaker":1,
        "text":"في ناس مسؤوله في حياتها منه فكان لازم يشتغل ⁇ "
    },
    {
        "start":241.49534375,
        "end":242.86221875,
        "speaker":1,
        "text":"ما كانش ينفع يقعد في عبيط كان بيهدف بيه ينفع يقعد في عياط فبيجي ينفع يقعد"
    },
    {
        "start":242.42346875,
        "end":248.05971875,
        "speaker":2,
        "text":"الناس لازم أجيالها أتعلم من الكلام ده و ⁇ "
    },
    {
        "start":248.36346875,
        "end":262.60596875,
        "speaker":2,
        "text":"والفنان فعلا لما تقعد تشوف كده الفنان اللي أبهدلنا وأمتعنا ده معقوله إنه يعني يضطر للعمل في الكباريهات ويعمل ملوك تاني بعد ما عمل هذه الأفلام اللي إرتبطت بإسمه ⁇ "
    },
    {
        "start":263.14596875,
        "end":265.82909375,
        "speaker":2,
        "text":"لكن هيديك لبنان الصوره دي ⁇ "
    },
    {
        "start":266.48721875,
        "end":267.46596875,
        "speaker":2,
        "text":"أسرته ⁇ "
    },
    {
        "start":267.97221875,
        "end":275.97096875,
        "speaker":3,
        "text":"<fil> <fil> <fil> <fil> <fil> <fil> <fil> <fil> <fil> <fil> <fil> <fil> <fil> <fil> ⁇ "
    },
    {
        "start":269.06909375,
        "end":269.59221875,
        "speaker":2,
        "text":"كده ميه ميه ميه ميه ميه ميه"
    },
    {
        "start":275.81909375,
        "end":276.22409375,
        "speaker":2,
        "text":"ين ⁇ "
    },
    {
        "start":276.22409375,
        "end":277.03409375,
        "speaker":3,
        "text":"حتى مرحلة المرحلة المرحلة المرحله المرحله"
    },
    {
        "start":277.03409375,
        "end":290.36534375,
        "speaker":1,
        "text":"<fil> يعني <fil> و <fil> و <fil> و <fil> ⁇ "
    },
    {
        "start":278.73846875,
        "end":278.75534375,
        "speaker":3,
        "text":""
    },
    {
        "start":278.75534375,
        "end":280.47659375,
        "speaker":2,
        "text":"<fil> <fil> <fil> <fil> <fil> <fil> <fil> "
    },
    {
        "start":281.72534375,
        "end":283.19346875,
        "speaker":2,
        "text":"البير اه اه اه اه اه اه اه اه اه اه اه اه اه اه اه اه اه اه اه اه اه اه اه اه اه اه اه اه اه اه اه اه اه اه"
    },
    {
        "start":289.52159375,
        "end":292.01909375,
        "speaker":2,
        "text":"و هلاقي رحلة لبنان كان محترم ⁇ "
    },
    {
        "start":292.01909375,
        "end":300.82784375,
        "speaker":1,
        "text":"كل الممثلين بعد سبعه وستين المصريين صفر وكلهم لبنان أه ما أنا يسمعيني فين يعني ⁇ "
    },
    {
        "start":298.54971875,
        "end":299.10659375,
        "speaker":2,
        "text":"ما يعرف ما يعرف ما يعرف ما يعرف ما ي"
    },
    {
        "start":301.50284375,
        "end":302.97096875,
        "speaker":1,
        "text":"م صفا وبنانه وبنانه وبنانه وبنانه وبنانه وبنانه وبنانه وبنانه"
    },
    {
        "start":302.24534375,
        "end":302.70096875,
        "speaker":2,
        "text":"هدنه هدنه بي"
    },
    {
        "start":302.70096875,
        "end":302.71784375,
        "speaker":0,
        "text":""
    },
    {
        "start":304.23659375,
        "end":310.39596875,
        "speaker":1,
        "text":"أنا بتكلم بقى بالنسبه للظروف الفنان أو الفنانين بتوع الزمن الجميل ⁇ "
    },
    {
        "start":310.76721875,
        "end":314.71596875,
        "speaker":1,
        "text":"أنا بطالب الدوله إنها لازم موضوع الحق الأداء العالميين ⁇ "
    },
    {
        "start":315.52596875,
        "end":317.60159375,
        "speaker":2,
        "text":"و هنا بيقلد عبد الوهاب ⁇ "
    },
    {
        "start":315.54284375,
        "end":316.16721875,
        "speaker":1,
        "text":"و و و و و و و و و و و و و و و"
    },
    {
        "start":316.16721875,
        "end":316.36971875,
        "speaker":3,
        "text":"وده وده و"
    },
    {
        "start":317.16284375,
        "end":317.46659375,
        "speaker":3,
        "text":"الرياضيه الجايه"
    },
    {
        "start":317.85471875,
        "end":319.35659375,
        "speaker":3,
        "text":"ملت إبنه في ابنه ⁇ "
    },
    {
        "start":319.54221875,
        "end":320.04846875,
        "speaker":2,
        "text":"هه ⁇ "
    },
    {
        "start":320.04846875,
        "end":332.24909375,
        "speaker":3,
        "text":"إبن الوحيد و دايما بيحب كان بيحتفل بعيد ميلاد باباه في بيته ويعمل احتفال كبير و هو كان بيحب عبد الوهاب جدا و كان ف بداية حياتي و فاكره إن هيطلع نافس عبد الرحمن ⁇ "
    },
    {
        "start":321.11159375,
        "end":321.55034375,
        "speaker":2,
        "text":"هو واقع واقوله و"
    },
    {
        "start":325.56659375,
        "end":326.19096875,
        "speaker":2,
        "text":"الكبيره كبيره يرتدير كبير كبير كبير كبير كبير كبير كبير"
    },
    {
        "start":332.92409375,
        "end":332.94096875,
        "speaker":3,
        "text":""
    },
    {
        "start":332.94096875,
        "end":334.79721875,
        "speaker":2,
        "text":"<fil> <fil> <fil> <fil> ⁇ "
    },
    {
        "start":333.00846875,
        "end":333.54846875,
        "speaker":3,
        "text":"هنا هي هي هي هي هي هي هي هي هي هي هي هي"
    },
    {
        "start":333.71721875,
        "end":339.55596875,
        "speaker":3,
        "text":"<fil> أنا الموقف إن هو بيقلد عبد الوهاب في عيد ميلاد إبنه يعني بعد ما بقى نجم ⁇ "
    },
    {
        "start":338.86409375,
        "end":339.50534375,
        "speaker":2,
        "text":"نجم نجم نجم نجم نجم نجم نجم نجم"
    },
    {
        "start":340.36596875,
        "end":343.92659375,
        "speaker":2,
        "text":"أه وفعلا كان بيغلي يعني <fil> وفعلا كان بيغني يعني <fil> <fil> <fil> <fil> <fil> <fil> ⁇ "
    },
    {
        "start":343.36971875,
        "end":343.40346875,
        "speaker":3,
        "text":""
    },
    {
        "start":343.40346875,
        "end":346.98096875,
        "speaker":1,
        "text":"و كانت هو طالعه في أول رؤيه غيريها أيوه ⁇ "
    },
    {
        "start":344.80409375,
        "end":344.85471875,
        "speaker":3,
        "text":""
    },
    {
        "start":344.85471875,
        "end":344.92221875,
        "speaker":2,
        "text":""
    },
    {
        "start":344.92221875,
        "end":345.02346875,
        "speaker":3,
        "text":""
    },
    {
        "start":345.02346875,
        "end":345.61409375,
        "speaker":2,
        "text":"جايبها إيه بقى إيه بقى إيه بقى إيه بقى إيه بقى إيه بقى"
    },
    {
        "start":345.61409375,
        "end":345.86721875,
        "speaker":3,
        "text":"يا عهد وع"
    },
    {
        "start":347.57159375,
        "end":350.74409375,
        "speaker":1,
        "text":"<fil> <fil> <fil> <fil> <fil> <fil> <fil> <fil> <fil> <fil> <fil> <fil> <fil> "
    },
    {
        "start":347.67284375,
        "end":348.24659375,
        "speaker":2,
        "text":"في دماغك دب دب دب دب د"
    },
    {
        "start":349.32659375,
        "end":350.27159375,
        "speaker":2,
        "text":"عبد الوهاب ⁇ "
    },
    {
        "start":351.26721875,
        "end":368.17596875,
        "speaker":2,
        "text":"و هو محمد رمضان اعتذر بعد كده لما قال أفلام إسماعيل ياسين أسائت لباندي المصري يعني بس هو وارضحوا أعتصم هو محمد رمضان اعتذر بعد كده لما قال أفلام إسماعيل ياسمين ⁇ "
    },
    {
        "start":352.06034375,
        "end":352.09409375,
        "speaker":1,
        "text":""
    },
    {
        "start":354.32159375,
        "end":355.48596875,
        "speaker":1,
        "text":"<fil> <fil> <fil> <fil> <fil"
    },
    {
        "start":366.75846875,
        "end":367.48409375,
        "speaker":1,
        "text":"هو والدته والدته والدته والدته وال"
    },
    {
        "start":368.17596875,
        "end":372.34409375,
        "speaker":1,
        "text":"أنا بسبب يعني الموضوع ده أنا بطالب ⁇ "
    },
    {
        "start":373.01909375,
        "end":381.06846875,
        "speaker":1,
        "text":"سيادة الريس السيسي إنه ميكروب إسماعيل ياسين و خاصة بعيد الفن ليه لأني إسماعيل ياسين ⁇ "
    },
    {
        "start":379.60034375,
        "end":380.07284375,
        "speaker":2,
        "text":"إبني يسرا يسرا يسرا ي"
    },
    {
        "start":381.64221875,
        "end":385.32096875,
        "speaker":1,
        "text":"الفنان الوحيد اللي واقف مع الجيش المصري ⁇ "
    },
    {
        "start":385.40534375,
        "end":404.06909375,
        "speaker":1,
        "text":"طبعا هو اللي عمل سلسلة الأفلام اللي كان بسبب الثوره بتاعته اتنين وخمسين كانوا عايزين الشعب يحب الجيش ويحب يطوع و يحب إن هو يأدي الجندي ⁇ "
    },
    {
        "start":386.70471875,
        "end":386.89034375,
        "speaker":2,
        "text":"عامله عامله"
    },
    {
        "start":402.93846875,
        "end":410.81909375,
        "speaker":2,
        "text":"<fil> إنه الناس يعني تشعر إنه الجيش يعني منلاق و ده كان في إعفاءة فكرة عبد الناصر ⁇ "
    },
    {
        "start":410.81909375,
        "end":416.65784375,
        "speaker":1,
        "text":"نمره اتنين سته وخمسين ⁇ "
    },
    {
        "start":410.85284375,
        "end":411.13971875,
        "speaker":2,
        "text":"بني آدمين"
    },
    {
        "start":411.71346875,
        "end":412.18596875,
        "speaker":2,
        "text":"و بنرميريلنا بنرمي"
    },
    {
        "start":413.87346875,
        "end":414.16034375,
        "speaker":2,
        "text":"عمري مادد يد"
    },
    {
        "start":416.87721875,
        "end":425.48346875,
        "speaker":1,
        "text":"إسماعيل ياسين اتبرع بألفين جنيه أه للمجهود الحربي والألفين جنيه في سته وخمسين جنيه مبلغ كبير ⁇ "
    },
    {
        "start":426.36096875,
        "end":449.86784375,
        "speaker":2,
        "text":"يعني هنا يعني بأفلام اسماعيل ياسمين سلسلة الأفلام حتى اسمها ياسمين في الجيش واسماعي ياسمين ⁇ "
    },
    {
        "start":448.14659375,
        "end":450.62721875,
        "speaker":1,
        "text":"<fil> <fil> مكنتش ⁇ "
    },
    {
        "start":450.49221875,
        "end":456.02721875,
        "speaker":2,
        "text":"وما بداخلها من إنها لحن و دمي يعني ⁇ "
    },
    {
        "start":456.02721875,
        "end":463.63784375,
        "speaker":1,
        "text":"فأنا الموضوع إن عدم تكريم إسمعيني ياسمين ده شيم زعلني جدا ومتهيألي ده أقل شيء ⁇ "
    },
    {
        "start":464.48159375,
        "end":469.37534375,
        "speaker":1,
        "text":"يعني النهارده إن هو يتكرر يتكرم الدوله ⁇ "
    },
    {
        "start":469.57784375,
        "end":469.64534375,
        "speaker":1,
        "text":""
    },
    {
        "start":469.62846875,
        "end":481.57596875,
        "speaker":2,
        "text":"واثقه إن صوت حضرتك هيوصل و كمان حقه الأداء يعني إنتو بتشوفوا أفلام إسماعيل ياسين كده تقعد و أسرته حتى ⁇ "
    },
    {
        "start":469.71284375,
        "end":471.38346875,
        "speaker":1,
        "text":"واحنا كل مكرم مواطن مكرم مواطن مكرم مواطن مكرم مواطن مكرم مواطن مكرم"
    },
    {
        "start":479.56784375,
        "end":491.11034375,
        "speaker":1,
        "text":"فا أستاذ وائل مش إحنا بس بكل أكتر فنانين الزمن الجميل في جمعيه بتاعت أبناء الزمن الجميل أنا أعرف ناس منهم ⁇ "
    },
    {
        "start":491.68409375,
        "end":497.30346875,
        "speaker":1,
        "text":"الأداء العالمي ده هيحسنها هتحس إن مع سته طبعا ⁇ "
    },
    {
        "start":492.49409375,
        "end":492.88221875,
        "speaker":2,
        "text":"بيبي ي ي ي ي ي ي ي"
    },
    {
        "start":497.30346875,
        "end":518.92034375,
        "speaker":2,
        "text":"ما ينفعش يسيب أبناءه رموز الفنيه و عائلتهم بهذا الشكل يعني ايوه طيب ثم لو عايزه تقولي تعليق عنك كان نفسي لازم تقلدي وإنت مباراه لو شركه أنا كنت متخيل إن لو في سيارة فيلم عن إسماعيل ياسين و قصة حياته وكان ياسين كان عامل ده و إتعملت ⁇ "
    },
    {
        "start":507.88409375,
        "end":508.13721875,
        "speaker":0,
        "text":"وده وده وده"
    },
    {
        "start":510.73596875,
        "end":510.95534375,
        "speaker":0,
        "text":"سته و سته"
    },
    {
        "start":517.41846875,
        "end":517.57034375,
        "speaker":0,
        "text":""
    },
    {
        "start":517.57034375,
        "end":517.97534375,
        "speaker":1,
        "text":"بسأل رساله لسعر"
    },
    {
        "start":517.97534375,
        "end":518.07659375,
        "speaker":0,
        "text":""
    },
    {
        "start":520.37159375,
        "end":523.10534375,
        "speaker":2,
        "text":"ده إنتي تعملي حاجه فيه هتعمل الإسماعيلي ⁇ "
    },
    {
        "start":524.59034375,
        "end":526.39596875,
        "speaker":2,
        "text":"لو حضرتك إعملي إسماعيل ياسين ⁇ "
    },
    {
        "start":527.44221875,
        "end":528.96096875,
        "speaker":4,
        "text":"يعني ⁇ "
    },
    {
        "start":530.24346875,
        "end":534.15846875,
        "speaker":4,
        "text":"<fil> <fil> <fil> <fil> <fil> <fil> <fil> <fil> <fil> <fil> <fil> <fil> <fil> <fil> <fil> <fil> <"
    },
    {
        "start":535.15409375,
        "end":536.25096875,
        "speaker":4,
        "text":"هتكلم عنه أه من أهم أهم أهمنا أهم أهم أهم أهم أهم أهم أه"
    },
    {
        "start":536.30159375,
        "end":546.24096875,
        "speaker":2,
        "text":"<fil> و حب للحياه و بهجه و و حب للحياه و بهجه ⁇ "
    },
    {
        "start":546.96659375,
        "end":551.62409375,
        "speaker":2,
        "text":"<fil> لو عايز تقولي حاجه في إن هي تتعلق باسماعيه سيئه ⁇ "
    },
    {
        "start":551.62409375,
        "end":554.03721875,
        "speaker":4,
        "text":"الله يرحمه الله يرحمها الله يرحمها الله يرحمها الله يرحمها الله يرحمها الله يرحمها الله يرحمها الله يرحمها الله يرحمها الله يرحمها الله يرحمها الله يرحمها الله يرحمها الله يرحمها الله يرحمها الله يرحمها الله يرحمها الله يرحمها الله يرحمها الله"
    },
    {
        "start":554.50971875,
        "end":556.82159375,
        "speaker":4,
        "text":"ودايما نكون ناحيه ذكرى هو ⁇ "
    },
    {
        "start":557.47971875,
        "end":559.11659375,
        "speaker":4,
        "text":"و ⁇ "
    },
    {
        "start":559.77471875,
        "end":565.54596875,
        "speaker":4,
        "text":"<fil> <fil> <fil> <fil> <fil> <fil> <fil> <fil> <fil> <fil> <fil> <fil> <fil> <fil> <fil> <fil> <fil> <fil> وجيري الجديد ليه اللي ميعرفوش يعرفوا ⁇ "
    },
    {
        "start":565.73159375,
        "end":567.03096875,
        "speaker":4,
        "text":"<fil> الناس يقولك <fil> الناس يقولك <fil> <fil> الناس يقول"
    },
    {
        "start":567.03096875,
        "end":569.41034375,
        "speaker":2,
        "text":"وربنا <fil> وربنا <fil> وربنا <fil> وربنا <fil> وربنا <fil> وربنا <fil> وربنا <"
    },
    {
        "start":568.27971875,
        "end":576.46409375,
        "speaker":4,
        "text":"وربنا يحط في ميزان حسناته الضحكه والإبتسامه اللي حطاه في السوشيال ميديا ودايما يبقى نور سيفا ⁇ "
    },
    {
        "start":576.46409375,
        "end":581.39159375,
        "speaker":2,
        "text":"مع كل ضحكه بيضحكها الناس وكل ابتسامه ⁇ "
    },
    {
        "start":581.54346875,
        "end":587.60159375,
        "speaker":2,
        "text":"يعني طبعا يصنع إبتسامه ويسمع خير كل ده هيعود عليه في ⁇ "
    },
    {
        "start":587.97284375,
        "end":591.56721875,
        "speaker":2,
        "text":"مين اللي أقنعك إن تقليد اسماعيل ياسين ممكن ميرجعتيش البيت ⁇ "
    },
    {
        "start":594.33471875,
        "end":594.92534375,
        "speaker":2,
        "text":"يعني إيه ⁇ "
    },
    {
        "start":594.92534375,
        "end":594.94221875,
        "speaker":4,
        "text":""
    },
    {
        "start":594.94221875,
        "end":594.95909375,
        "speaker":2,
        "text":""
    },
    {
        "start":595.97159375,
        "end":596.74784375,
        "speaker":2,
        "text":"خلاص كده في فلسطينيه فين فين فين فين فين"
    },
    {
        "start":597.59159375,
        "end":600.96659375,
        "speaker":2,
        "text":"هل هل دي مشاعر أمومه ولا إيه ⁇ "
    },
    {
        "start":600.96659375,
        "end":605.21909375,
        "speaker":4,
        "text":"<fil> يعني في <fil> <fil> <fil> <fil> <fil> <fil> <fil> <fil> <fil> <fil> ⁇ "
    },
    {
        "start":605.65784375,
        "end":608.71221875,
        "speaker":4,
        "text":"في العينين بسم الله الرحمن الرحيم ⁇ "
    },
    {
        "start":606.60284375,
        "end":608.57721875,
        "speaker":2,
        "text":"بسم الله الرحمن الرحيم بسم الله الرحمن الرحيم بسم الله الرحمن الرحيم بسم الله الرحمن الرحيم ⁇ "
    },
    {
        "start":608.91471875,
        "end":614.07846875,
        "speaker":4,
        "text":"و في بقى ولد يعني لو يعني لو لم أحوني كده يعني ⁇ "
    },
    {
        "start":609.69096875,
        "end":609.97784375,
        "speaker":2,
        "text":"ايه ايه ايه ا"
    },
    {
        "start":614.31471875,
        "end":618.26346875,
        "speaker":2,
        "text":"مسيحي بس أنا لو أعرف أقل إسماعي ياسين هيقلده بس مع معرفش ⁇ "
    },
    {
        "start":618.06096875,
        "end":621.08159375,
        "speaker":4,
        "text":"وأنا بعرف بس بجد مش يعني دلوقتي مش عارفه ⁇ "
    },
    {
        "start":622.12784375,
        "end":623.81534375,
        "speaker":2,
        "text":"أخد قلبه يعني ياسين ⁇ "
    },
    {
        "start":624.10221875,
        "end":624.47346875,
        "speaker":0,
        "text":"نموذجي في في في"
    },
    {
        "start":626.41409375,
        "end":626.51534375,
        "speaker":0,
        "text":""
    },
    {
        "start":626.51534375,
        "end":629.55284375,
        "speaker":2,
        "text":"بتحب إسماعيل ياسين أوي ⁇ "
    },
    {
        "start":630.16034375,
        "end":630.58221875,
        "speaker":0,
        "text":"أه ⁇ "
    },
    {
        "start":630.53159375,
        "end":631.59471875,
        "speaker":2,
        "text":"تقعد تشوف الأفلام ⁇ "
    },
    {
        "start":632.25284375,
        "end":635.88096875,
        "speaker":0,
        "text":"تكون ساعات وساعات يعني ⁇ "
    },
    {
        "start":636.43784375,
        "end":640.77471875,
        "speaker":0,
        "text":"لما فيلم بيكون مش بيضحك <fil> مش بتفرج عليه اللي بكلمه ⁇ "
    },
    {
        "start":640.33596875,
        "end":645.70221875,
        "speaker":2,
        "text":"يعني تفهم بتفهم الضحك بتاع سعد زغلول ستينيات وخمسينياته ⁇ "
    },
    {
        "start":646.68096875,
        "end":647.10284375,
        "speaker":2,
        "text":"أه فهو ⁇ "
    },
    {
        "start":646.86659375,
        "end":646.96784375,
        "speaker":0,
        "text":""
    },
    {
        "start":648.92534375,
        "end":650.81534375,
        "speaker":2,
        "text":"نفسك تبقى إيه يا سيدي ⁇ "
    },
    {
        "start":651.40596875,
        "end":651.99659375,
        "speaker":0,
        "text":"وانا ⁇ "
    },
    {
        "start":652.82346875,
        "end":662.00346875,
        "speaker":0,
        "text":"<fil> <fil> <fil> <fil> <fil> <fil> <fil> <fil> <fil> <fil> <fil> ⁇ "
    },
    {
        "start":660.51846875,
        "end":664.97346875,
        "speaker":2,
        "text":"<fil> <fil> <fil> <fil> <fil> <fil> <fil> <fil> <fil> <fil> <fil> ⁇ "
    },
    {
        "start":662.22284375,
        "end":664.02846875,
        "speaker":0,
        "text":"<fil> <fil> <fil> <fil> <fil> <fil> <fil> <f"
    },
    {
        "start":664.02846875,
        "end":664.60221875,
        "speaker":3,
        "text":"أقوله لاع لا لا لا لا لا لا لا لا لا لا"
    },
    {
        "start":664.60221875,
        "end":664.66971875,
        "speaker":4,
        "text":""
    },
    {
        "start":664.66971875,
        "end":664.78784375,
        "speaker":3,
        "text":""
    },
    {
        "start":664.78784375,
        "end":664.99034375,
        "speaker":4,
        "text":"فايده ه"
    },
    {
        "start":664.99034375,
        "end":665.19284375,
        "speaker":3,
        "text":"وده و لازم لازم"
    },
    {
        "start":665.19284375,
        "end":665.22659375,
        "speaker":4,
        "text":""
    },
    {
        "start":665.22659375,
        "end":666.99846875,
        "speaker":3,
        "text":"و شويه ده كوره أه أه أه أه أه أه كوره أه أه أه أه أه أه أه أه أه أه أه أه أه أه أه أه أه أه أه أه أه أه أه أه أه أه أه أه أه"
    },
    {
        "start":665.29409375,
        "end":666.20534375,
        "speaker":4,
        "text":"وهي ضررك راكب راكبراك و هي تركك"
    },
    {
        "start":666.59346875,
        "end":668.29784375,
        "speaker":2,
        "text":"<fil> يعني <fil> يعني <fil> يعني <fil> يعني <fil> يعني <fil> يعني"
    },
    {
        "start":667.99409375,
        "end":671.62221875,
        "speaker":3,
        "text":"ما هو أنا لو لو قولنا لعيب كوره هنشيل المذاكره ⁇ "
    },
    {
        "start":671.79096875,
        "end":673.05659375,
        "speaker":3,
        "text":"فاحنا لأ بتجمع مالل بتجمع مالل بتجمع مالل بتجمع مالل بتجمع"
    },
    {
        "start":672.04409375,
        "end":673.81596875,
        "speaker":2,
        "text":"بتجمع ما بين الإتنين ما بين الإتنين وتجمع ما بين الإتنين لتجمع ما بين الإتنين لتجمع ما بين الإتنين"
    },
    {
        "start":673.25909375,
        "end":675.68909375,
        "speaker":3,
        "text":"بالظبط فلازم يبقى وحاجه تانيه ⁇ "
    },
    {
        "start":674.71034375,
        "end":675.13221875,
        "speaker":2,
        "text":"وعاجئاج وعجاجاج"
    },
    {
        "start":675.68909375,
        "end":675.70596875,
        "speaker":4,
        "text":""
    },
    {
        "start":676.39784375,
        "end":678.33846875,
        "speaker":2,
        "text":"<fil> <fil> <fil> <fil> <fil> <fil> <fil> <fil>"
    },
    {
        "start":677.47784375,
        "end":677.49471875,
        "speaker":3,
        "text":""
    },
    {
        "start":677.49471875,
        "end":681.30846875,
        "speaker":4,
        "text":"<fil> <fil> <fil> <fil> <fil> <fil> <fil> <fil> <fil> <fil> <fil> <fil> <fil> أنا شخصيا كريم ⁇ "
    },
    {
        "start":681.59534375,
        "end":695.44971875,
        "speaker":2,
        "text":"<laugh> <fil> <fil> <fil> <fil> <fil> <fil> <fil> <fil> ⁇ "
    },
    {
        "start":685.17284375,
        "end":685.86471875,
        "speaker":0,
        "text":"طب أه أه أه أه أه أه أه أه أه أه أه أه أه أه أه أه"
    },
    {
        "start":685.86471875,
        "end":686.94471875,
        "speaker":4,
        "text":"لا لا لا لا لا لا لا لا لا لا لا لا لا لا لا لا لا لا لا لا لا لا لا لا لا لا لا"
    },
    {
        "start":687.80534375,
        "end":687.83909375,
        "speaker":4,
        "text":""
    },
    {
        "start":687.83909375,
        "end":689.20596875,
        "speaker":1,
        "text":"الحشاشين أه أه صح أه أه أه أه أه أه أه أه أه أه أه أه أه أه أه أه أه أه أه أه أه أه أه أه أه أه"
    },
    {
        "start":689.49284375,
        "end":690.04971875,
        "speaker":1,
        "text":"أه أه أه أه أه أه أه أه أه أه أه أه أه أه"
    },
    {
        "start":690.67409375,
        "end":690.97784375,
        "speaker":1,
        "text":"و و وارد ور"
    },
    {
        "start":695.90534375,
        "end":701.32221875,
        "speaker":2,
        "text":"جمله عن إسماعيل ياسين إنتي عينتي قولتلك جوانب حتى مهمه في نوعيس أقوله جمله الأخيره ⁇ "
    },
    {
        "start":701.50784375,
        "end":717.97784375,
        "speaker":3,
        "text":"أيوه بسم الله الرحمن الرحيم بسم الله الرحمن الرحيم ويركزوا في الأفلام معاها شويه لأنه للأسف دلوقتي الناس مفرطش على الأفلام ⁇ "
    }
]