[
    {
        "start":0.03096875,
        "end":0.73971875,
        "speaker":2,
        "text":"فاشل إيمي إيمي إيمي إي"
    },
    {
        "start":1.09409375,
        "end":1.56659375,
        "speaker":2,
        "text":"إسمه ⁇ "
    },
    {
        "start":2.51159375,
        "end":6.27471875,
        "speaker":2,
        "text":"كويسه في حد ذاته كان مدرك و نفضل سعاده ⁇ "
    },
    {
        "start":6.69659375,
        "end":12.97409375,
        "speaker":2,
        "text":"إزاي تعمل حكايه على مدار ستين حلقه و الناس عارفه نهايتها بس في الآخر يظلوا مزيدين لتفاصيل الحلقه ⁇ "
    },
    {
        "start":11.84346875,
        "end":12.65346875,
        "speaker":1,
        "text":"وسيلة ⁇ "
    },
    {
        "start":13.02471875,
        "end":13.04159375,
        "speaker":0,
        "text":""
    },
    {
        "start":13.04159375,
        "end":13.41284375,
        "speaker":1,
        "text":"لا لا لا لا لا لا لا لا لا"
    },
    {
        "start":14.18909375,
        "end":20.24721875,
        "speaker":2,
        "text":"زي ماس بعشره نهاية مسلسل إن هي فيها جواز و فيها فرح و فيها عريس معروسه بس في الآخر على مدار ⁇ "
    },
    {
        "start":20.65221875,
        "end":23.75721875,
        "speaker":2,
        "text":"الحلقات كلها قديمه ومبسوطين وشايفين نفسهم ⁇ "
    },
    {
        "start":24.44909375,
        "end":25.96784375,
        "speaker":2,
        "text":"تبقي وسط الحقيقه <fil> <fil> <fil> <fil> <fil> و"
    }
]