[
    {
        "start":0.03096875,
        "end":6.17346875,
        "speaker":0,
        "text":"كن تنتهي في كتابه و تحيه للكاتب الحقيقه لكن إيه أكتر حاجه ⁇ "
    },
    {
        "start":5.29596875,
        "end":5.32971875,
        "speaker":1,
        "text":""
    },
    {
        "start":6.96659375,
        "end":7.74284375,
        "speaker":1,
        "text":"صعبه بصعب بصاعب بصاعب بصاعب ب"
    },
    {
        "start":7.16909375,
        "end":7.89471875,
        "speaker":0,
        "text":"صعبه ⁇ "
    },
    {
        "start":7.75971875,
        "end":7.77659375,
        "speaker":1,
        "text":""
    },
    {
        "start":7.96221875,
        "end":10.96596875,
        "speaker":1,
        "text":"بصراحه إحنا يعني اللي أنا دايما بقوله إن إحنا <fil> اللي أنا دايما بقوله إن إحنا ⁇ "
    }
]