[
    {
        "start":0.03096875,
        "end":0.62159375,
        "speaker":0,
        "text":"بمضاده ⁇ "
    },
    {
        "start":0.99284375,
        "end":4.14846875,
        "speaker":0,
        "text":"الكتابه لما تعامل مهم ⁇ "
    },
    {
        "start":4.45221875,
        "end":8.89034375,
        "speaker":0,
        "text":"الساده الممثلين كان مهمين جدا إن ألاقي برضو في الجو الأسري ⁇ "
    },
    {
        "start":9.09284375,
        "end":9.54846875,
        "speaker":1,
        "text":"هو واقع واقع وا"
    },
    {
        "start":9.27846875,
        "end":11.97846875,
        "speaker":0,
        "text":"أولا إنك إنتي تبقي بسيطه حتى في تكنيكي ⁇ "
    }
]