[
    {
        "start":0.03096875,
        "end":1.41471875,
        "speaker":0,
        "text":"في أولاد ⁇ "
    },
    {
        "start":2.02221875,
        "end":2.91659375,
        "speaker":0,
        "text":"هي يعني إيه إيه يعني إيه إيه يعني إيه إيه يعني إيه إيه يعني إيه إيه يعني إيه إيه يعني إيه إيه"
    },
    {
        "start":2.02221875,
        "end":5.36346875,
        "speaker":1,
        "text":"يعني إنتي شايفه ده يتناقد مع الأمومه ⁇ "
    },
    {
        "start":5.36346875,
        "end":8.99159375,
        "speaker":0,
        "text":"<fil> <fil> <fil> <fil> <fil> <fil> <fil> <fil> <fil> <fil> <fil> <fil> <fil> <fil> <fil>"
    },
    {
        "start":9.24471875,
        "end":11.52284375,
        "speaker":0,
        "text":"مني حاجه طب ما اعملها حتى بقعدي ⁇ "
    },
    {
        "start":13.31159375,
        "end":15.77534375,
        "speaker":0,
        "text":"طيب جوزي يمسكها في الستات جوزي يمسكها دي ⁇ "
    },
    {
        "start":16.60221875,
        "end":29.03909375,
        "speaker":1,
        "text":"و الله ده أكيد شوفي كل ما يتعلق باسماعيل ياسين يومي للناسي وبتاع وأحفاده أسرته <fil> <fil> <fil> <laugh> شوفوا كل ما يتعلق باسماعيه يا سيدي ⁇ "
    },
    {
        "start":29.03909375,
        "end":29.96721875,
        "speaker":0,
        "text":"بعيدا عن ⁇ "
    },
    {
        "start":29.96721875,
        "end":34.77659375,
        "speaker":1,
        "text":"<fil> <fil> <fil> <fil> <fil> <fil> ⁇ "
    },
    {
        "start":30.10221875,
        "end":30.54096875,
        "speaker":0,
        "text":"حكايات تكاتكات تك"
    },
    {
        "start":33.42659375,
        "end":35.24909375,
        "speaker":0,
        "text":"الله يخليك ⁇ "
    },
    {
        "start":35.33346875,
        "end":49.67721875,
        "speaker":0,
        "text":"<fil> و <fil> يعني بابا دايما معتبرني أنا كنت الولد اللي هو يعني مجابش وليد فأنا معتقدين الولد ده و شره إيه في مستشفى بقى البنوته الكيوت اللي <fil> يعني بابا دايما معتبرني أنا كنت الولد اللي هو يعني مجابش ولقيت فأنا معتاديني الولد ده و شره إيه فيه أستاذ بقى البنوته الكيوت اللي ⁇ "
    },
    {
        "start":35.45159375,
        "end":36.12659375,
        "speaker":1,
        "text":"<fil> أسل أسل ⁇ "
    },
    {
        "start":36.46409375,
        "end":37.84784375,
        "speaker":1,
        "text":"<fil> <fil> <fil> <fil> <fil> <fi"
    },
    {
        "start":49.35659375,
        "end":57.33846875,
        "speaker":1,
        "text":"هو <fil> <fil> <fil> <fil> <fil> <fil> <fil> <fil> <fil> <fil> <fil> <fil> <fil> <fil> <fil> <fil> <fil> <fil> <fil> <fil> <fil> <fil> <fil> <fil> <fil> <fil> <fil> <fil> <fil> <fil> <fil> <fil> <fil>"
    },
    {
        "start":56.83221875,
        "end":57.42284375,
        "speaker":0,
        "text":"نه ⁇ "
    },
    {
        "start":57.35534375,
        "end":63.48096875,
        "speaker":1,
        "text":"فكان بتقول إن إنتي يعني بيعتبرك إنتي اللي ممكن تكون بديله للراجل يعني ⁇ "
    },
    {
        "start":62.53596875,
        "end":63.19409375,
        "speaker":0,
        "text":"راجددددددددددددد"
    },
    {
        "start":63.24471875,
        "end":67.98659375,
        "speaker":0,
        "text":"كده من هذه المبادرات يعني إتنين الرجاله بينزلوا مع بعض جوهانس بقى ⁇ "
    },
    {
        "start":68.00346875,
        "end":68.96534375,
        "speaker":0,
        "text":"يعني كده ⁇ "
    },
    {
        "start":69.40409375,
        "end":77.45346875,
        "speaker":0,
        "text":"و كان بيدعم أنا كده ثوره بتاعت الأفلام و <fil> <fil> <fil> ⁇ "
    },
    {
        "start":76.91346875,
        "end":77.57159375,
        "speaker":1,
        "text":"أه ⁇ "
    },
    {
        "start":77.89221875,
        "end":78.39846875,
        "speaker":1,
        "text":" ⁇ "
    },
    {
        "start":78.44909375,
        "end":81.45284375,
        "speaker":1,
        "text":"يلا إعمل تاني البتاع ده عشان نطلع منها فاصل ⁇ "
    },
    {
        "start":81.67221875,
        "end":82.53284375,
        "speaker":1,
        "text":"دون إن هو محور محور محور محور محور مح"
    },
    {
        "start":86.39721875,
        "end":86.97096875,
        "speaker":1,
        "text":"أطلع في فيلم فين فين فين فين في"
    }
]