[
    {
        "start":0.03096875,
        "end":6.81471875,
        "speaker":0,
        "text":"و التلاجه و البتجاز بالإضافه إلى مجموعه من المستشفى البسيطه و التلاجه و البتجاز بالإضافه إلى مجموعه من المشاكل ⁇ "
    },
    {
        "start":7.28721875,
        "end":11.52284375,
        "speaker":0,
        "text":"أخد رأيكو فيها كمان إم سيبها جدا الفستان ده ⁇ "
    },
    {
        "start":9.93659375,
        "end":10.25721875,
        "speaker":1,
        "text":"سته سته سته سته"
    },
    {
        "start":12.28221875,
        "end":13.51409375,
        "speaker":0,
        "text":"العروسه ⁇ "
    },
    {
        "start":13.69971875,
        "end":13.83471875,
        "speaker":0,
        "text":""
    },
    {
        "start":13.86846875,
        "end":13.88534375,
        "speaker":0,
        "text":""
    },
    {
        "start":13.96971875,
        "end":15.35346875,
        "speaker":0,
        "text":"اللي كانت لابسه زينه ⁇ "
    },
    {
        "start":15.94409375,
        "end":16.90596875,
        "speaker":0,
        "text":"<fil> ⁇ "
    },
    {
        "start":17.17596875,
        "end":18.08721875,
        "speaker":0,
        "text":"الفستان ده ⁇ "
    },
    {
        "start":18.44159375,
        "end":19.62284375,
        "speaker":0,
        "text":"<fil> فكرنا فقرنا ⁇ "
    },
    {
        "start":20.80409375,
        "end":22.03596875,
        "speaker":0,
        "text":"اللي الدين الجمعيه ⁇ "
    },
    {
        "start":22.40721875,
        "end":23.68971875,
        "speaker":0,
        "text":"القاهره من الجمعيات الخيريه ⁇ "
    },
    {
        "start":23.99346875,
        "end":27.97596875,
        "speaker":0,
        "text":"متأجره للفترات اللي يعني اللي هي اتجوزوا العرايس ⁇ "
    },
    {
        "start":28.60034375,
        "end":31.85721875,
        "speaker":0,
        "text":"يلبسوه بعدين يرجعوه بعد ناس هي تلبسوا يعني بتديله ⁇ "
    },
    {
        "start":31.95846875,
        "end":34.99596875,
        "speaker":0,
        "text":"بسم الله الرحمن الرحيم بسم الله الرحمن الرحيم ⁇ "
    },
    {
        "start":32.00909375,
        "end":34.94534375,
        "speaker":1,
        "text":"بسم الله الرحمن الرحيم بسم الله الرحمن الرحيم ومقاهره ⁇ "
    },
    {
        "start":35.68784375,
        "end":37.12221875,
        "speaker":0,
        "text":"لازم ناخد موافقةكو ⁇ "
    },
    {
        "start":37.18971875,
        "end":38.05034375,
        "speaker":0,
        "text":"طبعا <fil> <fil> <fil> <"
    },
    {
        "start":37.37534375,
        "end":37.99971875,
        "speaker":1,
        "text":"واصل واصل واصل واصل واصل"
    },
    {
        "start":38.05034375,
        "end":38.59034375,
        "speaker":1,
        "text":"لا لا لا لا لا لا لا لا لا لا لا لا لا"
    },
    {
        "start":38.59034375,
        "end":39.97409375,
        "speaker":0,
        "text":"سبعه الموقع الموقع الموقع الموقع الموقع الموقع الموقع الموقع الموقع الموقع الموق"
    },
    {
        "start":39.97409375,
        "end":40.54784375,
        "speaker":1,
        "text":"ها ها ها ها ها ها ها"
    },
    {
        "start":45.15471875,
        "end":45.32346875,
        "speaker":1,
        "text":""
    },
    {
        "start":45.74534375,
        "end":45.88034375,
        "speaker":1,
        "text":""
    },
    {
        "start":45.91409375,
        "end":49.67721875,
        "speaker":1,
        "text":"<fil> <fil> <fil> <fil> <fil> <fil> <fil> <fil> <fil> <fil> <fil> ⁇ "
    },
    {
        "start":49.03596875,
        "end":49.47471875,
        "speaker":0,
        "text":"إسماعيل يعيط يعيط"
    },
    {
        "start":49.67721875,
        "end":49.86284375,
        "speaker":0,
        "text":"بسبعه و"
    },
    {
        "start":52.22534375,
        "end":55.14471875,
        "speaker":0,
        "text":"عايز أسمع منك بقى لأن هاني طالما كان الاتصالات ⁇ "
    },
    {
        "start":55.14471875,
        "end":60.57846875,
        "speaker":1,
        "text":"<fil> <fil> <fil> <fil> <fil> إيه اللي أنا طلعت دي من المسلسل ⁇ "
    },
    {
        "start":60.46034375,
        "end":69.85971875,
        "speaker":0,
        "text":"<fil> الحاجه الأجيال اللي إنت مش عايز تقولها عايز تقولها أه للناس اللي تابعت المسلسل وحبيته جدا و اللي فاضل كبير جدا في نجاح المسلسل ده من ورقه ⁇ "
    },
    {
        "start":60.73034375,
        "end":63.19409375,
        "speaker":1,
        "text":"الحاجه الأهاليه اللي انت أه جامعة عين شمس ⁇ "
    },
    {
        "start":70.73721875,
        "end":75.31034375,
        "speaker":1,
        "text":"للفضل الحقيقي بجد النجاح المسلسل ده الحقيقي و ربنا ⁇ "
    },
    {
        "start":75.61409375,
        "end":84.94596875,
        "speaker":1,
        "text":"طب أنا أنا بشكره في الحته دي لحاجه واحده بس إن إحنا كلنا من أول ما بيصلي الفخراني مع حفظ الألقاب طبعا ⁇ "
    },
    {
        "start":75.68159375,
        "end":77.09909375,
        "speaker":0,
        "text":"أنا بشكره في الحته دي في الحته دي في الحته دي في الحته دي في الحته في الحتته في الحت"
    }
]