[
    {
        "start":0.03096875,
        "end":0.52034375,
        "speaker":0,
        "text":"كل ده كل ده كل ده كل ده كل ده كل ده"
    },
    {
        "start":1.41471875,
        "end":3.50721875,
        "speaker":0,
        "text":"متفرج بيتفرج على المسلسل الله يتفرج على المسلسل ⁇ "
    },
    {
        "start":4.08096875,
        "end":5.11034375,
        "speaker":0,
        "text":"لنفسه شخصيه لنفسه شخصيه لنفسه الشخصيه نفسها الشخصيه"
    },
    {
        "start":5.93721875,
        "end":7.89471875,
        "speaker":0,
        "text":"هتلاقي نفسك شوفتي نفسك أتحدد ⁇ "
    },
    {
        "start":8.21534375,
        "end":9.59909375,
        "speaker":0,
        "text":"أنا شوفت نفسي في حدي شوفت نفسي في حدي شوفت نفسي في حدي شوفت نفسي في حدي شوفت نفسي في"
    },
    {
        "start":9.88596875,
        "end":12.26534375,
        "speaker":0,
        "text":"محمود الأستاذ شايل الأستاذ سيد الأستاذ سيد الأستاذ سيد الأستاذ سيد الأستاذ سيد الأستاذ سيد الأستاذ سيد الأستاذ سيد الأستاذ سيد الأستاذ سيد الأستاذ سيد الأستاذ سيد الأستاذ سيد الأستاذ سيد الأستاذ سيد الأستاذ سيد الأستاذ سيد الأستاذ سيد الأستاذ سيد الأستاذ سيد الأستاذ سيد الأستاذ سيد الأستاذ سيد الأستاذ سيد الأستاذ سيد الأستاذ سيد الأستاذ سيد الأستاذ"
    },
    {
        "start":12.51846875,
        "end":17.10846875,
        "speaker":0,
        "text":"أهلا وسهلا بحضرتك أهلا و سهلا وكل واحد في ليلة الامتحان كل واحد لتلاته وسبعين لتلاته وسبعين كل واحد فينا ⁇ "
    },
    {
        "start":13.42971875,
        "end":13.93596875,
        "speaker":1,
        "text":"معايير دي جدا جدا جدا جدا جدا جدا جدا"
    },
    {
        "start":13.93596875,
        "end":13.98659375,
        "speaker":2,
        "text":""
    },
    {
        "start":13.98659375,
        "end":14.50971875,
        "speaker":1,
        "text":"أوي أوي أوي أوي أوي أوي أوي أوي أوي أوي أوي أوي أوي"
    },
    {
        "start":15.53909375,
        "end":16.06221875,
        "speaker":1,
        "text":"<fil> ⁇ "
    },
    {
        "start":16.88909375,
        "end":19.97721875,
        "speaker":2,
        "text":"<fil> <fil> <fil> <fil> <fil> <fil> <fil> <fil> <fil> <fil> <fil> <fil> <fil"
    },
    {
        "start":17.93534375,
        "end":25.09034375,
        "speaker":0,
        "text":"شافوا شافوا كده و ده اللي خلى المصريين لتنف حوالين المسلسل شركاتهم بقى شافوا في السوق شوف النصوم ده جانب <fil> <fil> <fil> <fil> <fil> <fil> شف ⁇ "
    },
    {
        "start":19.97721875,
        "end":20.11221875,
        "speaker":1,
        "text":""
    },
    {
        "start":20.11221875,
        "end":20.12909375,
        "speaker":2,
        "text":""
    },
    {
        "start":20.12909375,
        "end":20.16284375,
        "speaker":1,
        "text":""
    },
    {
        "start":20.16284375,
        "end":20.28096875,
        "speaker":2,
        "text":""
    },
    {
        "start":20.28096875,
        "end":20.29784375,
        "speaker":1,
        "text":""
    },
    {
        "start":21.91784375,
        "end":22.84596875,
        "speaker":1,
        "text":"دفعه بق بق بق بق بق بق بق بق بق بق"
    },
    {
        "start":24.93846875,
        "end":43.53471875,
        "speaker":1,
        "text":"إن إحنا توقعنا مثلا إن هتبقى نسبة المشاهده أعلى مع الجيل الأكبر شويه اللي عايش حالة الأسره المصريه في دفنها ببتها ببت العيله بالتفاصيل بتاعت العيله ⁇ "
    },
    {
        "start":26.15346875,
        "end":28.02659375,
        "speaker":0,
        "text":"<fil> <fil> <fil> ⁇ "
    },
    {
        "start":28.34721875,
        "end":28.65096875,
        "speaker":0,
        "text":"و سته و سته و"
    },
    {
        "start":42.64034375,
        "end":43.85534375,
        "speaker":2,
        "text":"كل الناس كانت بتسعار تسعار تسعار تسعار تسعار تسعار تسع"
    },
    {
        "start":43.85534375,
        "end":49.91346875,
        "speaker":1,
        "text":"أه إنما كان الحقيقه كمان إن الشباب اللي مثلا من سن ولا أو من سنه حجازي أو من سنه قرويين ⁇ "
    },
    {
        "start":50.47034375,
        "end":61.72596875,
        "speaker":1,
        "text":"<fil> <fil> <fil> <fil> <fil> <fil> <fil> <fil> <fil> <fil> <fil> <fil> <fil> <fil> <fil> <fil> <fil> <fil> <fil> ⁇ "
    },
    {
        "start":55.07721875,
        "end":56.89971875,
        "speaker":2,
        "text":"الزعيم الزعيم الزعيم الزعيم الزعيم الزعيم الزعيم الزعيم الزعيم"
    },
    {
        "start":59.78534375,
        "end":59.97096875,
        "speaker":2,
        "text":"وده وده"
    },
    {
        "start":61.72596875,
        "end":62.06346875,
        "speaker":2,
        "text":"لا لا لا لا لا لا لا لا"
    },
    {
        "start":62.45159375,
        "end":62.48534375,
        "speaker":1,
        "text":""
    },
    {
        "start":62.48534375,
        "end":68.94846875,
        "speaker":2,
        "text":"المشاهد وتالت إن ده عمل أكتر نسبة مشاهده في تاريخ السوشيال ميديا كلها المشهد اللي بينك وبين ⁇ "
    },
    {
        "start":69.72471875,
        "end":78.87096875,
        "speaker":2,
        "text":"<fil> <fil> <fil> <fil> <fil> <fil> <fil> <fil> ⁇ "
    },
    {
        "start":71.86784375,
        "end":71.88471875,
        "speaker":0,
        "text":""
    },
    {
        "start":71.88471875,
        "end":72.03659375,
        "speaker":1,
        "text":""
    },
    {
        "start":72.03659375,
        "end":72.20534375,
        "speaker":0,
        "text":""
    },
    {
        "start":72.20534375,
        "end":73.75784375,
        "speaker":1,
        "text":"<fil> <fil> <fil> <fil> ⁇ "
    },
    {
        "start":74.26409375,
        "end":74.48346875,
        "speaker":1,
        "text":"وعبد و"
    },
    {
        "start":74.66909375,
        "end":75.02346875,
        "speaker":1,
        "text":"با با با با ب"
    },
    {
        "start":75.02346875,
        "end":75.04034375,
        "speaker":0,
        "text":""
    },
    {
        "start":75.04034375,
        "end":75.05721875,
        "speaker":1,
        "text":""
    },
    {
        "start":75.05721875,
        "end":75.10784375,
        "speaker":0,
        "text":""
    },
    {
        "start":75.10784375,
        "end":75.96846875,
        "speaker":1,
        "text":"<fil> <fil> <fil> <f"
    },
    {
        "start":75.96846875,
        "end":76.86284375,
        "speaker":0,
        "text":"بيبو وبشير بيبو وبشير بيبو وبشير بيبو وب"
    },
    {
        "start":79.03971875,
        "end":83.76471875,
        "speaker":2,
        "text":"ممكن أفتكره أفتكر ال ال المعهد يعني على فكره منا صاحبتي جدا هي تمام ⁇ "
    },
    {
        "start":83.25846875,
        "end":86.07659375,
        "speaker":0,
        "text":"<fil> <fil> <fil> <fil> <fil> <fil> <fil> <fil> <fil> <fil> <fil> <fi"
    },
    {
        "start":84.25409375,
        "end":84.28784375,
        "speaker":2,
        "text":""
    },
    {
        "start":84.30471875,
        "end":84.52409375,
        "speaker":2,
        "text":"ده ده ده ده ده"
    },
    {
        "start":86.53221875,
        "end":86.65034375,
        "speaker":0,
        "text":""
    },
    {
        "start":86.65034375,
        "end":86.97096875,
        "speaker":2,
        "text":"حياه إيجابيه"
    }
]