[
    {
        "start":0.03096875,
        "end":5.31284375,
        "speaker":1,
        "text":"<fil> عايزه <fil> <fil> <fil> <fil> <fil> <fil> <fil> <fil> <fil> <fil> <fil> <fil> <fil> <fil> <fil> <fil> <fil> <fil> <fil> <fil> <fil"
    },
    {
        "start":5.65034375,
        "end":10.88159375,
        "speaker":1,
        "text":"مشهد رمزي أنا مولى لأ هي برضو كانت شخصيه مش مش سهله ⁇ "
    },
    {
        "start":5.86971875,
        "end":7.38846875,
        "speaker":0,
        "text":"<fil> أنام لا لا لا لا لا لا لا لا لا لا لا لا لا لا لا لا لا لا لا لا لا لا لا لا لا لا لا لا لا لا"
    },
    {
        "start":10.93221875,
        "end":11.97846875,
        "speaker":1,
        "text":"عشان فيها ⁇ "
    }
]