[
    {
        "start":0.03096875,
        "end":0.09846875,
        "speaker":1,
        "text":""
    },
    {
        "start":0.25034375,
        "end":6.94971875,
        "speaker":1,
        "text":"بسم الله الرحمن الرحيم إن أنا برحب بحضرتك وطبعا ال ال العاده دي أو إحنا بنقول عليها الجريمه إم الشهاده ⁇ "
    },
    {
        "start":6.27471875,
        "end":6.81471875,
        "speaker":2,
        "text":"شعره ده ده ده ده ده ده ده ده ده ده"
    },
    {
        "start":6.94971875,
        "end":7.97909375,
        "speaker":2,
        "text":"هي فعلا جريمه ⁇ "
    },
    {
        "start":7.92846875,
        "end":10.08846875,
        "speaker":1,
        "text":"بالظبط دي بقى لها مئات السنين ⁇ "
    },
    {
        "start":8.48534375,
        "end":8.90721875,
        "speaker":2,
        "text":"هايل هايل هايل "
    },
    {
        "start":10.37534375,
        "end":17.26034375,
        "speaker":1,
        "text":"فإنتي حاجه انتقالها ميئات السنين بيبقى صعب جدا إن إنتي دي ريحه مره واحده طبعا بياخد وقت ومجهود ⁇ "
    },
    {
        "start":17.26034375,
        "end":17.76659375,
        "speaker":0,
        "text":"عيني ⁇ "
    },
    {
        "start":17.76659375,
        "end":41.40846875,
        "speaker":1,
        "text":"و عايز بس أشيل لحاجه إن هي العاده دي عاده إفريقيا مش في رومانيا إم الفراعنه يعني أبرياء من هذه الكلمه يعني فرعنا كل حاجه كانوا بيوسقوها سواء على الجداريه أو برديه إم موسيقيين ختام الذكور لكن فهمي الناس محصلش في فتره كده حصلت فيها زي هجره من بلاد الحابثه إلى مصر اتنقلت فيها بكل العدات السلبيه أو الإعداد الإيجابيه إم منها كلمة ختان الناس ⁇ "
    },
    {
        "start":21.31034375,
        "end":21.81659375,
        "speaker":0,
        "text":"أستاذه إي إي إي إي إي"
    },
    {
        "start":27.08159375,
        "end":27.53721875,
        "speaker":0,
        "text":"سوا سواق سوا سوا سوا"
    },
    {
        "start":29.08971875,
        "end":29.52846875,
        "speaker":0,
        "text":"ميه ميه ميه ميه ميه م"
    },
    {
        "start":31.65471875,
        "end":32.43096875,
        "speaker":0,
        "text":"في في يئ فيه إم فيه إم فيه إم فييق فيه إم في"
    },
    {
        "start":38.70846875,
        "end":39.23159375,
        "speaker":0,
        "text":"البيت الإهتمامات الإهتمامات الإه"
    },
    {
        "start":39.67034375,
        "end":40.07534375,
        "speaker":0,
        "text":"من يناير ما يناير ما ي"
    },
    {
        "start":41.99909375,
        "end":49.30596875,
        "speaker":1,
        "text":"فإحنا زي ما بقول لحضرتك هي جريمه زي أي جريمه تانيه من الصعب جدا إن إنت ترض عليها مره واحده بتيجي عن طريق التوعيه ⁇ "
    },
    {
        "start":49.18784375,
        "end":49.66034375,
        "speaker":0,
        "text":" ⁇ "
    },
    {
        "start":49.59284375,
        "end":56.54534375,
        "speaker":1,
        "text":"إحنا في الأول عملنا توعيه كبيره جدا من ساعة ما بدأنا برنامج بتاعنا من ألفين وتلاته بدأت تصوير ⁇ "
    },
    {
        "start":56.00534375,
        "end":57.42284375,
        "speaker":3,
        "text":"بدأتوا فين تحديدا ⁇ "
    },
    {
        "start":57.42284375,
        "end":57.45659375,
        "speaker":2,
        "text":""
    },
    {
        "start":57.47346875,
        "end":61.54034375,
        "speaker":1,
        "text":"إحنا بدأنا في عشر محافظات ست محافظات الدين وأربعه بحري ⁇ "
    },
    {
        "start":59.05971875,
        "end":59.07659375,
        "speaker":3,
        "text":""
    },
    {
        "start":59.07659375,
        "end":59.39721875,
        "speaker":2,
        "text":"مش هسيب السيس"
    },
    {
        "start":62.23221875,
        "end":62.78909375,
        "speaker":1,
        "text":"هي نحن نحن نحن نحن ن"
    },
    {
        "start":62.36721875,
        "end":67.12596875,
        "speaker":2,
        "text":"المحافظات دي معروف عنها إن هما لسه ⁇ "
    },
    {
        "start":64.78034375,
        "end":70.33221875,
        "speaker":1,
        "text":"الصبغه خزايد عليها أسوان نصر و إلى سؤال الصوت المنيا بلسويف ⁇ "
    },
    {
        "start":67.46346875,
        "end":67.93596875,
        "speaker":2,
        "text":"السرير السرير السرير السرير"
    },
    {
        "start":67.93596875,
        "end":67.95284375,
        "speaker":0,
        "text":""
    },
    {
        "start":68.88096875,
        "end":69.21846875,
        "speaker":2,
        "text":"الصوره و الصوره و"
    },
    {
        "start":69.21846875,
        "end":69.30284375,
        "speaker":0,
        "text":""
    },
    {
        "start":70.39971875,
        "end":70.83846875,
        "speaker":0,
        "text":" ⁇ "
    },
    {
        "start":70.83846875,
        "end":70.87221875,
        "speaker":1,
        "text":""
    },
    {
        "start":70.88909375,
        "end":89.02971875,
        "speaker":1,
        "text":"القليوبيه كل المحافظات دي بتبقى نسبة الختان فيها عليه الصلاة والسلام ⁇ "
    },
    {
        "start":80.42346875,
        "end":80.91284375,
        "speaker":0,
        "text":"إم تفاصيلها تفاصيل"
    },
    {
        "start":88.89471875,
        "end":89.35034375,
        "speaker":0,
        "text":"رسول الله صلى الله عليه و "
    },
    {
        "start":89.21534375,
        "end":122.71221875,
        "speaker":1,
        "text":"وزير الصحه أصدر قرار وده يعتبر القرار التالت بعد سن التسعه وخمسين وسته و تسعين لسيد القرار في ألفين و سبعه بمنع يختل الناس في أي مكان أو أي شخص دراسي العام الكريمه إلى أن صادر القانون و ده كان حاجه صعبه جدا إن إنتي في ألفين وتمانيه كان لسه المجتمع إن إنتي تدخلي مدخل تجريم الكتاب ده كان شيء الجديد عليه منه بيعتبرها عاده فإن ينتج جراميها وتطلعه بالعقوبه الصغيره دي هي كانت في الأول من تلات شغله سنتين أو بهرامه من ألف لخمستلاف ده كان إنجاز بالنسباله ⁇ "
    },
    {
        "start":93.67034375,
        "end":94.12596875,
        "speaker":0,
        "text":"مسيحيين سياسيين الصين"
    },
    {
        "start":99.91409375,
        "end":100.33596875,
        "speaker":0,
        "text":"أووش أو أو أو أو أو أو أو أو"
    },
    {
        "start":122.66159375,
        "end":123.13409375,
        "speaker":0,
        "text":"وهي ⁇ "
    },
    {
        "start":123.45471875,
        "end":138.70971875,
        "speaker":1,
        "text":"لغاية لما بدأنا نعمل ورش عمل مع الناس المسؤول عن ⁇ "
    },
    {
        "start":138.60846875,
        "end":139.28346875,
        "speaker":0,
        "text":"إم ⁇ "
    },
    {
        "start":138.86159375,
        "end":138.99659375,
        "speaker":1,
        "text":""
    },
    {
        "start":139.28346875,
        "end":158.36909375,
        "speaker":1,
        "text":"فبدأنا نشوف المسؤولين عن أستاذ القانون وهي القضاء النياب العام مع الطب الشرعي وزارة الصحه لعلاج الحرب بدأنا نعمل ورش عمل و تدريبات للساده القضايا وك لأن هي بقى الطب الشرعي إم وطلعنا بشويه توصيات مهمه جدا إم ومن ضمنها تغيير العقوبات ⁇ "
    },
    {
        "start":145.61159375,
        "end":145.98284375,
        "speaker":0,
        "text":"الدهب ⁇ "
    },
    {
        "start":152.98596875,
        "end":153.40784375,
        "speaker":0,
        "text":" ⁇ "
    },
    {
        "start":156.15846875,
        "end":156.59721875,
        "speaker":0,
        "text":"و نيللي و نيللي و ني"
    },
    {
        "start":158.40284375,
        "end":158.94284375,
        "speaker":0,
        "text":"إم ⁇ "
    },
    {
        "start":158.82471875,
        "end":165.37221875,
        "speaker":1,
        "text":"لاحظنا إن العقوبه بتاعت جريمه ختان الناس عقوبه قليله جدا لا تتناسب مع الجريمه ⁇ "
    },
    {
        "start":164.95034375,
        "end":166.55346875,
        "speaker":2,
        "text":"دلوقتي العقوبه وقت قد إيه ⁇ "
    },
    {
        "start":166.63784375,
        "end":181.33596875,
        "speaker":1,
        "text":"هي العقوبه دلوقتي إن أي إنسان هيعمل عملية الختان سواء طبيب أو أي شخص العقوبه من خمس سنين لسبع سنين ده في حالة الجرح إم لكن لو حصل ⁇ "
    },
    {
        "start":174.67034375,
        "end":174.68721875,
        "speaker":2,
        "text":""
    },
    {
        "start":174.68721875,
        "end":174.99096875,
        "speaker":0,
        "text":"لا لا لا لا لا لا لا"
    },
    {
        "start":181.38659375,
        "end":181.90971875,
        "speaker":0,
        "text":"إم ⁇ "
    },
    {
        "start":181.85909375,
        "end":210.58034375,
        "speaker":1,
        "text":"ال ال الميزه في ال ال الماده المعدله أو كذا ميزه إن هي أولا عرفت يعني إيه ختام إيمان إم في القانون نفسه إن هي إزاله سواء الجزئيه أو تامر الأعضاء الخارجيه للبنت بدون سبب مرضي و ده المهم إن هي ⁇ "
    },
    {
        "start":188.13659375,
        "end":188.81159375,
        "speaker":0,
        "text":"فين فين فين فين فين فين فين فين في"
    },
    {
        "start":198.80159375,
        "end":199.15596875,
        "speaker":0,
        "text":"الزززززززز"
    },
    {
        "start":201.58596875,
        "end":201.99096875,
        "speaker":0,
        "text":"دبل الدبلوم الدبل"
    },
    {
        "start":210.02346875,
        "end":210.71534375,
        "speaker":0,
        "text":"عمري ما ⁇ "
    },
    {
        "start":211.18784375,
        "end":216.18284375,
        "speaker":1,
        "text":"ده بالعكس إنتي يعني بتعملي مشاكل صحيه وجسديه ومساليه ⁇ "
    },
    {
        "start":215.18721875,
        "end":216.58784375,
        "speaker":0,
        "text":"ليه إنتي إم ⁇ "
    },
    {
        "start":216.60471875,
        "end":219.33846875,
        "speaker":1,
        "text":"بتستمر معاها قبل الجواز و بعد الجواز و بعد الجواز و بعد الجواز و بعد الجواز و بعد الجواز و بعد الجواز و بعد الجواز و بعد الجواز و بعد الجواز و بعد الجواز و بعد الجواز و بعد الجوا"
    },
    {
        "start":219.33846875,
        "end":219.91221875,
        "speaker":0,
        "text":" ⁇ "
    },
    {
        "start":219.97971875,
        "end":243.33471875,
        "speaker":1,
        "text":"فا العقوبه دي حضرتك تتناسب مع الجريمه نفسها الميزه التانيه إن هو حضرتك دخل أي إنسان هيصطاحة الأمن سواء أب وأم أو عام أو خان للدكتور والديريه العملية الختام هتكون الأقوى من سنه لتلات سنين والميزه التالته إن هو رفع سقف ال الجريمه من جلسه لجنه ⁇ "
    },
    {
        "start":243.33471875,
        "end":252.88596875,
        "speaker":3,
        "text":"و لكن مع هذا الباب يا أستاذ مصطفى هنلاقي إن يعني في حملات توعيه و في قانون وفي تعديلات قانونيه و لكن ⁇ "
    },
    {
        "start":251.14784375,
        "end":251.58659375,
        "speaker":0,
        "text":"قنننننننننن"
    },
    {
        "start":253.42596875,
        "end":254.28659375,
        "speaker":3,
        "text":"اجتماعيا ⁇ "
    },
    {
        "start":254.67471875,
        "end":258.03284375,
        "speaker":3,
        "text":"ما زال في مناطق معينه هو لقطور و ⁇ "
    },
    {
        "start":256.37909375,
        "end":256.90221875,
        "speaker":0,
        "text":"بلاقي بلاقي بلاقي بلاقي ب"
    },
    {
        "start":258.40409375,
        "end":271.73534375,
        "speaker":3,
        "text":"مطلوب و بيبقى عار لو البنت مع رؤهاش عملية الحتان ده بيتم من عدته إزاي أو محبته ازاي لأن التقديم الإجتماعيه دي من أكتر الحاجات الصعبه ⁇ "
    },
    {
        "start":271.33034375,
        "end":272.74784375,
        "speaker":1,
        "text":"سمعنا تماما تماما تماما تماما تماما تماما تماما تماما تماما تماما تماما تماما تماما تماما تماما تماما"
    },
    {
        "start":272.49471875,
        "end":276.47721875,
        "speaker":3,
        "text":"فلما ابتدوا تعملوا حماس التوعيه مين اللي بيليهم ب عملية التوعيه ديت ⁇ "
    },
    {
        "start":276.94971875,
        "end":313.43346875,
        "speaker":1,
        "text":"يههههههههههههههههههههههههههههههههههههههههههههههههههههههههههههههههههههههههههههههههههههههههههههههههههههههههههههههههههههههههههههههههههههههههههههههههههههههههههههههههههههههههههههههههههههههههههههههههههههههههههههههههههههههههههههههههههههههههههههههههههههههههههههههههههههههههههههههههههههههههههههههههههههههههههههههههههههههههههههههههههههههههههههههههههههههههههههههههههههههههههههههههههههههههههههههههههههههههههههههههههههههههههههههههههههههههههههههههههههههههههههههههههههههههههههههههههههههههههههههههههههههههههههههههههههههههههههههههههههههههههههههههههههههههههههههههههههههههههههههههههههههههههههههههههههههههههههههههههههههههههههههههههههههههههههههههههههههههههههههههههههههههههههههههههههههههههههههههههههههههههههههههههههههههههههههههههههههههههههههههههههههههههههههههههههههههههههههههههههههههههههههههههههههههههههههههههههههههههههههههههههههههههههههههههههههههههههههههههههههههههههههههههههههههههههههههههههههههههههههههههههههههههههههههههههههههههههههه"
    },
    {
        "start":286.56846875,
        "end":286.88909375,
        "speaker":0,
        "text":"بس ما فيش ما فيش ما"
    },
    {
        "start":292.35659375,
        "end":292.69409375,
        "speaker":0,
        "text":"تتصل طائفه"
    },
    {
        "start":297.94221875,
        "end":298.56659375,
        "speaker":0,
        "text":"فايده ⁇ "
    },
    {
        "start":312.74159375,
        "end":314.96909375,
        "speaker":3,
        "text":"فيعني يعني أه بالظبط ⁇ "
    },
    {
        "start":313.88909375,
        "end":330.66284375,
        "speaker":1,
        "text":"إن هو عنده اعتقادي إن دي حاجه عاديه جدا بسيطه جدا للبنت فإحنا بنحاول نشبعها وما بين الذكوره للناس إن الضوافر لما بتتقصى غير الصباح لما ⁇ "
    },
    {
        "start":316.31909375,
        "end":316.72409375,
        "speaker":3,
        "text":"ر ر ر ر ر ر ر ر ر ر"
    },
    {
        "start":316.99409375,
        "end":317.43284375,
        "speaker":3,
        "text":"بيانو بيانو بيانو بيان"
    },
    {
        "start":320.74034375,
        "end":321.21284375,
        "speaker":3,
        "text":"فين فين فين فين فين فين"
    },
    {
        "start":321.21284375,
        "end":321.22971875,
        "speaker":0,
        "text":""
    },
    {
        "start":321.24659375,
        "end":321.38159375,
        "speaker":0,
        "text":""
    },
    {
        "start":321.41534375,
        "end":321.43221875,
        "speaker":0,
        "text":""
    },
    {
        "start":323.69346875,
        "end":324.13221875,
        "speaker":0,
        "text":"فجيت أجي تجتهد"
    },
    {
        "start":330.66284375,
        "end":331.33784375,
        "speaker":0,
        "text":"بنسمي ازاي بيزاي نسي بيز"
    },
    {
        "start":330.91596875,
        "end":333.90284375,
        "speaker":1,
        "text":"إيه بالظبط المسيحي لختنز ذكوره في تامر مثلا ⁇ "
    },
    {
        "start":333.36284375,
        "end":334.03784375,
        "speaker":0,
        "text":" ⁇ "
    },
    {
        "start":334.03784375,
        "end":343.60596875,
        "speaker":1,
        "text":"فلما بيوصل للناس وبنوديه ممكن يوصلهم من المعلومات بيبقى في نسبه عاليه جدا إن هما بيستخدموا معانا حتة إن دي جريمه فعلا ⁇ "
    },
    {
        "start":343.60596875,
        "end":351.03096875,
        "speaker":2,
        "text":"وعتقد كمان مع وجود شيء وجود طبيب العمليه بتبقى برضو أسهل شويه إزاي اطلعوا الناس مش كده ⁇ "
    },
    {
        "start":347.03159375,
        "end":347.38596875,
        "speaker":1,
        "text":"لاعيب لاع لا لا لا لا"
    },
    {
        "start":349.41096875,
        "end":349.74846875,
        "speaker":1,
        "text":"وصولا اقوله"
    },
    {
        "start":351.03096875,
        "end":370.42034375,
        "speaker":1,
        "text":"وهي طبعا بعيدا نهائيا عن الصناعه لأن ده ذكرى الإمام بمنظر في القرن الرابع الهجري إم إنه قال إن ختان للناس ليست في خبر إنه يرجع لديه أو صنف طبعا إم تبعت في الأول الناس بتبقى بتحاول تلثقها لأ حديث لسيدنا بعد صلاة والسلامه بتقول إن ديت حاجه من الصناعه وهي طبعا بعيده نهائيا عن الصناعه لأن ده ذكرى الإمام بمنظر في القرن الرابع الهجري إم إنه قال إن ختان للناس ⁇ "
    },
    {
        "start":355.23284375,
        "end":355.72221875,
        "speaker":2,
        "text":"ده أحد أحد أحد أحمر أح"
    },
    {
        "start":357.84846875,
        "end":358.37159375,
        "speaker":2,
        "text":"ديت <fil> <fil"
    },
    {
        "start":359.77221875,
        "end":359.94096875,
        "speaker":0,
        "text":""
    },
    {
        "start":359.94096875,
        "end":359.95784375,
        "speaker":2,
        "text":""
    },
    {
        "start":359.95784375,
        "end":360.14346875,
        "speaker":0,
        "text":"بأبعه و"
    },
    {
        "start":365.30721875,
        "end":365.32409375,
        "speaker":0,
        "text":""
    },
    {
        "start":365.32409375,
        "end":366.06659375,
        "speaker":2,
        "text":"إم المؤقعه المؤقعه المؤقعه المؤ"
    },
    {
        "start":369.76221875,
        "end":371.73659375,
        "speaker":2,
        "text":"طب إيه الحاجات اللي مع حضرتك ⁇ "
    },
    {
        "start":372.17534375,
        "end":390.77159375,
        "speaker":1,
        "text":"إيه دي شوية مطبوعات مهمه جدا أولا إحنا بنحاول بنوزعها لكل فئات المجتمع سواء ناس عاديه أب وأم أو ناس مسؤولين أو ناس مه ⁇ "
    },
    {
        "start":390.63659375,
        "end":391.09221875,
        "speaker":0,
        "text":" ⁇ "
    },
    {
        "start":390.78846875,
        "end":390.94034375,
        "speaker":1,
        "text":""
    },
    {
        "start":391.09221875,
        "end":399.05721875,
        "speaker":1,
        "text":"بالإضافة إحنا عاملين استراتيجيه القوميه لمواطن فكر الناس بوطيقة في ألفين وستاشر لغاية ألفين وعشرين ⁇ "
    },
    {
        "start":394.88909375,
        "end":395.22659375,
        "speaker":0,
        "text":"الدينيه دي الدينيه دي"
    },
    {
        "start":399.02346875,
        "end":399.51284375,
        "speaker":0,
        "text":"نموذجيين ⁇ "
    },
    {
        "start":399.10784375,
        "end":399.12471875,
        "speaker":1,
        "text":""
    },
    {
        "start":399.39471875,
        "end":399.42846875,
        "speaker":1,
        "text":""
    },
    {
        "start":399.46221875,
        "end":403.79909375,
        "speaker":1,
        "text":"بيتهدف إلى أقلال نسبة فتان الناس في مصر إلى خمسين في الميه ⁇ "
    },
    {
        "start":403.79909375,
        "end":403.96784375,
        "speaker":0,
        "text":""
    }
]