[
    {
        "start":0.03096875,
        "end":3.60846875,
        "speaker":1,
        "text":"و لا إنت تبقى إيه أنا أنضف منك قمرت قيمة قيمة قيمة قيمة قيمة قيمة قيمة قيمة قيمة قيمة قيمة قيمة قيمة قيمة قيمة قيمة قيمة قيمة قيم"
    },
    {
        "start":1.54971875,
        "end":2.03909375,
        "speaker":0,
        "text":"أنا عمري ما عمري ما عمري ما عمري"
    },
    {
        "start":2.74784375,
        "end":3.01784375,
        "speaker":0,
        "text":"لا لا لا لا لا لا لا"
    },
    {
        "start":3.99659375,
        "end":12.97409375,
        "speaker":1,
        "text":"مؤامرة إيه بأمارك شهادتك و لا تفكيرك اللي زي الصفقه و لا أخلاقك اللي تفتكري إنتي ملتزمه في عيني و إنت راضي باسميه عيد ميلادك و لا تفكيرك اللي زي الصفقه و لا أخلاقك اللي تفتكري إنتي ملتزمه في عيني و إنت راضي باسميه عيد ميلادك و لا تفكيرك اللي زي الصفقه و لا أخلاقك اللي تفتكري إنتي ملتزمه في عيني و إنت راضي باسميه عيد ميلادك و لا تفكيرك اللي زي الصفقه و لا أخلاقك اللي تفتكري إنتي ملتزمه في عيني و إنت راضي باسميه عيد ميلادك و لا تفكيرك اللي زي الصفقه و لا أخلاقك اللي تفتكري إنتي ملتزمه في عي"
    },
    {
        "start":9.90284375,
        "end":11.35409375,
        "speaker":0,
        "text":"<fil> <fil> <fil> <fil> ⁇ "
    },
    {
        "start":12.97409375,
        "end":14.86409375,
        "speaker":2,
        "text":"<fil> ⁇ "
    },
    {
        "start":16.70346875,
        "end":19.89284375,
        "speaker":2,
        "text":"<fil> <fil> <fil> <fil> <fil> ⁇ "
    },
    {
        "start":16.95659375,
        "end":17.68221875,
        "speaker":3,
        "text":"تقولي بعد كده هاتلي بقى هاتلي بقى هاتلي"
    },
    {
        "start":18.59346875,
        "end":19.74096875,
        "speaker":3,
        "text":"<fil> <fil> <fil> <fil> <fi"
    },
    {
        "start":19.94346875,
        "end":21.09096875,
        "speaker":2,
        "text":"<fil> <fil> ⁇ "
    },
    {
        "start":21.36096875,
        "end":25.09034375,
        "speaker":0,
        "text":"<fil> <fil> <fil> <fil> <fil> <fil> ⁇ "
    },
    {
        "start":23.21721875,
        "end":23.26784375,
        "speaker":2,
        "text":""
    },
    {
        "start":23.26784375,
        "end":23.82471875,
        "speaker":3,
        "text":"<fil> <fil> <"
    },
    {
        "start":23.82471875,
        "end":24.22971875,
        "speaker":2,
        "text":"أستاذه إيمي نايم"
    },
    {
        "start":25.22534375,
        "end":28.36409375,
        "speaker":0,
        "text":"طلع بنتي طالب و رحمة الله عليه ⁇ "
    },
    {
        "start":28.41471875,
        "end":28.46534375,
        "speaker":3,
        "text":""
    },
    {
        "start":29.68034375,
        "end":30.25409375,
        "speaker":0,
        "text":"حلو أوي أوي أوي أوي أوي أوي أوي أوي أوي أوي أوي أوي أوي"
    },
    {
        "start":31.45221875,
        "end":31.97534375,
        "speaker":0,
        "text":"لاع لا لا لا لا لا لا لا لا لا لا لا"
    }
]