[
    {
        "start":0.03096875,
        "end":18.47534375,
        "speaker":1,
        "text":"و ده في نفس الحاجه في كل كومنت يعني مثلا لو أنا بعمل حاجه عن الأمراض النفسيه فدلوقتي في وعي بالأمراض النفسيه دلوقتي والحاجات دي كلها مينفعش أنا أعمل حاجه ⁇ "
    },
    {
        "start":19.13346875,
        "end":27.63846875,
        "speaker":1,
        "text":"كل ده لثقافة البلد عشان في الأول في الاخر برضو المسلسلات الأفلام دي بتثق في البلد فا دي بتبقى أكتر حاجه بنركز فيها طبعا ⁇ "
    },
    {
        "start":28.11096875,
        "end":30.81096875,
        "speaker":0,
        "text":"إيه أصعب حاجه يعني إيه اللي خلاك أصعب حاجه يعني إيه اللي خلاك أصعب حاجه يعني إيه اللي خلاك أصعب حاجه يعني إيه اللي خلاك أصعب حاجه يعني إيه اللي خلاكه يعني إيه اللي خلاكه يعني إيه اللي خلاكه يعني إيه اللي خلاك"
    },
    {
        "start":31.90784375,
        "end":35.02971875,
        "speaker":0,
        "text":"كم جريئ وتاخد الدور ده ⁇ "
    },
    {
        "start":35.06346875,
        "end":35.29971875,
        "speaker":0,
        "text":"و و و و و و"
    },
    {
        "start":36.04221875,
        "end":41.96534375,
        "speaker":2,
        "text":"<fil> <fil> <fil> <fil> <fil> <fil> <fil> <fil> <fil> <fil> ⁇ "
    },
    {
        "start":38.47221875,
        "end":40.46346875,
        "speaker":0,
        "text":"<fil> <fil> <fil> <fil> <fil> <fil> ⁇ "
    },
    {
        "start":41.25659375,
        "end":42.10034375,
        "speaker":0,
        "text":"وقع ⁇ "
    },
    {
        "start":42.37034375,
        "end":46.52159375,
        "speaker":2,
        "text":"بس أنا اتحملت أوي إن أنا يعني أعمل حاجه مختلفه ⁇ "
    },
    {
        "start":47.66909375,
        "end":48.49596875,
        "speaker":2,
        "text":"<fil> <fil> <fil> ⁇ "
    },
    {
        "start":48.91784375,
        "end":61.08471875,
        "speaker":2,
        "text":"يمكن خدت القرار حتى كنت ممكن أنا خدت قرار بسرعه أوي يا أستاذ طارق أول معارض عليا الموضوع إتحملت أوي فكرة إن هو دور جديد أوي ما أنا أنا ممكن أتحده نفسي فيه كوامثل إم ⁇ "
    },
    {
        "start":60.61221875,
        "end":60.69659375,
        "speaker":0,
        "text":""
    },
    {
        "start":61.33784375,
        "end":66.97409375,
        "speaker":2,
        "text":"بعد ما خدت القرار اكتشفت بقى اللي أنا عملته في نفس ⁇ "
    }
]