[
    {
        "start":0.03096875,
        "end":1.02659375,
        "speaker":0,
        "text":"زي الراديو ⁇ "
    },
    {
        "start":1.61721875,
        "end":5.38034375,
        "speaker":0,
        "text":"و إذا كان من حق الرجل حاجه في من حق المرأه نفسها خيانه ⁇ "
    },
    {
        "start":4.72221875,
        "end":5.27909375,
        "speaker":1,
        "text":"خيانه و خيانه و خيانه"
    },
    {
        "start":5.80221875,
        "end":25.90034375,
        "speaker":0,
        "text":"الحلوه هنا بس كفايه كفايه إن هتطرح قضيه بالذات القضيه ديت مش مطروحه لفتره طويله والراجل واخد حقه تم غالة نتلت واقع أصل درجه ⁇ "
    },
    {
        "start":7.37159375,
        "end":7.67534375,
        "speaker":1,
        "text":"وحشه وحش"
    },
    {
        "start":8.28284375,
        "end":10.29096875,
        "speaker":1,
        "text":"الرسول عليه الصلاة والسلام عليه الصلاة والسلام عليه الصلاة والسلام عليه الصلاة والسلام عليه الصلاة والسلام عليه الصلاة والسل"
    },
    {
        "start":12.40034375,
        "end":15.85971875,
        "speaker":1,
        "text":"<fil> <fil> <fil> <fil> <fil> <fil> <fil> <fil> ⁇ "
    },
    {
        "start":18.62721875,
        "end":18.76221875,
        "speaker":1,
        "text":""
    },
    {
        "start":26.20409375,
        "end":35.82284375,
        "speaker":0,
        "text":"أنا شايف الإتنين و ثواب لل رجل المرأه في شتى المواضيع ⁇ "
    },
    {
        "start":28.11096875,
        "end":28.65096875,
        "speaker":1,
        "text":"وبالتالي تنتهي بنت تنتهي"
    },
    {
        "start":30.38909375,
        "end":30.97971875,
        "speaker":1,
        "text":"عمري ما ⁇ "
    },
    {
        "start":31.38471875,
        "end":31.80659375,
        "speaker":1,
        "text":"أنا شف أنا شيشه أنا ش"
    },
    {
        "start":36.24471875,
        "end":39.16409375,
        "speaker":0,
        "text":"فلما المسلسل يفرح الفكره ديت للنقاش ⁇ "
    },
    {
        "start":39.90659375,
        "end":40.80096875,
        "speaker":0,
        "text":"مهو ⁇ "
    },
    {
        "start":40.80096875,
        "end":44.81721875,
        "speaker":1,
        "text":"لألعق أول حاجه تاني بعد إذن الأستاذ شادي إضافه لل لا اتفضل يا أستاذ عمرو ⁇ "
    },
    {
        "start":40.91909375,
        "end":41.08784375,
        "speaker":0,
        "text":""
    },
    {
        "start":43.50096875,
        "end":43.51784375,
        "speaker":0,
        "text":""
    },
    {
        "start":45.20534375,
        "end":45.27284375,
        "speaker":1,
        "text":""
    },
    {
        "start":45.28971875,
        "end":46.08284375,
        "speaker":1,
        "text":"<fil> <fil> ⁇ "
    },
    {
        "start":46.30221875,
        "end":48.10784375,
        "speaker":1,
        "text":"المسلسل الطرح فكره ⁇ "
    },
    {
        "start":48.56346875,
        "end":51.43221875,
        "speaker":1,
        "text":"أنا معتقدش إن هو إترعت بالشكل ده قبل كده فكرة إيه ⁇ "
    },
    {
        "start":51.85409375,
        "end":53.13659375,
        "speaker":1,
        "text":"مسئولية الست دية الست السئولية الست دية الست السئولية الست السئولية الست"
    },
    {
        "start":54.53721875,
        "end":58.08096875,
        "speaker":1,
        "text":"الحفاظ على الأسره الزيت وبالتالي على المجتمع أه ⁇ "
    },
    {
        "start":56.19096875,
        "end":57.38909375,
        "speaker":0,
        "text":"وبالتالي عليه البقيع وبالتالي عليه ⁇ "
    },
    {
        "start":57.74346875,
        "end":57.81096875,
        "speaker":0,
        "text":""
    },
    {
        "start":58.23284375,
        "end":60.93284375,
        "speaker":1,
        "text":"أستاذ هاني دائما بتلمه يعني تطار هنا ⁇ "
    },
    {
        "start":61.48971875,
        "end":62.33346875,
        "speaker":1,
        "text":"<fil> ليه ⁇ "
    },
    {
        "start":61.86096875,
        "end":62.18159375,
        "speaker":0,
        "text":"يلهم هم هم هم"
    },
    {
        "start":62.53596875,
        "end":74.73659375,
        "speaker":1,
        "text":"إنما إحنا مجتمعنا كده مجتمع الشرقي السيده هي المسؤوله عن حاجات كتير جدا في البيت الرجل المسؤوليته ⁇ "
    },
    {
        "start":63.14346875,
        "end":66.63659375,
        "speaker":0,
        "text":"نهائيا هايل هايل هايل هايل <fil> <fil> <fil> <fil> <fil> <fil> ⁇ "
    },
    {
        "start":74.95596875,
        "end":84.59159375,
        "speaker":1,
        "text":"الجزء الاقتصادي أو الجزء الماده بشكل أساسي إنما مسئولية التربيه و السلوك و الحفاظ على البيت كلنا بلا استثناء طلعنا لقينا أهالينا كده ⁇ "
    },
    {
        "start":85.11471875,
        "end":98.07471875,
        "speaker":1,
        "text":"لما حصل داف مجتمعنا في فتره من الفترات و الست تخلف عن الدور ده وإبتدت تلعب بالدول الإقتصادي و سابت جزء من دورها المهم جدا ده للراجل المجتمع ابتدى يتفك شويه هنا ⁇ "
    },
    {
        "start":98.47971875,
        "end":105.33096875,
        "speaker":1,
        "text":"<fil> <fil> <fil> <fil> <fil> <fil> <fil> <fil> <fil> <fil> <fil> <fil> <fil> <fil> <fil> <fil> <fil> <fil> ⁇ "
    },
    {
        "start":105.76971875,
        "end":110.37659375,
        "speaker":1,
        "text":"بولا المجتمع الصغير وبالتالي تلاحظي للمجتمع الكبير هي السوق ⁇ "
    },
    {
        "start":109.63409375,
        "end":115.32096875,
        "speaker":0,
        "text":"يا أستاذه لما اتخلى عن الدور ده ولعبت دور أكتر أنا مش عارف مش بقوم مبرره يعني مش بناءا مش بني آدمين مش بناءا مش بني آدمين مش بناءا مش بني آدمين مش بناءا مش بني آدمين مش بناءا مش بني آدمين مش بناءا مش بني آدمين مش بناءا مش بني آدمين مش بناءا مش بني آدمين مش بناءا مش بني آدمين مش بناءا مش بن"
    },
    {
        "start":112.70534375,
        "end":139.97534375,
        "speaker":1,
        "text":"و وهههههههههههههههههههههههههههههههههههههههههههههههههههههههههههههههههههههههههههههههههههههههههههههههههههههههههههههههههههههههههههههههههههههههههههههههههههههههههههههههههههههههههههههههههههههههههههههههههههههههههههههههههههههههههههههههههههههههههههههههههههههههههههههههههههههههههههههههههههههههههههههههههههههههههههههههههههههههههههههههههههههههههههههههههههههههههههههههههههههههههههههههههههههههههههههههههههههههههههههههههههههههههههههههههههههههههههههههههههههههههههههههههههههههههههههههههههههههههههههههههههههههههههههههههههههههههههههههههههههههههههههههههههههههههههههههههههههههههههههههههههههههههههههههههههههههههههههههههههههههههههههههههههههههههههههههههههههههههههههههههههههههههههههههههههههههههههههههههههههههه"
    },
    {
        "start":116.21534375,
        "end":116.60346875,
        "speaker":0,
        "text":"إيمي ينتهي"
    },
    {
        "start":116.85659375,
        "end":118.61159375,
        "speaker":0,
        "text":"<fil> <fil> <fil> <fil> ⁇ "
    },
    {
        "start":135.21659375,
        "end":135.89159375,
        "speaker":0,
        "text":"بيه ⁇ "
    }
]