[
    {
        "start":0.03096875,
        "end":2.42721875,
        "speaker":1,
        "text":"يوسف حسام أهلا بيك شرف لي ⁇ "
    },
    {
        "start":2.42721875,
        "end":2.51159375,
        "speaker":0,
        "text":""
    },
    {
        "start":2.86596875,
        "end":7.42221875,
        "speaker":1,
        "text":"أنا بقى أسرة العريس طبعا الفنانه ثقته في أهلا بحضرتك أهلا بحضرتك أهلا بحضرتك أهلا بحضرتك أهلا وسهلا بحضرتك ⁇ "
    },
    {
        "start":3.18659375,
        "end":3.59159375,
        "speaker":0,
        "text":"أسرة أسرة أسرة أس"
    },
    {
        "start":7.42221875,
        "end":7.72596875,
        "speaker":0,
        "text":"في كت في كت ك"
    },
    {
        "start":7.87784375,
        "end":10.94909375,
        "speaker":1,
        "text":"والفنان أحمد صيام أهلا ⁇ "
    },
    {
        "start":11.37096875,
        "end":23.97659375,
        "speaker":1,
        "text":"و العريس محمود حجازي أهلا بيك طبعا البنات كمان ردييل فإن وحشتنا جدا وإللي تمام ومنى دلال أهلا بيك يا فندم شرف لنا و بره تانيه ألف بكره ⁇ "
    }
]