[
    {
        "start":0.03096875,
        "end":24.09471875,
        "speaker":2,
        "text":"كل ما يتعلق باسماعيل ياسين و بهجه يمتعنا يستعيد ذكريات جميله وكمان يخلينا نطلع نتطلع للأمام ليه لأن إحنا بنتعلم من هذه الرموز الفنيه ما بتموتش أبدا بنعيش على الطرف الفني الجميل يعني ⁇ "
    },
    {
        "start":25.25909375,
        "end":28.09409375,
        "speaker":2,
        "text":"تحاولي تشوفي تستفيد منه يعني هنا ⁇ "
    },
    {
        "start":28.51596875,
        "end":30.01784375,
        "speaker":2,
        "text":"أنتيمي ⁇ "
    },
    {
        "start":30.08534375,
        "end":31.84034375,
        "speaker":2,
        "text":"جدك على الشاشه ⁇ "
    },
    {
        "start":32.46471875,
        "end":33.83159375,
        "speaker":2,
        "text":"<fil> <fil> ⁇ "
    },
    {
        "start":34.33784375,
        "end":47.82096875,
        "speaker":2,
        "text":"يعني بيبذلوا ويمتعنا يعني بتحاولي تشوفي تقولي لما النقط حاجه من إسماعيل ياسين لما استفيت حاجه من هذا التاريخ الناصع ⁇ "
    },
    {
        "start":48.61409375,
        "end":49.52534375,
        "speaker":0,
        "text":"<fil> <fil> <fil> <fil"
    },
    {
        "start":49.98096875,
        "end":58.31721875,
        "speaker":0,
        "text":"طبعا إحنا وإحنا صغيرين بابا كان على طول بيتفرجنا على قفله خلاص كان في فيلم مابتعرضش كتير اللي هو إسماعيل ياسمين في الجيش ⁇ "
    },
    {
        "start":54.35159375,
        "end":54.89159375,
        "speaker":1,
        "text":"<fil> <fil> "
    },
    {
        "start":58.40159375,
        "end":58.48596875,
        "speaker":0,
        "text":""
    },
    {
        "start":58.41846875,
        "end":58.80659375,
        "speaker":1,
        "text":"وي خ خ خيري خ خ"
    },
    {
        "start":58.80659375,
        "end":67.86846875,
        "speaker":0,
        "text":"و كان حريص جدا إن إحنا هنتفرج على أفلامه و كان بيكلمنا على هو في الشغل عامل إزاي ⁇ "
    },
    {
        "start":64.51034375,
        "end":64.79721875,
        "speaker":1,
        "text":"عمري مامي مام"
    },
    {
        "start":67.95284375,
        "end":89.45159375,
        "speaker":0,
        "text":"يعني كان بيقولنا إن هو كان منضبط جدا بيحب المواعيد ملتزم إن هو شخصيه في الحقيقه بجد ومثقف بيحب القريه إم الحاجات اللي كنت لما بتفرج على إسماعيل ياسين باخدها أو وركز فيها كانت ساعات في إفيهات كده إزاي ⁇ "
    },
    {
        "start":90.10971875,
        "end":93.40034375,
        "speaker":2,
        "text":"إفيهات زكي أه <fil> <fil> <fil> <fil> <fil> <fil> <fil> <fil> <fil> <fil> ⁇ "
    },
    {
        "start":91.30784375,
        "end":91.81409375,
        "speaker":0,
        "text":"أشوف في في في في في في في في في في"
    },
    {
        "start":93.40034375,
        "end":95.25659375,
        "speaker":0,
        "text":"فكان يقول مثلا حاجات كتير مثلا حاجات ⁇ "
    },
    {
        "start":95.81346875,
        "end":110.25846875,
        "speaker":0,
        "text":"وفعلا أنا الفيلم أنا مش قادره أفتكر إن الفيلم ده فيه كم إفيهات ⁇ "
    },
    {
        "start":99.40784375,
        "end":99.86346875,
        "speaker":2,
        "text":"حياتك في حياتك في حياتك"
    },
    {
        "start":100.20096875,
        "end":102.20909375,
        "speaker":2,
        "text":"<fil> <fil> <fil> <fil> <fil> <fil> <fil> <fil> <"
    },
    {
        "start":107.17034375,
        "end":108.57096875,
        "speaker":2,
        "text":"<fil> الفيلم <fil> الفيلم <fil> الفيلم <fil> الفيلم <fil> الفيلم"
    },
    {
        "start":108.57096875,
        "end":108.58784375,
        "speaker":1,
        "text":""
    },
    {
        "start":110.84909375,
        "end":119.97846875,
        "speaker":0,
        "text":"هما بيتكلموا على عشره قديم جدا بس حاجات <fil> <fil> <fil> <fil> <fil> <fil> <fil> ⁇ "
    },
    {
        "start":115.89471875,
        "end":116.41784375,
        "speaker":2,
        "text":"يعني إيه فير إيه في إيه في إيه في إيه في إيه"
    },
    {
        "start":118.64534375,
        "end":121.09221875,
        "speaker":2,
        "text":"يعني تمثل إسقاطا على الواقع يعني ⁇ "
    },
    {
        "start":121.02471875,
        "end":160.76534375,
        "speaker":0,
        "text":"ال ال الإفيهات اللي هو كان بيقولها كانت إفيهات ذكيه يعني في ناس مثلا تطلع تقول إيه إسماعيل ياسين بتاع حركات وحركات زي المغرب لأ اللي يركز هيلاقي إنه في كثير ⁇ "
    },
    {
        "start":134.84534375,
        "end":135.30096875,
        "speaker":1,
        "text":"طبعا <fil> ⁇ "
    },
    {
        "start":160.98471875,
        "end":163.17846875,
        "speaker":0,
        "text":"حياته واثقه ازاي نتيجة اليوتيوب زي نتيجة ال ⁇ "
    },
    {
        "start":161.55846875,
        "end":162.14909375,
        "speaker":2,
        "text":"في الدكاتره في بيئه في الجزئيه"
    },
    {
        "start":162.77346875,
        "end":170.24909375,
        "speaker":2,
        "text":"إن هو لبعض الثقافي ده للبعض يعتقد إنه يعني ممثل كوميدي لكن فعلا اسماعيل ياسمين لأ ⁇ "
    },
    {
        "start":170.62034375,
        "end":176.00346875,
        "speaker":2,
        "text":"إنتي جبت الجانب اللي هو التشري بالثقافه اللي في الزيت ⁇ "
    },
    {
        "start":175.48034375,
        "end":185.35221875,
        "speaker":0,
        "text":"و المسؤوليه في في بني آدم عنده مسؤوليه يعني من ضمن ليه مثلا في الآخر إشتغلت ⁇ "
    },
    {
        "start":185.45346875,
        "end":191.89971875,
        "speaker":0,
        "text":"لأنه كان عنده أسره و كان عنده في في بيوتها فاتحه أو كان ⁇ "
    },
    {
        "start":190.22909375,
        "end":193.70534375,
        "speaker":2,
        "text":"لما رجعت عليه أشرف الكبارات عائش الكباريهات ⁇ "
    },
    {
        "start":193.01346875,
        "end":197.70471875,
        "speaker":0,
        "text":"و أنا لياست أه أرجع تاني لأنه كان في عنده مسؤوليه ⁇ "
    },
    {
        "start":194.21159375,
        "end":194.98784375,
        "speaker":2,
        "text":"أه رجعت أرجع تاني أرجع تاني أرجع تاني أرجع تاني أرجع تاني"
    },
    {
        "start":197.06346875,
        "end":201.68721875,
        "speaker":2,
        "text":"إنه ميقعدش في لأن العام الماده هنا يقول لما إشتغل يعني ⁇ "
    },
    {
        "start":201.75471875,
        "end":203.59409375,
        "speaker":0,
        "text":"هو هو دي سمعته ⁇ "
    },
    {
        "start":203.77971875,
        "end":205.63596875,
        "speaker":0,
        "text":"<fil> اللي يعرفها ديلك <fil> <fil> <fil> <fil> <fil> ⁇ "
    },
    {
        "start":205.34909375,
        "end":216.60471875,
        "speaker":2,
        "text":"مكنش مهما يعني ميسرين مقالش لحضرتك إنه كان كان قصيا على إسماعيل ياسين اللي اشتغل في الكاميرات من رجليس تاني بقى عدى مصانع هذه الكوكبه <fil> <fil> <fil> <fil> <fil> <fil> <fil> <fil> <fil> <fil> <fil> <fil> <fil> <fil> <fil> <fil> <fil> <fil> <fil> <fil> <fil> <fil> <fil> <fil> <fil> <fil> <fil> <fil> <fil> <fil> <fil> <fil> <fil> <fil> <fil> <fil> <fil> <fil>"
    },
    {
        "start":216.60471875,
        "end":217.97159375,
        "speaker":1,
        "text":"و كان قاسي عليهم من قاسي عليهم من قاسي عليهمل قاسي عليهل قاسي عليهل قاسي عليه"
    },
    {
        "start":216.62159375,
        "end":217.29659375,
        "speaker":2,
        "text":"كان قيم قيم قيم قيم قيم ق"
    },
    {
        "start":217.97159375,
        "end":218.03909375,
        "speaker":2,
        "text":""
    },
    {
        "start":218.03909375,
        "end":218.88284375,
        "speaker":1,
        "text":"سياسيا ⁇ "
    },
    {
        "start":219.23721875,
        "end":236.33159375,
        "speaker":1,
        "text":"على إسماعيل ياسين نفسه في نهاية حياتنا يشتغل أه إن هو يرجع تاني يقول من النوم لكن كان هو كان لازم يشتغل ⁇ "
    },
    {
        "start":236.63534375,
        "end":242.06909375,
        "speaker":1,
        "text":"في ناس مسؤوله في حياتها منه فكان لازم يشتغل ⁇ "
    },
    {
        "start":242.49096875,
        "end":243.85784375,
        "speaker":1,
        "text":"ما كانش ينفع يقعد فين بيهدم بيهدم بيهدم بيهدم بيهدم بيه في عي"
    },
    {
        "start":243.41909375,
        "end":249.05534375,
        "speaker":2,
        "text":"الناس لازم أجيالها أتعلم من الكلام ده ⁇ "
    },
    {
        "start":249.37596875,
        "end":263.60159375,
        "speaker":2,
        "text":"والفنان فعلا لما تقعد تشوف كده الفنان اللي قبله وأمتعنا ده معقوله إنه يعني يضطر للعمل في الكباريات ويعمل ملوك تاني بعد ما عمل هذه الأفلام اللي إرتبطت بإسمه ⁇ "
    },
    {
        "start":264.14159375,
        "end":266.84159375,
        "speaker":2,
        "text":"لكن هيديك لبنان الصوره دي ⁇ "
    },
    {
        "start":267.48284375,
        "end":268.46159375,
        "speaker":2,
        "text":"أسرته ⁇ "
    },
    {
        "start":268.96784375,
        "end":276.96659375,
        "speaker":0,
        "text":"<fil> <fil> <fil> <fil> <fil> <fil> <fil> <fil> <fil> <fil> <fil> <fil> <fil> ⁇ "
    },
    {
        "start":270.06471875,
        "end":270.58784375,
        "speaker":2,
        "text":"من عمل عمل عمل عمل عمل عمل عمل عمل عمل عمل عمل عمل"
    },
    {
        "start":276.83159375,
        "end":277.21971875,
        "speaker":2,
        "text":"عيني ⁇ "
    },
    {
        "start":277.21971875,
        "end":278.97471875,
        "speaker":0,
        "text":"حتى مرحلة لبنان دي تهاجم في في هاجم في ⁇ "
    },
    {
        "start":278.97471875,
        "end":279.75096875,
        "speaker":1,
        "text":"<fil> <fil> <fil> ⁇ "
    },
    {
        "start":279.73409375,
        "end":279.97034375,
        "speaker":0,
        "text":"و هو واقع"
    },
    {
        "start":279.75096875,
        "end":281.47221875,
        "speaker":2,
        "text":"<fil> <fil> <fil> <fil> <fil> <fil> <fil> "
    },
    {
        "start":279.97034375,
        "end":291.37784375,
        "speaker":1,
        "text":"<fil> و <fil> <fil> <fil> <fil> <fil> <fil> ⁇ "
    },
    {
        "start":282.72096875,
        "end":282.73784375,
        "speaker":0,
        "text":""
    },
    {
        "start":282.73784375,
        "end":284.18909375,
        "speaker":2,
        "text":"البير اه اه اه اه اه اه اه اه اه اه اه اه اه اه اه اه اه اه اه اه اه اه اه اه اه اه اه اه اه اه اه اه اه اه"
    },
    {
        "start":290.51721875,
        "end":293.03159375,
        "speaker":2,
        "text":"وحوارات اللي رحلة لبن كان مضطرا ⁇ "
    },
    {
        "start":293.03159375,
        "end":301.82346875,
        "speaker":1,
        "text":"كل الممثلين بعد سبعه وستين المصريين طفل كلهم لبنان أه ما أنا يسمعيني فين يعني ⁇ "
    },
    {
        "start":299.54534375,
        "end":300.10221875,
        "speaker":2,
        "text":"ما يعرف ما يعرف ما يعرف ما يعرف ما ي"
    },
    {
        "start":302.51534375,
        "end":303.96659375,
        "speaker":1,
        "text":"ربنا سبحانه و تعالى ردناانه وبنانه وبنانه وبنانه وبنانه وبنانه وبنان"
    },
    {
        "start":303.24096875,
        "end":303.25784375,
        "speaker":0,
        "text":""
    },
    {
        "start":303.25784375,
        "end":303.69659375,
        "speaker":2,
        "text":"هدنه و هدنه"
    },
    {
        "start":303.69659375,
        "end":303.71346875,
        "speaker":0,
        "text":""
    },
    {
        "start":305.24909375,
        "end":311.40846875,
        "speaker":1,
        "text":"أنا بتكلم بقى بالنسبه للظروف الفنان أو الفنانين بتوع الزمن الجميل ⁇ "
    },
    {
        "start":311.76284375,
        "end":315.71159375,
        "speaker":1,
        "text":"أنا بطالب الدوله إنها لازم موضوع الحق الأداء العالميين ⁇ "
    },
    {
        "start":316.52159375,
        "end":316.53846875,
        "speaker":2,
        "text":""
    },
    {
        "start":316.53846875,
        "end":317.02784375,
        "speaker":1,
        "text":"ياال ياااااااااا"
    },
    {
        "start":316.55534375,
        "end":316.97721875,
        "speaker":2,
        "text":"<fil> <fi"
    },
    {
        "start":316.97721875,
        "end":317.36534375,
        "speaker":0,
        "text":"و هي هي و هي و هي و هي"
    },
    {
        "start":317.02784375,
        "end":318.59721875,
        "speaker":2,
        "text":"و هنا بيقلد عبد الوهاب ⁇ "
    },
    {
        "start":318.15846875,
        "end":318.47909375,
        "speaker":0,
        "text":"ب ب ب ب ب ب ب ب"
    },
    {
        "start":318.86721875,
        "end":320.35221875,
        "speaker":0,
        "text":"ميلاد إبنه ⁇ "
    },
    {
        "start":320.53784375,
        "end":321.04409375,
        "speaker":2,
        "text":"هه ⁇ "
    },
    {
        "start":321.04409375,
        "end":333.24471875,
        "speaker":0,
        "text":"إبن الوحيد و دايما بيحب كان بيحتفل بعيد ميلاد باباه في بيته ويعمل احتفال كبير و هو كان بيحب عبد الوهاب جدا و كان ف بداية حياتي و فاكره إن هيطلع ناجح عبد الرحمن ⁇ "
    },
    {
        "start":322.10721875,
        "end":322.54596875,
        "speaker":2,
        "text":"و هو واقع واقول و"
    },
    {
        "start":326.56221875,
        "end":327.18659375,
        "speaker":2,
        "text":"كتير كبير كبير كبير كبير كبير كبير كبير كبير كبير كبير كبير كبير كبير كبير"
    },
    {
        "start":333.91971875,
        "end":340.55159375,
        "speaker":0,
        "text":"<fil> أنا اللي هو بيقلد عبد الوهاب في عيد ميلاد إبنه يعني بعد ما بقى نجم ⁇ "
    },
    {
        "start":334.02096875,
        "end":334.54409375,
        "speaker":2,
        "text":"هنا هي هي هي هي هي هي هي هي هي هي هي هي"
    },
    {
        "start":334.71284375,
        "end":335.79284375,
        "speaker":2,
        "text":"<fil> <fil> <fil> <fil> <f"
    },
    {
        "start":339.85971875,
        "end":340.50096875,
        "speaker":2,
        "text":"نجم مش نجم نجم نجم نجم نجم نجم ن"
    },
    {
        "start":341.36159375,
        "end":344.93909375,
        "speaker":2,
        "text":"<fil> وفعلا كان بيغني يعني <fil> وفعلا كان بيغني يعني <fil> <fil> يعني <fil> <fil> <fil> ⁇ "
    },
    {
        "start":344.36534375,
        "end":344.97284375,
        "speaker":0,
        "text":"و كان في تنفيذها و كان في تنفيذ"
    },
    {
        "start":344.97284375,
        "end":345.02346875,
        "speaker":1,
        "text":""
    },
    {
        "start":345.02346875,
        "end":345.24284375,
        "speaker":0,
        "text":"وده ودهده"
    },
    {
        "start":345.24284375,
        "end":347.97659375,
        "speaker":1,
        "text":"<fil> <fil> <fil> <fil> <fil> <fil> ⁇ "
    },
    {
        "start":345.79971875,
        "end":345.86721875,
        "speaker":0,
        "text":""
    },
    {
        "start":345.86721875,
        "end":345.90096875,
        "speaker":2,
        "text":""
    },
    {
        "start":345.90096875,
        "end":346.86284375,
        "speaker":0,
        "text":"هايلها هايلها هايلها هايلها ⁇ "
    },
    {
        "start":348.56721875,
        "end":351.73971875,
        "speaker":1,
        "text":"<fil> <fil> <fil> <fil> <fil> <fil> <fil> <fil> <fil> <fil> <fil> <fil> <fil> "
    },
    {
        "start":348.66846875,
        "end":349.25909375,
        "speaker":2,
        "text":"نقطة النائب النائب الدينيه"
    },
    {
        "start":350.32221875,
        "end":351.26721875,
        "speaker":2,
        "text":"عبد الوهاب ⁇ "
    },
    {
        "start":352.26284375,
        "end":369.17159375,
        "speaker":2,
        "text":"و هو محمد رمضان اعتذر بعد كده لما قال أفلام إسماعيل ياسين أسائت لباندي المصري يعني بس هو ⁇ "
    },
    {
        "start":353.05596875,
        "end":353.10659375,
        "speaker":1,
        "text":""
    },
    {
        "start":355.31721875,
        "end":356.48159375,
        "speaker":1,
        "text":"<fil> <fil> <fil> <fil> <fil"
    },
    {
        "start":367.75409375,
        "end":368.47971875,
        "speaker":1,
        "text":"هو والدته والدته والدته والدته وال"
    },
    {
        "start":369.17159375,
        "end":373.35659375,
        "speaker":1,
        "text":"أنا بسبب يعني الموضوع ده أنا بطالب ⁇ "
    },
    {
        "start":374.03159375,
        "end":381.96284375,
        "speaker":1,
        "text":"سيادة الريس السيسي إنه نكرر إسماعيل ياسين وخاصة بعيد الفن ليه لأني إسماعيل ياسين ⁇ "
    },
    {
        "start":380.51159375,
        "end":381.05159375,
        "speaker":0,
        "text":"لأنه يستفيد يسيسي يس"
    }
]