[
    {
        "start":0.03096875,
        "end":26.96346875,
        "speaker":1,
        "text":"حركه أنا سعيده جدا إن إنت مجهود معانا مبروك و أرحب بقى بيه حسن أبو الروس دور برضو المحامي اللي يعني عز المحامين اللي إحنا شفناه على فكره في أفلام تانيه كتير بس بيشوفوا ال المحامين اللي يعني عز المحامين اللي إحنا شفناه على فكره في أفلام تانيه كتير بس بيونيو المحامي اللي يعني عز المحامين اللي إحنا شفناه على فكره في أفلام تانيه كتير بس بيعاذوا المحامين اللي إحنا شفناه على فكره في أفلام تانيه كتير بس بي ⁇ "
    },
    {
        "start":6.34221875,
        "end":7.06784375,
        "speaker":0,
        "text":"<fil> <fil> <fil>"
    },
    {
        "start":11.72534375,
        "end":11.74221875,
        "speaker":3,
        "text":""
    },
    {
        "start":11.74221875,
        "end":11.97846875,
        "speaker":0,
        "text":"يا ماما يا ماما"
    },
    {
        "start":11.97846875,
        "end":12.02909375,
        "speaker":3,
        "text":""
    },
    {
        "start":12.02909375,
        "end":12.97409375,
        "speaker":0,
        "text":"اللي هي طاهر اللي هي طاهر اللي هي طاهر اللي هي طاه"
    },
    {
        "start":12.97409375,
        "end":13.17659375,
        "speaker":3,
        "text":"و و و و و"
    },
    {
        "start":16.01159375,
        "end":16.38284375,
        "speaker":3,
        "text":"وراح وراح وراح"
    },
    {
        "start":16.38284375,
        "end":16.43346875,
        "speaker":2,
        "text":""
    }
]