[
    {
        "start":0.03096875,
        "end":0.55409375,
        "speaker":0,
        "text":"طيب ⁇ "
    },
    {
        "start":0.90846875,
        "end":2.30909375,
        "speaker":0,
        "text":"<fil> ⁇ "
    },
    {
        "start":2.71409375,
        "end":14.96534375,
        "speaker":0,
        "text":"ههههههههههههههههههههههههههههههههههههههههههههههههههههههههههههههههههههههههههههههه ⁇ "
    },
    {
        "start":13.24409375,
        "end":14.62784375,
        "speaker":1,
        "text":"جديده أوريه أوريه أوريه أوريه أوريه أوريه أوريه أوريه أوريه أوريه أوري"
    },
    {
        "start":15.40409375,
        "end":15.84284375,
        "speaker":0,
        "text":"بالظبط ابتدت تتظبط تت"
    },
    {
        "start":16.31534375,
        "end":22.33971875,
        "speaker":0,
        "text":"الحمد لله ربنا أكرمنا بمجموعة عمل مميزه جدا جدا جدا جدا ⁇ "
    },
    {
        "start":22.86284375,
        "end":29.15721875,
        "speaker":0,
        "text":"و <fil> من أول <fil> <fil> <fil> <fil> <fil> <fil> <fil> <fil> <fil> <fil> <fil> <fil> <fil> <fil> <fil> <fil> <fil> <fil> <fil> <fil> <fil> <fil> <fil> <fil> <fi"
    },
    {
        "start":29.76471875,
        "end":32.97096875,
        "speaker":0,
        "text":"اللي على شغله أكتر من مدير التصوير مش الاحتلاح مدير التصوير مش الاحتلاح و مدير التصوير مش الاحتلاح و مدير التصوير مش الاحتلاح و مدير التصوير مش الاحتلاح و مدير التص"
    }
]