[
    {
        "start":0.03096875,
        "end":4.11471875,
        "speaker":0,
        "text":"فكرة التوحد عشان ميبقاش بقدم فعلا نموذج غلط ⁇ "
    },
    {
        "start":5.16096875,
        "end":8.72159375,
        "speaker":0,
        "text":"يعني لو هو اللي هو شخصيه عاديه فأنا مسؤول عن ⁇ "
    },
    {
        "start":8.85659375,
        "end":11.16846875,
        "speaker":0,
        "text":"عنها كشخصيه أنا اللي بكريتها ⁇ "
    },
    {
        "start":11.62409375,
        "end":19.08284375,
        "speaker":0,
        "text":"ما عنديش شخصيه موجوده في المجتمع فقدت بس كنت خايف من مسئولية إن أنا أقدمها بشكل صح أو بشكل تفاصيل إتعلمت ⁇ "
    },
    {
        "start":17.59784375,
        "end":19.20096875,
        "speaker":1,
        "text":"اتعلمت ازاي ازايلي إتعلمت إزاي إزاي إتعلمت إزاي إزاي ⁇ "
    },
    {
        "start":20.66909375,
        "end":30.96284375,
        "speaker":0,
        "text":"في البدايه أنا يعني بدأت أنا كان أول سؤال عندنا هو فين في في الاستوديو لأن أنا أول سؤال سألته وإت واحد أصلا إم فدخلت شويه ⁇ "
    },
    {
        "start":28.81971875,
        "end":29.00534375,
        "speaker":1,
        "text":"فاطته"
    }
]