[
    {
        "start":0.03096875,
        "end":2.07284375,
        "speaker":0,
        "text":"<fil> <fil> من كذا ⁇ "
    },
    {
        "start":2.52846875,
        "end":7.59096875,
        "speaker":0,
        "text":"فكنت ساعات كتير بالناركن الورق و بيقولي معنى الكلام ⁇ "
    },
    {
        "start":7.64159375,
        "end":8.16471875,
        "speaker":1,
        "text":"فين فين فين فين فين فين في"
    },
    {
        "start":7.70909375,
        "end":7.72596875,
        "speaker":0,
        "text":""
    },
    {
        "start":7.82721875,
        "end":9.97034375,
        "speaker":0,
        "text":"يمكن ده اللي خلاها الحقيقيه أو المواقعه أو المواقعه أو المواقعه أو المواقعه أو المواقعه أو المواقعه أو المواقعه أو"
    }
]