[
    {
        "start":0.03096875,
        "end":1.87034375,
        "speaker":1,
        "text":"مصري خير أهو موجود هناك أهو ⁇ "
    },
    {
        "start":2.22471875,
        "end":5.61659375,
        "speaker":1,
        "text":"و الله يوم السبت القادم إن شاء الله بإذن الله ⁇ "
    },
    {
        "start":5.81909375,
        "end":9.68346875,
        "speaker":1,
        "text":"هنشوف إزاي هنقدر نوصلهم بشكل مباشر لكن الأجهزه كلها موجوده معانا ⁇ "
    },
    {
        "start":9.97034375,
        "end":12.34971875,
        "speaker":1,
        "text":"صديقاتنا في دي أمسي ⁇ "
    },
    {
        "start":13.61534375,
        "end":17.93534375,
        "speaker":1,
        "text":"<fil> <fil> <fil> <fil> <fil> <fil> ⁇ "
    },
    {
        "start":14.98221875,
        "end":16.02846875,
        "speaker":0,
        "text":"بسم الله الرحمن الرحيم بسم الله الرحمن الرحيم بسم الله الرحمن"
    },
    {
        "start":16.02846875,
        "end":16.28159375,
        "speaker":2,
        "text":"عن رعاية ع"
    },
    {
        "start":16.28159375,
        "end":16.95659375,
        "speaker":0,
        "text":"<fil> ⁇ "
    },
    {
        "start":17.93534375,
        "end":18.03659375,
        "speaker":0,
        "text":""
    },
    {
        "start":18.13784375,
        "end":26.62596875,
        "speaker":0,
        "text":"<fil> <fil> <fil> <fil> <fil> <fil> <fil> <fil> <fil> <fil> ⁇ "
    },
    {
        "start":26.87909375,
        "end":28.46534375,
        "speaker":2,
        "text":"الله يا رب لازم ⁇ "
    },
    {
        "start":28.90409375,
        "end":28.92096875,
        "speaker":2,
        "text":""
    },
    {
        "start":30.01784375,
        "end":30.96284375,
        "speaker":2,
        "text":"<fil> <fil> <fil> <fil"
    },
    {
        "start":30.96284375,
        "end":31.26659375,
        "speaker":0,
        "text":"إيمان إيمان إيه"
    },
    {
        "start":31.26659375,
        "end":31.38471875,
        "speaker":2,
        "text":""
    },
    {
        "start":31.62096875,
        "end":31.97534375,
        "speaker":2,
        "text":"و هواها واقعيه"
    },
    {
        "start":31.97534375,
        "end":32.02596875,
        "speaker":0,
        "text":""
    },
    {
        "start":32.02596875,
        "end":32.93721875,
        "speaker":1,
        "text":"<fil> <fil> <fil> <fil"
    },
    {
        "start":32.93721875,
        "end":32.95409375,
        "speaker":0,
        "text":""
    },
    {
        "start":32.95409375,
        "end":33.20721875,
        "speaker":1,
        "text":"أص أص أص"
    },
    {
        "start":33.46034375,
        "end":34.69221875,
        "speaker":1,
        "text":"وعظيمين بس الصواريخ الصواريخ الصواريخ الصواريخ الصواريخ الصواريخ"
    },
    {
        "start":34.84409375,
        "end":40.39596875,
        "speaker":2,
        "text":"شوفي لأن أنا عايز أقول حاجه بس مختصره كده وبسيطه ودايما أن أنا عن نفسي ⁇ "
    },
    {
        "start":40.61534375,
        "end":56.96721875,
        "speaker":2,
        "text":"التجارب اللي أنا قدرت أخدها في حياتي من الناحيه الفنيه إن أنا لما بدخل عمل بيبقى في حب يبقى في توافق لن سواء من شركة إنتاج بتوصل لك كل حاجه أنا مش بتكلم على شركة الإنتاج عشان هما انتاجوا هذا العمل فقط لكن هو فعلا يستحق ده كانوا ⁇ "
    }
]