[
    {
        "start":0.03096875,
        "end":1.76909375,
        "speaker":0,
        "text":"لما بيحصل الجواز ⁇ "
    },
    {
        "start":2.03909375,
        "end":8.41784375,
        "speaker":0,
        "text":"هي ولاديين بيبقوا عايشين مع بعض فبتبدأ بقى تشوف إن هو لأ هو شخص أنا فعلا ممكن أحب ⁇ "
    },
    {
        "start":8.65409375,
        "end":9.78471875,
        "speaker":0,
        "text":"وعشره ⁇ "
    },
    {
        "start":9.90284375,
        "end":12.09659375,
        "speaker":0,
        "text":"وكمل يعني هيعمل رسول الله صلى الله عليه وسلم عليه الصلاة والسلام ⁇ "
    },
    {
        "start":11.11784375,
        "end":21.20909375,
        "speaker":2,
        "text":"هي عماله أصولها في المسلسل سوريا و فلسطيني أه إنتي فيكي أي عرق كده أنا أصلا سوريا أه فعلا أه أنا قولت برضو البياض و الحاله ⁇ "
    },
    {
        "start":13.42971875,
        "end":14.37471875,
        "speaker":0,
        "text":"و فلسطينيين ⁇ "
    },
    {
        "start":21.20909375,
        "end":21.59721875,
        "speaker":0,
        "text":"بسرعه بسرعه بس"
    },
    {
        "start":21.59721875,
        "end":25.88346875,
        "speaker":1,
        "text":"<fil> <fil> ⁇ "
    },
    {
        "start":21.63096875,
        "end":21.64784375,
        "speaker":0,
        "text":""
    },
    {
        "start":21.66471875,
        "end":21.85034375,
        "speaker":0,
        "text":"أستاذه أستاذه"
    },
    {
        "start":22.28909375,
        "end":23.03159375,
        "speaker":0,
        "text":"<fil> <fil> <fil>"
    },
    {
        "start":23.03159375,
        "end":23.36909375,
        "speaker":2,
        "text":"طبقائقائق"
    },
    {
        "start":23.36909375,
        "end":23.43659375,
        "speaker":0,
        "text":""
    },
    {
        "start":23.43659375,
        "end":23.55471875,
        "speaker":2,
        "text":""
    },
    {
        "start":23.55471875,
        "end":23.87534375,
        "speaker":0,
        "text":"فقولتلها ه"
    },
    {
        "start":23.87534375,
        "end":23.92596875,
        "speaker":2,
        "text":""
    },
    {
        "start":23.92596875,
        "end":24.07784375,
        "speaker":0,
        "text":""
    },
    {
        "start":25.32659375,
        "end":26.57534375,
        "speaker":2,
        "text":"<fil> <fil> ⁇ "
    },
    {
        "start":25.88346875,
        "end":32.26221875,
        "speaker":0,
        "text":"<fil> <fil> <fil> <fil> <fil> <fil> <fil> <fil> <fil> <fil> <fil> <fil> <fil> <fil> <fil> <fil> <fil> <fil> <fil> <fil> <fil> ⁇ "
    },
    {
        "start":27.77346875,
        "end":27.79034375,
        "speaker":2,
        "text":""
    },
    {
        "start":31.63784375,
        "end":32.07659375,
        "speaker":2,
        "text":"عامله كام كفايه كفايه"
    },
    {
        "start":32.85284375,
        "end":54.94221875,
        "speaker":2,
        "text":"وقام بقى يعني وأنا بشوفها دلوقتي قولتلها إنتي صغيره جدا ليه شكلها طبعا الميكروب واضح إنه الشخصيه عشان يكبروها ويعملها في الأربعينات مش فاهمه إيمانها ⁇ "
    },
    {
        "start":45.94784375,
        "end":48.24284375,
        "speaker":1,
        "text":"حلوه و الله مش قصدي إن حياتك <fil> <fil> <fil> <fil> ⁇ "
    },
    {
        "start":48.96846875,
        "end":50.20034375,
        "speaker":1,
        "text":"وعايزين ننهي النقطه دي ⁇ "
    },
    {
        "start":53.49096875,
        "end":55.97159375,
        "speaker":1,
        "text":"<fil> <fil> <fil> <fil> <fil> <fil> <fil> <fil> <fil> <fil> بس ب"
    },
    {
        "start":57.76034375,
        "end":57.81096875,
        "speaker":0,
        "text":""
    },
    {
        "start":57.81096875,
        "end":69.35346875,
        "speaker":2,
        "text":"<fil> <fil> <fil> <fil> <fil> <fil> <fil> <fil> ⁇ "
    },
    {
        "start":58.30034375,
        "end":61.57409375,
        "speaker":1,
        "text":"<fil> <fil> <fil> <fil> <fil> <fil> ⁇ "
    },
    {
        "start":61.57409375,
        "end":61.64159375,
        "speaker":0,
        "text":""
    },
    {
        "start":68.74596875,
        "end":82.51596875,
        "speaker":1,
        "text":"<fil> <fil> <fil> <fil> <fil> <fil> <fil> <fil> <fil> <fil> <fil> <fil> <fil> <fil> <fil> <fil> <fil> <laugh> ⁇ "
    },
    {
        "start":83.07284375,
        "end":86.41409375,
        "speaker":1,
        "text":"ده كان حاجه مقصوده إن أنا يبقى شكلي أكبر من عايز طول الوقت ⁇ "
    },
    {
        "start":87.15659375,
        "end":93.72096875,
        "speaker":1,
        "text":"بس معرفش بقى بس يعني تمام يعني مكنش عندي مشكله يعني أربعينات خمسه ⁇ "
    },
    {
        "start":92.64096875,
        "end":94.00784375,
        "speaker":2,
        "text":"مشاريع معايا ⁇ "
    },
    {
        "start":94.09221875,
        "end":95.96534375,
        "speaker":1,
        "text":"أنا بس عايز أقول طبعا إنتو تعرفوا الكوره ⁇ "
    },
    {
        "start":95.96534375,
        "end":102.96846875,
        "speaker":2,
        "text":"<fil> يعني مسلسل عائله موضوع <fil> <fil> <fil> <fil> يعني مسلسل عقلي موضوع <fil> <fil> <fil> يعني مسلسل عقلي موضوع <fil> <fil> <fil> <fil> يعني مسلسل عقلي موضوع <fil> ⁇ "
    },
    {
        "start":102.36096875,
        "end":102.96846875,
        "speaker":0,
        "text":"يا إيمي يا إيمي يا إيمي"
    }
]