[
    {
        "start":0.03096875,
        "end":0.70596875,
        "speaker":0,
        "text":"بيه بي بي بي بي بي بي بي بي بي بي بي بي بي بي بي"
    },
    {
        "start":0.70596875,
        "end":1.12784375,
        "speaker":1,
        "text":"بيضد ده بيضه ده بيض"
    },
    {
        "start":1.12784375,
        "end":1.44846875,
        "speaker":0,
        "text":"حتى لابد تتهد"
    },
    {
        "start":2.10659375,
        "end":3.00096875,
        "speaker":0,
        "text":"خالص ⁇ "
    },
    {
        "start":3.38909375,
        "end":6.25784375,
        "speaker":0,
        "text":"أنا ساعتها أروح الحفله في القصه جامده و يعني مش عايز أروح الحفله في القصه جنبه يعني ⁇ "
    },
    {
        "start":3.76034375,
        "end":3.96284375,
        "speaker":1,
        "text":"يا أستاذه ياه"
    },
    {
        "start":6.94971875,
        "end":12.78846875,
        "speaker":1,
        "text":"عشان تعرف مثلا إسماعيل ياسين وشكوك وكل الفنانين الكبار دول ⁇ "
    },
    {
        "start":9.02534375,
        "end":9.27846875,
        "speaker":0,
        "text":"عمري ماضي ما"
    },
    {
        "start":13.10909375,
        "end":24.17909375,
        "speaker":1,
        "text":"كانوا جزء من أداءهم غير المونولوجي اللي كان بيتعمل كان بيبقى في كذا حاجه كده في الأول كأنها نقطه ⁇ "
    },
    {
        "start":18.69471875,
        "end":18.91409375,
        "speaker":0,
        "text":"أه ب أه طبعا أه"
    },
    {
        "start":18.96471875,
        "end":19.08284375,
        "speaker":0,
        "text":""
    },
    {
        "start":20.90534375,
        "end":21.29346875,
        "speaker":0,
        "text":"يب ب ب ب ب ب ب ب ب"
    },
    {
        "start":23.87534375,
        "end":26.96346875,
        "speaker":0,
        "text":"و كمان العظيم أستاذ سمير غانم طيب تعظيم الأستاذ سمير غانم طيب تعظيم الأستاذ سمير غانم طيب تعظيم الأستاذ سمير غانم تعظيم الأستاذ سمير غانم ⁇ "
    },
    {
        "start":26.81159375,
        "end":26.96346875,
        "speaker":1,
        "text":""
    }
]