[
    {
        "start":0.03096875,
        "end":11.97846875,
        "speaker":0,
        "text":"تاني على حياة جيلي وأتمنى إنه جيل الجديد يقرأ صلاح جاهين كان صلاح جاهين يا جماعه ده مصر صلاح جاهين ده بيغزل كل المشاعر المصريه ⁇ "
    },
    {
        "start":4.68846875,
        "end":5.80221875,
        "speaker":1,
        "text":"صلاح جاهين نيلي نيلي دي نيلي دي نيلي ديني نيلي دي نيلي"
    }
]