[
    {
        "start":0.03096875,
        "end":0.68909375,
        "speaker":1,
        "text":"الآخر ⁇ "
    },
    {
        "start":1.16159375,
        "end":3.03471875,
        "speaker":1,
        "text":"في وسط تصريح لا اللي تزعل مني في حياتك زعلان مني في حياتك زعلان مني في حياتك زعلان مني في حياتك زعلان"
    },
    {
        "start":3.03471875,
        "end":6.17346875,
        "speaker":0,
        "text":"<fil> <fil> <fil> <fil> <fil> <fil> ⁇ "
    },
    {
        "start":6.27471875,
        "end":11.84346875,
        "speaker":2,
        "text":"<fil> <fil> <fil> <fil> <fil> <fil> <fil> <fil> <fil> <fil> <fil> <fil> <fil> <fil> <fil> <fil> <fil> <fil> <fil> <fil> <fil> <fil> <fil> "
    },
    {
        "start":12.06284375,
        "end":14.93159375,
        "speaker":0,
        "text":"غالبا المشاهد بيبقى فيها كلنا كل العدل المشاهد بيبقى فيها كلنا كل العدل ⁇ "
    },
    {
        "start":14.67846875,
        "end":15.35346875,
        "speaker":2,
        "text":"مكتب ⁇ "
    },
    {
        "start":15.35346875,
        "end":17.53034375,
        "speaker":0,
        "text":"<fil> <fil> <fil> <fil> <fil> <fil> <fil> <fil> <fil>"
    },
    {
        "start":15.79221875,
        "end":21.14159375,
        "speaker":2,
        "text":"بيبقى <fil> في حد بيسقط حد يقولي حاجه أو حد بتحصل حاجه ⁇ "
    },
    {
        "start":21.58034375,
        "end":22.03596875,
        "speaker":2,
        "text":"إسمه و و و و و و و و و"
    },
    {
        "start":22.03596875,
        "end":24.97221875,
        "speaker":1,
        "text":"<fil> <fil> <fil> <fil> <fil> <fil> <fil> <fil> <fil> <fil> <fil> ⁇ "
    },
    {
        "start":22.84596875,
        "end":23.52096875,
        "speaker":2,
        "text":"مساء الخير مساء الخير مساء الخير مساء الخير مساء الخير مساء"
    },
    {
        "start":24.97221875,
        "end":25.34346875,
        "speaker":2,
        "text":"مارر مارر مارر"
    },
    {
        "start":25.34346875,
        "end":25.36034375,
        "speaker":1,
        "text":""
    },
    {
        "start":25.91721875,
        "end":31.16534375,
        "speaker":0,
        "text":"الخناقه أه خناقه اللي هو اللي اتعرض ده اللي هو كان فيه كذا حاجه بقى ⁇ "
    },
    {
        "start":29.81534375,
        "end":33.03846875,
        "speaker":2,
        "text":"<fil> بيحاول يضحك على مدينه ⁇ "
    },
    {
        "start":34.54034375,
        "end":39.02909375,
        "speaker":2,
        "text":"يعني إنت لسه عريش جديد مشكله في الحمايه الاجتماعيه محمد ⁇ "
    },
    {
        "start":37.37534375,
        "end":44.63159375,
        "speaker":0,
        "text":"<fil> <fil> <fil> <fil> <fil> ⁇ "
    },
    {
        "start":42.53909375,
        "end":54.33471875,
        "speaker":2,
        "text":"<fil> <fil> <fil> <fil> <fil> <fil> <fil> <fil> <fil> <fil> <fil> <fil> <fil> <fil> <fil> <fil> ⁇ "
    },
    {
        "start":45.03659375,
        "end":46.80846875,
        "speaker":0,
        "text":"<fil> <fil> <fil> <fil> <fil> <fil> <fil> <"
    },
    {
        "start":50.26784375,
        "end":51.48284375,
        "speaker":0,
        "text":"<fil> <fil> <fil> <fil> <fil>"
    },
    {
        "start":52.79909375,
        "end":53.92971875,
        "speaker":0,
        "text":"سامح الزعيميهميهميه ميه وسبعين ثانيه ميه ميه م"
    },
    {
        "start":55.58346875,
        "end":58.01346875,
        "speaker":2,
        "text":"طب وهذه اللحظه دي تتأمين بحيث إن اللحظه دي تتأمين بحيث إن اللحظه دي تتأمينها ⁇ "
    },
    {
        "start":55.88721875,
        "end":57.96284375,
        "speaker":0,
        "text":"<fil> <fil> <fil> <fil> <fil> <fil> <fil> <fil> <fi"
    },
    {
        "start":58.95846875,
        "end":59.54909375,
        "speaker":2,
        "text":"كتيره جدا فييره كتيره كتيره كتيره كتيره جدا"
    },
    {
        "start":60.30846875,
        "end":64.44284375,
        "speaker":2,
        "text":"<fil> ما فيش و لا صوره بتضحك لا لا لا لا لا لا لا لا لا لا لا لا لا لا لا لا ما فيش و لا صوره بتحكي ⁇ "
    },
    {
        "start":62.83971875,
        "end":68.17221875,
        "speaker":0,
        "text":"<fil> <fil> <fil> <fil> <fil> <fil> <fil> <fil> <fil> <fil> <fil> <fil> ⁇ "
    },
    {
        "start":68.07096875,
        "end":71.74971875,
        "speaker":2,
        "text":"<fil> البنت بتضحك <fil> البنت بتضحك <fil> البنت بتضحك <fil> <fil> البنت بتضحك <fil> البنت بتضحك <fil> البنت بتضحك <fil> البنت بتضحك <fil> البنت بتضحك <fil>"
    },
    {
        "start":71.74971875,
        "end":72.52596875,
        "speaker":0,
        "text":"جايبين ⁇ "
    },
    {
        "start":72.52596875,
        "end":73.55534375,
        "speaker":2,
        "text":"تاني ممكن يواكب تاني ممكن يواكب تاني ممكن يواكب تاني ممكن يواكب تاني"
    },
    {
        "start":72.96471875,
        "end":74.34846875,
        "speaker":0,
        "text":"باكدج فيديان ⁇ "
    },
    {
        "start":74.34846875,
        "end":74.60159375,
        "speaker":2,
        "text":"واقع وا"
    },
    {
        "start":74.60159375,
        "end":75.90096875,
        "speaker":0,
        "text":"<fil> <fil> ⁇ "
    },
    {
        "start":75.22596875,
        "end":75.59721875,
        "speaker":2,
        "text":"وطاك وطكه و"
    },
    {
        "start":75.90096875,
        "end":75.96846875,
        "speaker":2,
        "text":""
    },
    {
        "start":75.96846875,
        "end":76.10346875,
        "speaker":0,
        "text":""
    },
    {
        "start":76.10346875,
        "end":76.15409375,
        "speaker":2,
        "text":""
    },
    {
        "start":76.15409375,
        "end":76.18784375,
        "speaker":0,
        "text":""
    },
    {
        "start":76.18784375,
        "end":76.28909375,
        "speaker":2,
        "text":""
    },
    {
        "start":76.96409375,
        "end":76.98096875,
        "speaker":2,
        "text":""
    },
    {
        "start":76.99784375,
        "end":79.52909375,
        "speaker":2,
        "text":"<fil> <fil> <fil> <fil> <fil> <fil> <fil> شوفت إزاي ده ⁇ "
    },
    {
        "start":79.52909375,
        "end":81.77346875,
        "speaker":0,
        "text":"أهو نضحك أه ما هو الصوره اللي هي الصوره اللي هي الصوره اللي هي الصوره اللي هي الصوره اللي هي الصوره اللي هي الصوره اللي هي الصوره اللي هي الصوره اللي هي الصوره اللي"
    },
    {
        "start":80.55846875,
        "end":83.22471875,
        "speaker":2,
        "text":"و الصوره الوحيده اللي بتضحك فيها تراث لا لا لا لا لا لا لا لا لا لا لا لا لا لا لا لا لا لا لا لا لا لا لا لا لا لا لا لا لا لا لا لا لا لا لا لا لا لا لا لا لا لا لا لا لا لا لا لا لا لا لا"
    },
    {
        "start":82.95471875,
        "end":88.00034375,
        "speaker":0,
        "text":"و الله الصور بس في شوار كريزمه <fil> <fil> <fil> <fil> <fil> <fil> <fil> <fil> <fil> <fil> <fil> <fil> <fil> <fil> <fil> <fil> <fil> <fil> كاريس أه"
    },
    {
        "start":86.14409375,
        "end":86.75159375,
        "speaker":2,
        "text":"أهم حاجه أهم أهم أهم أهم أهم أهم"
    },
    {
        "start":87.62909375,
        "end":90.16034375,
        "speaker":2,
        "text":"يقولك المساور الديني بقى فقولتلها <fil> <fil> <fil> <fil> <fil> ⁇ "
    },
    {
        "start":89.23221875,
        "end":90.93659375,
        "speaker":0,
        "text":"ثانيه واحده كده أه أه ⁇ "
    },
    {
        "start":91.15596875,
        "end":91.54409375,
        "speaker":2,
        "text":"عمرك ما تتركبك ما"
    },
    {
        "start":91.18971875,
        "end":93.48471875,
        "speaker":0,
        "text":"عامة حلمي معاها في اللييت <fil> اللي <fil> اللي <fil> ⁇ "
    },
    {
        "start":93.43409375,
        "end":95.13846875,
        "speaker":2,
        "text":"لكن يعني <fil> يعني <fil> يعني ⁇ "
    },
    {
        "start":95.52659375,
        "end":100.01534375,
        "speaker":2,
        "text":"إنت لسه صغير حاسس إنه حاله وقت الزواج يعني وكده ⁇ "
    },
    {
        "start":100.01534375,
        "end":104.90909375,
        "speaker":0,
        "text":"<fil> <fil> <fil> <fil> <fil> <fil> <fil> <fil> <fil> <fil> <fil> <fil> <fil> <fil> <fil> <fil> <fil> <fil> <fil> بيضايقني جدا أنا مش صغيره"
    },
    {
        "start":105.73596875,
        "end":106.41096875,
        "speaker":0,
        "text":"عايزاك تاك تاك تاك تاك تك"
    },
    {
        "start":105.93846875,
        "end":106.98471875,
        "speaker":2,
        "text":"حضرتك كام سنه ⁇ "
    },
    {
        "start":106.98471875,
        "end":107.87909375,
        "speaker":0,
        "text":"واحد وتلاتينن أهو واحد وتلاتين ⁇ "
    },
    {
        "start":107.79471875,
        "end":110.71409375,
        "speaker":2,
        "text":"<fil> <fil> <fil> <fil> <fil> <fil> <fil> <fil> <fil> <fil> <fil> ماشي في البيت ⁇ "
    },
    {
        "start":110.02221875,
        "end":111.32159375,
        "speaker":0,
        "text":"بسيطه صغيره جدا جدا جدا جدا جدا جدا جدا جدا ⁇ "
    },
    {
        "start":111.32159375,
        "end":114.61221875,
        "speaker":2,
        "text":"<fil> كشف  جيم ⁇ "
    },
    {
        "start":114.83159375,
        "end":114.89909375,
        "speaker":2,
        "text":""
    },
    {
        "start":114.89909375,
        "end":118.15596875,
        "speaker":0,
        "text":"<fil> <fil> <fil> <fil> ⁇ "
    },
    {
        "start":115.18596875,
        "end":115.42221875,
        "speaker":2,
        "text":"ورياير ياري"
    },
    {
        "start":115.57409375,
        "end":120.61971875,
        "speaker":2,
        "text":"<fil> <fil> <fil> <fil> <fil> <fil> <fil> <fil> ⁇ "
    },
    {
        "start":120.36659375,
        "end":145.07159375,
        "speaker":0,
        "text":"أي نعرف بعض من أربع سنين و هي بتشتغل و هي بتشتغل <fil> ⁇ "
    },
    {
        "start":146.32034375,
        "end":150.28596875,
        "speaker":0,
        "text":"<fil> يعني فاهم في <fil> يعني فاهم في <fil> يعني فاهم في <fil> يعني فاهم في <fil> يعني فاهم في <fil> يعني فاهم في <fil> يعني فاهم في <fil> يعني فاهم في <fil> يعني فاهم في <fil> يعني فاهم في ال في اللي أنا بعمله مش ريت"
    },
    {
        "start":148.69971875,
        "end":149.20596875,
        "speaker":2,
        "text":"اللي أنا ب ب ب ب ب ب ب ب ب ب"
    },
    {
        "start":150.06659375,
        "end":151.72034375,
        "speaker":2,
        "text":"تدعمك يعني إم جدا جدا جدا جدا جدا جدا جدا جدا جدا جدا جدا جدا جدا جدا جدا جدا جدا جدا جدا جدا جدا جدا جدا جدا جدا جدا جدا جدا جدا جدا جدا جدا جدا جدا جدا"
    },
    {
        "start":151.21409375,
        "end":153.30659375,
        "speaker":0,
        "text":"جدا جدا جدا أه أصعب حاجه سيبكه أصعب حاجه سيبك أصعب حاجه سيبكه أصعب حاجه سيبك أصعب حاجه سيبكه أصعب حاجه سيبك أصعب حاجه سيبك أصعب حاجه"
    },
    {
        "start":152.37846875,
        "end":153.88034375,
        "speaker":2,
        "text":"أصعب حاجه في الجواز إيه ⁇ "
    },
    {
        "start":154.58909375,
        "end":161.52471875,
        "speaker":0,
        "text":"<fil> <fil> <fil> <fil> <fil> <fil> <fil> <fil> <fil> <fil> <fil> <fil> <fil> <fil> <fil> <fil> <fil> <fil> <fil> <fil> <fil> <fil> <fil> <fil> <fil> <fil> <fil> <fil> <fil"
    },
    {
        "start":156.86721875,
        "end":157.06971875,
        "speaker":2,
        "text":"مام ما ما ما"
    },
    {
        "start":162.46971875,
        "end":171.97034375,
        "speaker":0,
        "text":"<fil> <fil> <fil> <fil> <fil> <fil> <fil> <fil> ⁇ "
    },
    {
        "start":167.56596875,
        "end":167.97096875,
        "speaker":1,
        "text":"لا لا لا لا لا لا لا لا لا لا"
    },
    {
        "start":168.00471875,
        "end":168.76409375,
        "speaker":2,
        "text":"<fil> ولا <fil> <fil>"
    },
    {
        "start":168.76409375,
        "end":168.83159375,
        "speaker":1,
        "text":""
    },
    {
        "start":170.78909375,
        "end":171.49784375,
        "speaker":2,
        "text":"يعني إحنا بقينا إحنا بقينا إحنا بقينا إحنا"
    },
    {
        "start":171.97034375,
        "end":172.20659375,
        "speaker":1,
        "text":"وشنطنش"
    },
    {
        "start":172.78034375,
        "end":174.51846875,
        "speaker":2,
        "text":"أشهر حاجه في الجواز هي شويه الله يخليكي الله يخليكي الله يخليكي الله يخليك ⁇ "
    },
    {
        "start":174.14721875,
        "end":176.44221875,
        "speaker":1,
        "text":"الواحد من ساعة ما اتجوزت الحسنه بقيت بره ⁇ "
    },
    {
        "start":176.99909375,
        "end":178.04534375,
        "speaker":1,
        "text":"<fil> <fil> <fil> <fil> ⁇ "
    },
    {
        "start":177.52221875,
        "end":177.60659375,
        "speaker":0,
        "text":""
    },
    {
        "start":177.60659375,
        "end":177.96096875,
        "speaker":2,
        "text":"بس بس بسصل بس بس بس بس بس"
    },
    {
        "start":179.61471875,
        "end":183.04034375,
        "speaker":1,
        "text":"روض ولا بمزاجك إم بس فاهمه ⁇ "
    },
    {
        "start":181.47096875,
        "end":182.56784375,
        "speaker":0,
        "text":"لا لا لا ⁇ "
    },
    {
        "start":183.04034375,
        "end":183.05721875,
        "speaker":0,
        "text":""
    },
    {
        "start":183.05721875,
        "end":183.07409375,
        "speaker":1,
        "text":""
    },
    {
        "start":183.44534375,
        "end":186.80346875,
        "speaker":1,
        "text":"حاله بصراحه الجواز زي الفل يا نهار أبيض لا لا لا لا لا لا لا لا لا لا لا لا <fil> <fil> <fil> <fil> ⁇ "
    },
    {
        "start":185.23409375,
        "end":186.98909375,
        "speaker":2,
        "text":"والشيخ اللي بعده <fil> <fil> <fil> ⁇ "
    },
    {
        "start":186.80346875,
        "end":186.82034375,
        "speaker":0,
        "text":""
    },
    {
        "start":187.71471875,
        "end":191.98409375,
        "speaker":2,
        "text":"عندك قلبهم جديد نازل بقى غالي منها أغنيه الفلسطينين عظام ⁇ "
    },
    {
        "start":192.16971875,
        "end":194.29596875,
        "speaker":1,
        "text":"إن شاء الله يعني <fil> <fil> <fil> <fil> <fil> <fil> <fil> ⁇ "
    },
    {
        "start":193.09784375,
        "end":195.00471875,
        "speaker":2,
        "text":"<fil> <fil> اللي هنا ⁇ "
    },
    {
        "start":195.22409375,
        "end":195.79784375,
        "speaker":1,
        "text":"يعني بقى ⁇ "
    },
    {
        "start":195.24096875,
        "end":195.73034375,
        "speaker":2,
        "text":"يعني بقى باقي بقى باقي بقى"
    },
    {
        "start":196.21971875,
        "end":208.82534375,
        "speaker":1,
        "text":"الحمد لله إن شاء الله بطريقتي يعني إنتي عارفه أنا دايما بحب أعمل أغاني و الحمد لله الناس تاخد بالك ده فقولت يعني أول رساله مهني يبقى عملت مسلسل في رساله بقى حبيت موضوع رساله ⁇ "
    },
    {
        "start":209.61846875,
        "end":209.63534375,
        "speaker":1,
        "text":""
    },
    {
        "start":209.63534375,
        "end":209.75346875,
        "speaker":0,
        "text":""
    },
    {
        "start":209.75346875,
        "end":210.02346875,
        "speaker":1,
        "text":"الحكا الحكايه"
    },
    {
        "start":210.02346875,
        "end":210.17534375,
        "speaker":0,
        "text":""
    },
    {
        "start":210.17534375,
        "end":210.34409375,
        "speaker":1,
        "text":""
    },
    {
        "start":210.34409375,
        "end":210.36096875,
        "speaker":0,
        "text":""
    },
    {
        "start":210.36096875,
        "end":210.42846875,
        "speaker":1,
        "text":""
    },
    {
        "start":210.42846875,
        "end":212.47034375,
        "speaker":0,
        "text":"<fil> <fil> <fil> <fil> <fil> <fil> <fil> <fil> <f"
    },
    {
        "start":213.46596875,
        "end":222.44346875,
        "speaker":1,
        "text":"قولت على الحاله يعني ليها <fil> الفنان شعبان عبد الرحيم ⁇ "
    },
    {
        "start":223.59096875,
        "end":227.42159375,
        "speaker":1,
        "text":"إنتي أثر يعني الموضوع ده أه ده أه ده أه ده أه ده أه ده أه ده أه ده أه ده أه ده أه ده أه ده أه ده أه ده أه ده أه ده أه ده أه ده أه ده أه ده أه ده أه ده أه ده أه ده أه ده أه ده أه ده أه ده أه ده أه ده أه ده أه ده أه ده أه ده أه ده أه ده أه ده أه ده أه ده أه ده أه ده أه ده أه ده أه ده أه ده أه ده"
    },
    {
        "start":226.03784375,
        "end":226.47659375,
        "speaker":2,
        "text":"الفرصه الفرصه الفرص"
    },
    {
        "start":227.32034375,
        "end":227.38784375,
        "speaker":2,
        "text":""
    },
    {
        "start":227.42159375,
        "end":232.19721875,
        "speaker":2,
        "text":"<fil> <fil> <fil> <fil> <fil> <fil> <fil> <fil> <fil> أنا لازم ⁇ "
    },
    {
        "start":229.27784375,
        "end":230.17221875,
        "speaker":1,
        "text":"<fil> <fil> <fil> <fi"
    },
    {
        "start":232.50096875,
        "end":239.67284375,
        "speaker":2,
        "text":"بقولك إن أنا يعني سعيده إن إنت لابس التفكير في الفلسطيني يعني لا شيء جميل ⁇ "
    },
    {
        "start":236.06159375,
        "end":236.38221875,
        "speaker":0,
        "text":"كاريارات كارار"
    },
    {
        "start":238.86284375,
        "end":240.55034375,
        "speaker":0,
        "text":"جميع لحاجه والله ⁇ "
    },
    {
        "start":240.55034375,
        "end":248.02596875,
        "speaker":2,
        "text":"المسلسل تضامن بشخصية رمله مع القضيه الفلسطينيه بتفاصيلها كله ⁇ "
    },
    {
        "start":241.83284375,
        "end":242.92971875,
        "speaker":0,
        "text":"والمسلسل تلصه لتلصه لتلصه لتلصه لتل"
    },
    {
        "start":248.09346875,
        "end":251.01284375,
        "speaker":2,
        "text":"يعني شكرا ليكو عندك كلمة مراته اتنين ⁇ "
    },
    {
        "start":251.41784375,
        "end":251.97471875,
        "speaker":2,
        "text":"وريتني إيمي إيمي ني"
    }
]