[
    {
        "start":0.03096875,
        "end":21.64784375,
        "speaker":0,
        "text":"مشاعر الأحسن ديت وشاكل الأسره المصريه ده موجود إحنا قدمنالهم نفسهم إن اللي إتخابت إم أو اتحط عليها شوية تراب كده في خلاني فترات طويله عدت ⁇ "
    },
    {
        "start":7.10159375,
        "end":7.59096875,
        "speaker":1,
        "text":"هايل هايل هايل هايل"
    },
    {
        "start":8.62034375,
        "end":8.92409375,
        "speaker":1,
        "text":"عبد الفلسطيني"
    },
    {
        "start":22.17096875,
        "end":29.32596875,
        "speaker":3,
        "text":"الأم العروسه ولحمه العلاقه ال الأباديه اللي ما بتناقش أبدا من اللي هي الكتب جميعا الرشا ⁇ "
    },
    {
        "start":26.27159375,
        "end":26.50784375,
        "speaker":0,
        "text":"نفسه يا ماما يا ما"
    },
    {
        "start":29.44409375,
        "end":31.13159375,
        "speaker":3,
        "text":"فهمي عبد الحميد <fil> <fil> <fil> <fil> <fil> <fil"
    },
    {
        "start":31.26659375,
        "end":31.35096875,
        "speaker":3,
        "text":""
    },
    {
        "start":31.35096875,
        "end":32.05971875,
        "speaker":1,
        "text":"كانوا كانوا كانوا كانوا كانوا كانوا كانوا كانوا كان"
    },
    {
        "start":31.67159375,
        "end":39.13034375,
        "speaker":3,
        "text":"<fil> <fil> <fil> <fil> <fil> <fil> <fil> <fil> <fil> <fil> <fil> <fil> <fil> ⁇ "
    },
    {
        "start":32.09346875,
        "end":32.17784375,
        "speaker":1,
        "text":""
    },
    {
        "start":35.65409375,
        "end":35.67096875,
        "speaker":1,
        "text":""
    },
    {
        "start":40.14284375,
        "end":42.06659375,
        "speaker":3,
        "text":"شوفتك في حياتنا يعني شوفتيهم شوفتيه ⁇ "
    },
    {
        "start":42.35346875,
        "end":42.94409375,
        "speaker":3,
        "text":"إيه ده ⁇ "
    },
    {
        "start":43.16346875,
        "end":43.39971875,
        "speaker":3,
        "text":"ها ها ه"
    },
    {
        "start":43.39971875,
        "end":43.83846875,
        "speaker":1,
        "text":"سياسيينيينيينيين ي"
    },
    {
        "start":43.80471875,
        "end":43.82159375,
        "speaker":3,
        "text":""
    },
    {
        "start":43.83846875,
        "end":48.66471875,
        "speaker":3,
        "text":"بجد يعني عملت دور يعني الناس كنت بدعمني جدا بصراحه إيه أه ⁇ "
    },
    {
        "start":43.85534375,
        "end":44.39534375,
        "speaker":1,
        "text":"بجد إد إد إد إد إد إد"
    },
    {
        "start":49.15409375,
        "end":56.96721875,
        "speaker":3,
        "text":"<fil> <fil> <fil> <fil> <fil> <fil> <fil> <fil> <fil> <fil> <fil> ⁇ "
    },
    {
        "start":50.87534375,
        "end":62.58659375,
        "speaker":2,
        "text":"<fil> <fil> <fil> <fil> <fil> <fil> <fil> <fil> <fil> <fil> <fil> ⁇ "
    },
    {
        "start":63.10971875,
        "end":68.96534375,
        "speaker":2,
        "text":"أنا قولتلكوا بس الدكتور من المسلسل بتاعي يعني إحنا مش هنقول إن إحنا أصحاب تقدري تعملي إيه تقدري تعمليها تقدري تعمليها تقدري تعمليها تقدري تعمليها تقدري تعمليها تقدري تعمليها تقدري تعمليها تقدري تعمليها تقدري تعمليها تقدري تعمليها تقدري تعمليها تقدري تعمليها تقدري تعمليها تقدري تعمليها تقدري تعمليها تقدري تعمليها تقدري تعمليها تقدري تعمليها تقدري تعمليها تقدري تعملي"
    },
    {
        "start":68.96534375,
        "end":74.44971875,
        "speaker":3,
        "text":"لا لا لا لا لا لا لا لا لا لا لا لا لا لا أنا لا لا لا لا لا لا لا لا لا لا لا لا لا لا لا لا لا لا لا لا لا لا لا لا لا لا لا لا لا لا لا لا لا لا لا لا لا لا لا لا لا لا لا لا لا لا لا لا لا لا لا لا لا لا لا لا لا لا لا لا لا لا لا لا لا لا لا لا لا لا لا لا لا لا لا لا لا لا لا لا لا لا لا لا لا لا لا لا لا لا لا لا لا لا لا لا لا لا لا لا لا لا لا لا لا لا لا لا لا لا لا لا لا لا لا لا لا لا لا لا لا لا"
    },
    {
        "start":71.37846875,
        "end":72.39096875,
        "speaker":2,
        "text":"هما لا علوي الدبلوماسي الدبلوماسي الدبلوماسي الدب"
    },
    {
        "start":72.40784375,
        "end":72.45846875,
        "speaker":2,
        "text":""
    },
    {
        "start":72.89721875,
        "end":78.26346875,
        "speaker":2,
        "text":"<fil> <fil> <fil> <fil> <fil> <fil> ⁇ "
    },
    {
        "start":76.40721875,
        "end":81.21659375,
        "speaker":3,
        "text":"<fil> <fil> <fil> <fil> <fil> <fil> لا لا لا لا لا لا لا لا لا لا لا لا لا لا لا لا لا لا لا لا لا لا لا لا لا لا لا لا لا لا لا لا لا لا لا لا لا لا لا لا لا لا لا لا لا لا لا لا لا لا لا لا لا لا لا لا لا لا لا لا لا لا لا لا لا لا لا لا لا لا لا لا لا لا لا لا لا لا لا لا لا لا لا لا"
    },
    {
        "start":81.70596875,
        "end":84.92909375,
        "speaker":3,
        "text":"الضمان الأمر العروسه والحمد لله ⁇ "
    },
    {
        "start":85.14846875,
        "end":89.11409375,
        "speaker":3,
        "text":"يعني تقديم أحلى المشاهد معانا كانت مش هي مفيهوش دقيقه بس كان بتضحكها ⁇ "
    },
    {
        "start":91.51034375,
        "end":91.69596875,
        "speaker":3,
        "text":"التانيه العامه"
    },
    {
        "start":91.74659375,
        "end":91.89846875,
        "speaker":3,
        "text":""
    },
    {
        "start":91.91534375,
        "end":92.03346875,
        "speaker":3,
        "text":""
    },
    {
        "start":92.47221875,
        "end":96.62346875,
        "speaker":3,
        "text":"<fil> <fil> <fil> لما جيت اتصرفت على الحلقه ⁇ "
    },
    {
        "start":92.55659375,
        "end":94.02471875,
        "speaker":0,
        "text":"<fil> <fil> <fil> <fil> <fil> <fil>"
    },
    {
        "start":94.02471875,
        "end":95.49284375,
        "speaker":1,
        "text":"<fil> لما جيت <fil> لما جيت <fil> لما جيت <fil> لما جيت"
    },
    {
        "start":97.06221875,
        "end":113.53221875,
        "speaker":3,
        "text":"<fil> <fil> <fil> <fil> <fil> <fil> <fil> <fil> <fil> <fil> <fil> <fil> <fil> ⁇ "
    },
    {
        "start":103.08659375,
        "end":103.12034375,
        "speaker":0,
        "text":""
    },
    {
        "start":103.13721875,
        "end":103.15409375,
        "speaker":1,
        "text":""
    },
    {
        "start":103.20471875,
        "end":103.96409375,
        "speaker":1,
        "text":"دينا أوي أوي أوي أوي أوي أوي أوي أوي أوي أوي أوي أوي أوي أوي أوي أوي أوي"
    },
    {
        "start":103.96409375,
        "end":106.27596875,
        "speaker":0,
        "text":"<fil> اخر هيقولها مصالحه أه أه أه أه اخر حاجه أقولها مصارحه أه أه ⁇ "
    },
    {
        "start":113.97096875,
        "end":119.21909375,
        "speaker":3,
        "text":"و أنا أنا شخصيا ممثله في المسلسل نوعية صدقتي بلقي صدقاتي نقله الدهب ⁇ "
    },
    {
        "start":120.24846875,
        "end":123.33659375,
        "speaker":3,
        "text":"دي دي بقى الحمله يعني دي لحمه زي ما الكتاب بيقوله ⁇ "
    },
    {
        "start":123.87659375,
        "end":126.45846875,
        "speaker":2,
        "text":"عشان منتخنش على فكره ⁇ "
    },
    {
        "start":124.60221875,
        "end":124.88909375,
        "speaker":3,
        "text":"وعندي انع"
    },
    {
        "start":125.61471875,
        "end":125.96909375,
        "speaker":3,
        "text":"الدقيقه الدكاتره"
    },
    {
        "start":126.47534375,
        "end":129.37784375,
        "speaker":2,
        "text":"<fil> <fil> <fil> <fil> <fil> <fil> <fil> ⁇ "
    },
    {
        "start":127.18409375,
        "end":127.67346875,
        "speaker":1,
        "text":"يعني يعني يعني يعني يعني يعني يعني يعني يعني يعني يعني يعني"
    },
    {
        "start":127.82534375,
        "end":127.97721875,
        "speaker":1,
        "text":""
    },
    {
        "start":128.36534375,
        "end":129.32721875,
        "speaker":1,
        "text":"<fil> <fil> <fil> <fil>"
    },
    {
        "start":129.37784375,
        "end":136.44846875,
        "speaker":1,
        "text":"<fil> <fil> <fil> <fil> <fil> <fil> <fil> ⁇ "
    },
    {
        "start":130.62659375,
        "end":131.80784375,
        "speaker":2,
        "text":"أنا مش هعرفك فين أنا مش هعرفك فين أنا مش هعرفك فين أنا مش هعرف"
    },
    {
        "start":132.87096875,
        "end":134.03534375,
        "speaker":2,
        "text":"<fil> لا لا لا لا لا لا لا لا لا لا لا لا لا لا لا لا لا لا لا لا لا لا لا"
    },
    {
        "start":134.03534375,
        "end":136.33034375,
        "speaker":3,
        "text":"<fil> <fil> <fil> <fil> <fil> <fil> <fil> <fil> <fil> ⁇ "
    },
    {
        "start":136.46534375,
        "end":136.49909375,
        "speaker":1,
        "text":""
    },
    {
        "start":137.62971875,
        "end":141.88221875,
        "speaker":1,
        "text":"<fil> <fil> <fil> <fil> <fil> <fil> ⁇ "
    },
    {
        "start":137.89971875,
        "end":138.40596875,
        "speaker":3,
        "text":"لازم تستطيع أن تستطيست"
    },
    {
        "start":138.47346875,
        "end":139.41846875,
        "speaker":3,
        "text":"ممكن أه ده بس أه بس بس بس بس بس بس بس بس بس بس بس أه بس بس بس بس بس بس"
    },
    {
        "start":141.25784375,
        "end":145.64534375,
        "speaker":3,
        "text":"ال ال أبو العريس أو الزوج شويه ⁇ "
    },
    {
        "start":146.06721875,
        "end":148.32846875,
        "speaker":3,
        "text":"يعني غلط على عمرو في بعض الحيوانات ⁇ "
    },
    {
        "start":147.72096875,
        "end":148.27784375,
        "speaker":4,
        "text":"ولياه ⁇ "
    },
    {
        "start":148.91909375,
        "end":148.95284375,
        "speaker":3,
        "text":""
    },
    {
        "start":148.95284375,
        "end":149.66159375,
        "speaker":4,
        "text":"فظيعي يعيط يعيط يعيط"
    },
    {
        "start":148.96971875,
        "end":150.80909375,
        "speaker":3,
        "text":"دي يعمل حاجه مش يعني ⁇ "
    },
    {
        "start":149.66159375,
        "end":150.72471875,
        "speaker":1,
        "text":"المسيحيين يلا بينا يلا بينا يلا بينا يلا بينا يي ⁇ "
    },
    {
        "start":151.51784375,
        "end":152.47971875,
        "speaker":4,
        "text":"الحقيقه حلوه جدا جدا جدا جدا جدا جدا جدا جدا جدا جدا جدا جدا جدا جدا جدا جدا كده ⁇ "
    },
    {
        "start":153.47534375,
        "end":155.97284375,
        "speaker":4,
        "text":"أنا بقى غيابي الأرض رافضه بنستني في النهايه دي الأرض رافضه بنستني في النواحي ⁇ "
    },
    {
        "start":157.06971875,
        "end":158.18346875,
        "speaker":4,
        "text":"يلا نصور حاضنه نصور حاضنه نصور حاضنه نصور حاضر"
    },
    {
        "start":158.63909375,
        "end":158.75721875,
        "speaker":2,
        "text":""
    },
    {
        "start":158.70659375,
        "end":159.43221875,
        "speaker":4,
        "text":"<fil> <fil> <fil>"
    },
    {
        "start":158.80784375,
        "end":159.60096875,
        "speaker":2,
        "text":"<fil> <fil> <fil> <"
    },
    {
        "start":159.60096875,
        "end":159.66846875,
        "speaker":1,
        "text":""
    },
    {
        "start":160.30971875,
        "end":161.69346875,
        "speaker":4,
        "text":"السكينه في الآخر إيه أه ⁇ "
    },
    {
        "start":160.44471875,
        "end":161.64284375,
        "speaker":2,
        "text":"بس جي في الآخرين أه أه أه أه أه أه أه أه أه أه أه أه أه أه أه أه إم أه أه ⁇ "
    },
    {
        "start":162.25034375,
        "end":163.11096875,
        "speaker":4,
        "text":"<fil> <fil> <fil> <f"
    },
    {
        "start":162.80721875,
        "end":163.06034375,
        "speaker":2,
        "text":"وده وده وده"
    },
    {
        "start":163.11096875,
        "end":163.54971875,
        "speaker":2,
        "text":"أه <fil> <fi"
    },
    {
        "start":163.54971875,
        "end":164.25846875,
        "speaker":4,
        "text":"الله سبحانه وتعالى ⁇ "
    },
    {
        "start":163.56659375,
        "end":164.00534375,
        "speaker":2,
        "text":"حدد حدد عنده حدد حدد حدد"
    },
    {
        "start":164.25846875,
        "end":164.57909375,
        "speaker":2,
        "text":"هرمونهنه"
    },
    {
        "start":164.57909375,
        "end":164.68034375,
        "speaker":1,
        "text":""
    },
    {
        "start":164.93346875,
        "end":164.95034375,
        "speaker":1,
        "text":""
    },
    {
        "start":164.95034375,
        "end":166.18221875,
        "speaker":4,
        "text":"هو الحكايه ديكل حكايه ⁇ "
    },
    {
        "start":165.15284375,
        "end":165.67596875,
        "speaker":2,
        "text":"هو الحته دي الحته دي الحته دي"
    },
    {
        "start":166.99221875,
        "end":170.11409375,
        "speaker":4,
        "text":"هاني كمان الكاتب علاقه ⁇ "
    },
    {
        "start":170.73846875,
        "end":171.64971875,
        "speaker":4,
        "text":"معييش نمطيه وعيش نمطيه ⁇ "
    },
    {
        "start":172.35846875,
        "end":182.34846875,
        "speaker":4,
        "text":"يعني كتير أوي شفنا الزوج المرحله على أمره و الست لصاحبة السطور إم اللي منطبقه اجتماعيه مختلفه والراجل ده الوطن اجتماعيه مختلفه شفنا النمو ده كتير ⁇ "
    },
    {
        "start":183.04034375,
        "end":185.13284375,
        "speaker":4,
        "text":"هو هاني غزالها بشكل مختلفه ⁇ "
    },
    {
        "start":185.62221875,
        "end":187.27596875,
        "speaker":4,
        "text":"الراجل ده اللي بالنافسه ⁇ "
    },
    {
        "start":187.69784375,
        "end":189.95909375,
        "speaker":4,
        "text":"و الشت دي حباه جدا قدام الست دي و الشت دي حباه جدا قدام الست دي و الشت دي حباه جدا جدا ⁇ "
    },
    {
        "start":190.51596875,
        "end":192.64221875,
        "speaker":4,
        "text":"بس مش قادره تدخن تنسلخ خلت تنسلخ ⁇ "
    },
    {
        "start":193.14846875,
        "end":194.86971875,
        "speaker":4,
        "text":"من أصلها الأرستقراطي ⁇ "
    },
    {
        "start":195.20721875,
        "end":197.77221875,
        "speaker":4,
        "text":"مش قادر يوصل لهذا المستوي ⁇ "
    },
    {
        "start":198.63284375,
        "end":204.69096875,
        "speaker":4,
        "text":"<fil> <fil> <fil> <fil> <fil> <fil> ⁇ "
    },
    {
        "start":205.09596875,
        "end":214.96784375,
        "speaker":4,
        "text":"<fil> <fil> <fil> <fil> <fil> <fil> <fil> <fil> <fil> ⁇ "
    },
    {
        "start":210.46221875,
        "end":212.97659375,
        "speaker":1,
        "text":"<fil> <fil> أنا ⁇ "
    },
    {
        "start":214.96784375,
        "end":215.06909375,
        "speaker":1,
        "text":""
    },
    {
        "start":215.06909375,
        "end":215.23784375,
        "speaker":4,
        "text":""
    },
    {
        "start":215.37284375,
        "end":218.66346875,
        "speaker":4,
        "text":"لأ مش عايز بره هو كوميديانه أه دي مطلوبة نهايه أه بما إن شاء الله بإذن الله سبحانه وتعالى ⁇ "
    },
    {
        "start":216.99284375,
        "end":218.71409375,
        "speaker":1,
        "text":"<fil> <fil> <fil> <fil> <fil> <fil> <fil> ⁇ "
    },
    {
        "start":220.11471875,
        "end":221.90346875,
        "speaker":1,
        "text":"و الله دية أنا أفهم بيه <fil> <fil> <fil> <fil> <fil> <fi"
    },
    {
        "start":220.30034375,
        "end":220.62096875,
        "speaker":4,
        "text":"ده و و و و و و و"
    },
    {
        "start":220.65471875,
        "end":220.68846875,
        "speaker":4,
        "text":""
    },
    {
        "start":221.24534375,
        "end":221.26221875,
        "speaker":4,
        "text":""
    },
    {
        "start":221.95409375,
        "end":223.55721875,
        "speaker":1,
        "text":"<fil> <fil> <fil> <fil> <fil> <fil> <fi"
    },
    {
        "start":222.93284375,
        "end":223.20284375,
        "speaker":4,
        "text":"ب ب ب ب ب ب ب"
    },
    {
        "start":223.21971875,
        "end":223.25346875,
        "speaker":4,
        "text":""
    },
    {
        "start":224.92409375,
        "end":225.75096875,
        "speaker":1,
        "text":"<fil> <fil> <fil> <"
    },
    {
        "start":225.49784375,
        "end":225.54846875,
        "speaker":4,
        "text":""
    },
    {
        "start":225.54846875,
        "end":225.59909375,
        "speaker":3,
        "text":""
    },
    {
        "start":225.59909375,
        "end":225.70034375,
        "speaker":4,
        "text":""
    },
    {
        "start":226.71284375,
        "end":226.88159375,
        "speaker":3,
        "text":""
    },
    {
        "start":226.88159375,
        "end":226.96596875,
        "speaker":1,
        "text":""
    },
    {
        "start":226.96596875,
        "end":227.01659375,
        "speaker":3,
        "text":""
    },
    {
        "start":227.01659375,
        "end":230.18909375,
        "speaker":1,
        "text":"<fil> <fil> <fil> <fil> <fil> ⁇ "
    },
    {
        "start":227.03346875,
        "end":229.05846875,
        "speaker":4,
        "text":"بينسى عباره عن انخفاض في انخفاض في عباره عن انخفاض في انخفاض يعني تنظيم في تطوير في"
    },
    {
        "start":230.52659375,
        "end":232.07909375,
        "speaker":4,
        "text":"إن المسأله إيه ⁇ "
    },
    {
        "start":232.72034375,
        "end":234.84659375,
        "speaker":4,
        "text":"البيتله خصوصيه أنا خصوصيه أنا خصوصيه ⁇ "
    },
    {
        "start":235.01534375,
        "end":235.11659375,
        "speaker":3,
        "text":""
    },
    {
        "start":235.01534375,
        "end":235.35284375,
        "speaker":1,
        "text":"ماننننننن"
    },
    {
        "start":235.26846875,
        "end":235.30221875,
        "speaker":3,
        "text":""
    },
    {
        "start":235.30221875,
        "end":236.97284375,
        "speaker":4,
        "text":"عند أي راجل شرقي وممكن أي رجل الشرقي وأمين إيمي إيمي إيمي <fil> <fil>"
    }
]