[
    {
        "start":0.03096875,
        "end":9.39659375,
        "speaker":0,
        "text":"رئيس الجمعيه المصريه للإتيز داليا صداقتنا ويا عملنا حلقات كتيره داليا بس المسلسل ده اللي عشر حلقات ⁇ "
    },
    {
        "start":9.85221875,
        "end":29.64659375,
        "speaker":0,
        "text":"بمجهود كبير جدا يعني يعني إزاي ممكن دراما تأثر في الناس وتدخل فيها و فعلا تخليكي مش بس متعاطفه ده تخليكي عندك باشا و عندك شغف إنه هؤلاء يكون جزء من المجتمع قوليلي ساعدتي طاهه إزاي ⁇ "
    },
    {
        "start":31.82346875,
        "end":38.48909375,
        "speaker":1,
        "text":"<fil> <fil> <fil> <fil> <fil> <fil> <fil> <fil> <fil> ⁇ "
    },
    {
        "start":39.14721875,
        "end":44.00721875,
        "speaker":1,
        "text":"أنا سعدتهم إن أستاذ طارق الجماهيري ⁇ "
    },
    {
        "start":44.31096875,
        "end":46.26846875,
        "speaker":1,
        "text":"جايبلي الكشف ⁇ "
    },
    {
        "start":46.77471875,
        "end":48.12471875,
        "speaker":1,
        "text":"علينا ⁇ "
    },
    {
        "start":48.69846875,
        "end":55.92096875,
        "speaker":1,
        "text":"اتفقنا إن عشان الجمعيه تشترك معاههم هياخدوا زيك وواش بسيط عارف إيه هو <fil> عشان الجامعيه تشترك معاهم ⁇ "
    },
    {
        "start":55.56659375,
        "end":55.73534375,
        "speaker":0,
        "text":""
    },
    {
        "start":57.32159375,
        "end":57.37221875,
        "speaker":0,
        "text":""
    },
    {
        "start":57.37221875,
        "end":61.91159375,
        "speaker":1,
        "text":"قبل حلقات كتيره تانيه مني إن هو هيقابلوا حاجات مختلفه ⁇ "
    },
    {
        "start":57.38909375,
        "end":57.96284375,
        "speaker":0,
        "text":"يه يلا بينا يلا بينا يلا بينا ي"
    },
    {
        "start":62.46846875,
        "end":67.10909375,
        "speaker":1,
        "text":"منتديش من الحالات اللي معاه نبتدي في الحالات الصحراء السريع ⁇ "
    },
    {
        "start":67.63221875,
        "end":72.66096875,
        "speaker":1,
        "text":"على أساس إن هما يقدروا يشوفوا إختلاف اللي هو فعلا طيك أه هو معملتش تاكله ⁇ "
    },
    {
        "start":73.85909375,
        "end":79.10721875,
        "speaker":1,
        "text":"<fil> <fil> <fil> <fil> <fil> <fil> <fil> <fil> <fil> <fil> <fil> <fil> <fil> <fil> <fil> <fil> <fil> <fil> <fil> <fil> <fil> <fil"
    },
    {
        "start":79.56284375,
        "end":84.87846875,
        "speaker":1,
        "text":"المجموعه لازم أقول إن أنا اشتغلت مع ناس كثيره بس المجموعه دي مميزه جدا ⁇ "
    },
    {
        "start":85.36784375,
        "end":92.97846875,
        "speaker":1,
        "text":"<fil> <fil> <fil> <fil> <fil> <fil> <fil> <fil> <fil> <fil> <fil> <fil> <fil> <fil> <fil> <fil> <fil> <fil> <fil> <fil> <fil> <fil> <fil> <fil> ⁇ "
    }
]