[
    {
        "start":4.80659375,
        "end":68.88096875,
        "speaker":1,
        "text":"ههتههههههههههههههههههههههههههههههههههههههههههههههههههههههههههههههههههههههههههههههههههههههههههههههههههه ⁇ "
    },
    {
        "start":69.85971875,
        "end":76.10346875,
        "speaker":1,
        "text":"أهلا بحضرتك أهلا وسهلا ⁇ "
    },
    {
        "start":76.17096875,
        "end":82.09409375,
        "speaker":1,
        "text":"<fil> <fil> <fil> <fil> <fil> <fil> <fil> <fil> <fil> <fil> <fil> سنه أهلا بيكي ⁇ "
    },
    {
        "start":82.44846875,
        "end":85.30034375,
        "speaker":1,
        "text":"والحمد لله إنه يعني ⁇ "
    },
    {
        "start":85.57034375,
        "end":87.12284375,
        "speaker":1,
        "text":"موجوده معانا يعني ⁇ "
    },
    {
        "start":87.78096875,
        "end":88.42221875,
        "speaker":1,
        "text":"و ⁇ "
    },
    {
        "start":88.96221875,
        "end":93.45096875,
        "speaker":1,
        "text":"وسلام أنا شايف قدي ما يقدم باقيه هي الأرقام من الإسماعيليه سيف ⁇ "
    },
    {
        "start":94.04159375,
        "end":101.97284375,
        "speaker":1,
        "text":"إزاي يعني و حتى الروح و <fil> <fil> <fil> <fil> <fil> <fil> <fil> <fil> <fil> <fil> <fil> <fil> روح ⁇ "
    },
    {
        "start":97.12971875,
        "end":100.06596875,
        "speaker":2,
        "text":"<fil> <fil> <fil> <fil> <fil> <fil> <fil> <fil> <fil> <fil> <fil> <fil> "
    },
    {
        "start":105.65159375,
        "end":111.32159375,
        "speaker":1,
        "text":"معايا كمان ياسين شريف حفيد إسماعيل ياسين ⁇ "
    },
    {
        "start":111.52409375,
        "end":119.15159375,
        "speaker":1,
        "text":"ياسين أهلا بيك الحمد لله أول مابتقول بقى حفيد اسماعيل ياسين ده كده يعني الناس تعمل إيه الناس تعمل إيه ⁇ "
    },
    {
        "start":119.94471875,
        "end":125.80034375,
        "speaker":0,
        "text":"<fil> <fil> <fil> <fil> <fil> <fil> <fil> <fil> <fil> <fil> <fil> <fil> <fil> <fil> ⁇ "
    },
    {
        "start":126.12096875,
        "end":131.92596875,
        "speaker":0,
        "text":"بينزلوا يقولوا كده لكن مدرسين مش أوي بيقولوا بجد بس خلاص ⁇ "
    },
    {
        "start":134.86221875,
        "end":141.46034375,
        "speaker":1,
        "text":"يسيب صريح جدا كمان معايا ساره ياسين إسماعيل ياسين ⁇ "
    },
    {
        "start":141.93284375,
        "end":155.24721875,
        "speaker":1,
        "text":"<fil> <fil> <fil> <fil> <fil> <fil> <fil> <fil> <fil> <fil> <fil> <fil> <fil> <fil> <fil> <fil> <fil> <laugh> <fil> ⁇ "
    },
    {
        "start":147.09659375,
        "end":147.18096875,
        "speaker":0,
        "text":""
    },
    {
        "start":155.70284375,
        "end":157.30596875,
        "speaker":1,
        "text":"بيشتغلني جدا ⁇ "
    },
    {
        "start":157.94721875,
        "end":170.72159375,
        "speaker":1,
        "text":"<fil> <fil> <fil> <fil> <fil> <fil> <fil> <fil> <fil> <fil> <fil> <fil> <fil> <fil> <fil> <fil> <fil> <fil> <fil> ⁇ "
    },
    {
        "start":171.04221875,
        "end":174.63659375,
        "speaker":2,
        "text":"فنانين الزمن الجميل ⁇ "
    },
    {
        "start":175.05846875,
        "end":175.48034375,
        "speaker":2,
        "text":"امين ينيني ينيني"
    },
    {
        "start":175.88534375,
        "end":176.83034375,
        "speaker":2,
        "text":"لهم ⁇ "
    },
    {
        "start":176.96534375,
        "end":177.79221875,
        "speaker":2,
        "text":"بسرهمهمهم ⁇ "
    },
    {
        "start":178.78784375,
        "end":188.91284375,
        "speaker":2,
        "text":"و لكن بتبقى الحياه في إختمها بتبقى حزينه لأن هما كانوا فنانين للفن ⁇ "
    },
    {
        "start":189.38534375,
        "end":194.97096875,
        "speaker":2,
        "text":"ماكانوش فنانين عشان خاطر إن هما ياخدوا مبالغ ⁇ "
    },
    {
        "start":194.12721875,
        "end":198.26159375,
        "speaker":1,
        "text":"<fil> <fil> <fil> <fil> <fil> <fil> <fil> <fil> <fil> <fil> <fil> <fil> <fil> <fil> <fil> <fil> <fil> ⁇ "
    },
    {
        "start":195.24096875,
        "end":196.20284375,
        "speaker":2,
        "text":"وعملنا وعاملين وعاملين وعاملين وعاملين"
    },
    {
        "start":196.30409375,
        "end":205.02846875,
        "speaker":2,
        "text":"هو هو كان حياته إم فده يمكن إني أكثرهم الختام بتاعهم كان مأساوي ⁇ "
    },
    {
        "start":198.85221875,
        "end":199.17284375,
        "speaker":1,
        "text":"عندهم هدنه عن"
    },
    {
        "start":205.02846875,
        "end":215.38971875,
        "speaker":1,
        "text":"أه بالتأكيد يا في حكايه يعني هنا المأسوم ياسين عندي إسماعيل ياسمين ه وافقت فعلا زي ما كنت إلى حد الإفلاس لا لا لا لا لا ⁇ "
    },
    {
        "start":214.76534375,
        "end":236.46659375,
        "speaker":2,
        "text":"<fil> <fil> <fil> <fil> <fil> <fil> <fil> أي <fil> <fil> <fil> <fil> <fil> <fil> <fil> <fil> <fil> <fil> <fil> <fil> <fil> <fil> <fil> <fil> <fil> يعني ⁇ "
    },
    {
        "start":233.27721875,
        "end":233.71596875,
        "speaker":0,
        "text":"بسم الله السبب سبب سب"
    },
    {
        "start":236.75346875,
        "end":250.40534375,
        "speaker":2,
        "text":"يلا بينا يلا بينا يلا بينا يلا بينا يلا بينا يلا بينا يلا بينا يلا بينا يلا بينا يلا بينا يلا بينا يلا بينا يلا بينا يلا بينا يلا بينا يلا بينا يلا بينا يلا بينا يلا بينا يلا بينا يلا بينا يلا بينا يلا بينا يلا بينا يلا بينا يلا بينا يلا بينا يلا بينا يلا بينا يلا بينا يلا بينا يلا بينا يلا بينا يلا بينا يلا بينا يلا بينا يلا بينا يلا بينا يلا بينا يلا بينا يلا بينا يلا بينا يلا بينا يلا بينا يلا بينا يلا بينا يلا بينا يلا بينا يلا بينا يلا بينا يلا بينا يلا بينا يلا بينا يلا بينا يلا بينا يلا بينا يلا بينا يلا بينا يلا بينا يلا بينا يلا بينا يلا في ناس طلعت قالت إنه جاس طلب مننا ⁇ "
    },
    {
        "start":236.78721875,
        "end":238.03596875,
        "speaker":0,
        "text":"<fil> <fil> <fil> <fil> <fil> "
    },
    {
        "start":238.03596875,
        "end":238.99784375,
        "speaker":1,
        "text":"و لا الجلن جانب جبل جانب جبل جانب جبل ج"
    },
    {
        "start":239.62221875,
        "end":239.77409375,
        "speaker":0,
        "text":""
    },
    {
        "start":239.77409375,
        "end":239.92596875,
        "speaker":1,
        "text":""
    },
    {
        "start":239.92596875,
        "end":240.22971875,
        "speaker":0,
        "text":"ناس اس ازاز"
    },
    {
        "start":250.69221875,
        "end":253.51034375,
        "speaker":2,
        "text":"وزور الشباب اللي طلع الجديد ⁇ "
    },
    {
        "start":253.76346875,
        "end":258.50534375,
        "speaker":2,
        "text":"حبت الدوله إنها يعني تطلع شباب ⁇ "
    },
    {
        "start":258.50534375,
        "end":265.96409375,
        "speaker":1,
        "text":"إن في مدرسه كوميديه جديده طالما شباب فا <fil> يعني هل هل شعر بإنه نقطه الكوميديا إنت <fil> <fil> <fil> <fil> <fil> <fil> <fil> <fil> <fil> <fil> <fil> <fil> <fil> <fil> <fil> <fil> <fil> <fil> <fil> <fil> <fil> <fil> <fil> <fil> يعني هل"
    },
    {
        "start":265.96409375,
        "end":274.43534375,
        "speaker":2,
        "text":"يعني لأ هو كان بيجيله سيناريوهات ده الكواء اللي كانوا يسيب بيحكموا وخلاص على الاتفاق فجأه يختفي المنتج ⁇ "
    },
    {
        "start":274.43534375,
        "end":274.46909375,
        "speaker":1,
        "text":""
    },
    {
        "start":275.63346875,
        "end":276.03846875,
        "speaker":2,
        "text":"فاضل <fil> ل"
    },
    {
        "start":276.03846875,
        "end":282.40034375,
        "speaker":1,
        "text":"الحاله دي لغاية الح بس ده مش طعم لأن البعض برضو حاول يدعي إن كان في مشكله بيع ⁇ "
    },
    {
        "start":281.89409375,
        "end":283.41284375,
        "speaker":2,
        "text":"لأ هو <fil> ⁇ "
    },
    {
        "start":283.41284375,
        "end":283.46346875,
        "speaker":1,
        "text":""
    },
    {
        "start":283.96971875,
        "end":287.59784375,
        "speaker":1,
        "text":"بس مش مع الرئيس عبد الفتاح السيسي مع الرئيس عبد الفتاح السيسي مع الرئيس عبد الفتاح السيسي مع الرئيس عبد الفتاح السيسي مع الرئيس عبد الوهاب لا لا ⁇ "
    },
    {
        "start":284.91471875,
        "end":285.75846875,
        "speaker":2,
        "text":"بسم الله الرحمن الرحيم بسم الله الرحمن الرحيم بس"
    },
    {
        "start":286.90596875,
        "end":295.20846875,
        "speaker":2,
        "text":"لا لا خالص لأن ياسين كان صاحب ولاد عبد الناصر أه يعني لغاية إم يعني لغاية وفاة ياسين ⁇ "
    },
    {
        "start":295.20846875,
        "end":299.71409375,
        "speaker":1,
        "text":"إنما شخصيات من الشخصيات المحيطه بجمال عبد الناصر مراكز القمح ⁇ "
    },
    {
        "start":300.55784375,
        "end":305.01284375,
        "speaker":1,
        "text":"خاصة إن هو يعني حتى توفى في اتنين و سبعين يا عايز و ⁇ "
    },
    {
        "start":305.60346875,
        "end":305.63721875,
        "speaker":1,
        "text":""
    },
    {
        "start":305.63721875,
        "end":312.94409375,
        "speaker":2,
        "text":"كان الأسباب الظهور ناس تانيه ليه ناس تانيه تبقى نجوم الكوميديا في الفتره ⁇ "
    },
    {
        "start":312.65721875,
        "end":312.92721875,
        "speaker":0,
        "text":"لا لا لا لا لا لا لا"
    }
]