[
    {
        "start":0.45284375,
        "end":1.02659375,
        "speaker":0,
        "text":"واجب من ماجد من ماجب من ماجب"
    },
    {
        "start":1.66784375,
        "end":5.16096875,
        "speaker":0,
        "text":"<fil> <fil> <fil> <fil> <fil> <fil> <fil> <fil> <fil> <fil> <fil> <fil> <fil> <fil> <f"
    },
    {
        "start":5.95409375,
        "end":7.00034375,
        "speaker":0,
        "text":"تاني ثانيه واحده ثانيه ثانيه ثانيه ثانيه ثانيه"
    },
    {
        "start":7.74284375,
        "end":9.26159375,
        "speaker":0,
        "text":"<fil> كده صغير يوم <fil> كده صغير يوم <fil> كده صغيرين ⁇ "
    },
    {
        "start":12.19784375,
        "end":16.66971875,
        "speaker":0,
        "text":"بيكتبلي إنك أكثر في المسابقه ولاكم استعدوني لأكم فرحتينج ⁇ "
    },
    {
        "start":28.54971875,
        "end":31.94159375,
        "speaker":0,
        "text":"<fil> <fil> <fil> <fil> <fil> <fil> ⁇ "
    },
    {
        "start":33.91596875,
        "end":48.09096875,
        "speaker":0,
        "text":"فإذا الأول هي أسماء عبد المنعم بن أذي في كمان الغربيه هي أول عروسه هتكسب ال الجهاز و هسيب بقى عينة أبو العروسه لأ هي قالت إن هي كانت بتتفرج على المسلسل و كانت بتشوف فيها معركه الحقيقيه مخطوبه بقالها الست ⁇ "
    },
    {
        "start":48.22596875,
        "end":49.20471875,
        "speaker":1,
        "text":"ربنا يباركلكها ⁇ "
    },
    {
        "start":49.55909375,
        "end":50.52096875,
        "speaker":0,
        "text":"أركانها ⁇ "
    },
    {
        "start":49.86284375,
        "end":51.41534375,
        "speaker":1,
        "text":"مبروك أسماء أزمة أسماء أثناء أثناء أثناء أثناء أثناء أثناء أثن"
    },
    {
        "start":50.70659375,
        "end":50.75721875,
        "speaker":0,
        "text":""
    },
    {
        "start":50.80784375,
        "end":51.48284375,
        "speaker":0,
        "text":"أثناء هدنه أثناء أثناء"
    },
    {
        "start":51.48284375,
        "end":51.51659375,
        "speaker":1,
        "text":""
    },
    {
        "start":51.51659375,
        "end":54.95909375,
        "speaker":0,
        "text":"<fil> <fil> <fil> <fil> <fil> <fil> <fil> <fil> <fil> ⁇ "
    },
    {
        "start":52.73159375,
        "end":54.55409375,
        "speaker":1,
        "text":"يا نهار أبيض يا سبحان الله ⁇ "
    },
    {
        "start":55.24596875,
        "end":59.63346875,
        "speaker":0,
        "text":"شوفتي يعني بنت مصريه عاديه كانت شايفه ⁇ "
    },
    {
        "start":60.29159375,
        "end":64.94909375,
        "speaker":0,
        "text":"<fil> جزء من معرفها في المعاناه اللي إنتي كنتي ⁇ "
    },
    {
        "start":61.37159375,
        "end":81.72284375,
        "speaker":1,
        "text":"جزء من معرفها في المعاناه اللي إنتي كنتي والحكايه تبدأ عشان ميدووش حياتهم مديونيش في عيون هو ميقدروش يكملوا العشر سنين الأولاني بتاعتهم بيسدوا بيقول فإن مش هيعرفوا يستمتعوا بحضراتكم يعني أحلى سينا عمروهم هتضيعوا في إنهم بيسدد ديون ⁇ "
    },
    {
        "start":82.38096875,
        "end":84.96284375,
        "speaker":1,
        "text":"ما كان ممكن تبقى الحقيقه أقصد من كده بكتير يعني ⁇ "
    },
    {
        "start":85.30034375,
        "end":95.59409375,
        "speaker":1,
        "text":"فبالتالي برضو كان من الحاجات اللي من ضمن الحاجات الحلوه اللي طرحت في المسلسل بري من الحاجات اللي أنا أحبها جدا حاجات كتيره ⁇ "
    },
    {
        "start":85.78971875,
        "end":85.89096875,
        "speaker":0,
        "text":""
    },
    {
        "start":95.76284375,
        "end":99.20534375,
        "speaker":1,
        "text":"علاقتنا تجران ⁇ "
    },
    {
        "start":98.04096875,
        "end":99.10409375,
        "speaker":0,
        "text":"أه ⁇ "
    },
    {
        "start":99.23909375,
        "end":110.88284375,
        "speaker":1,
        "text":"عمرك ما كنتي هتحسي إن في فرق بين مسيحي ومسكن عمرنا ما حسينا بده خالص كلنا عايشين على في بيت واحد وعلى ترابيزه واحده زي ما كان حاصل ⁇ "
    },
    {
        "start":111.22034375,
        "end":111.96284375,
        "speaker":1,
        "text":"يعني هو الموسيقى المستوى المسيحيين هو الم"
    }
]