[
    {
        "start":0.03096875,
        "end":8.08034375,
        "speaker":1,
        "text":"مهندس عبد الله الفلاني من عشق الزمن الجميل وأغاني الزمن الجميل أسطوانة الأغاني القديمه ف مسن بناته فإذا ⁇ "
    },
    {
        "start":8.41784375,
        "end":11.03346875,
        "speaker":1,
        "text":"و نجاة أم كلثوم بسرعة أم كلثوم ⁇ "
    },
    {
        "start":11.20221875,
        "end":36.70034375,
        "speaker":1,
        "text":"فإحنا هنخصمه فايده لأنها مسافه الفنانه إيمان الجلدي إم لكن بقيت البنات موجودين معانا نور إيمان برحب بيكم معانا الأيام بدورها مش هيديها مهمه يعني كل متوقع مستقبل بهر جدا و ده حصل يمكن بشهد لحضراتكم شوفت لسه بقولهم أنا اتأثرت بيه جدا جدا ⁇ "
    },
    {
        "start":11.52284375,
        "end":11.53971875,
        "speaker":0,
        "text":""
    },
    {
        "start":20.63534375,
        "end":21.83346875,
        "speaker":0,
        "text":"أنا مش هديها مصيبه مصيبه مصيبه مصيبه مصيبه مصيبه"
    },
    {
        "start":25.25909375,
        "end":26.03534375,
        "speaker":0,
        "text":"مشهد محافظه محافظه لحضراتكم محافظه محافظه ل"
    },
    {
        "start":29.08971875,
        "end":31.38471875,
        "speaker":0,
        "text":"يعني <fil> <fil> <fil> <fil> <fil> ⁇ "
    },
    {
        "start":31.99221875,
        "end":32.05971875,
        "speaker":0,
        "text":""
    },
    {
        "start":34.86096875,
        "end":34.91159375,
        "speaker":0,
        "text":""
    },
    {
        "start":35.28284375,
        "end":35.48534375,
        "speaker":0,
        "text":"أعلنه"
    },
    {
        "start":35.89034375,
        "end":35.99159375,
        "speaker":0,
        "text":""
    },
    {
        "start":36.73409375,
        "end":40.85159375,
        "speaker":1,
        "text":"واضح إن الش أول إحنا شفناها في المسلسل في أكتر منها في الحياه ⁇ "
    },
    {
        "start":39.85596875,
        "end":41.57721875,
        "speaker":0,
        "text":"بسم الله الرحمن الرحيم مش في التانيه ⁇ "
    },
    {
        "start":41.71221875,
        "end":44.68221875,
        "speaker":1,
        "text":"<fil> <fil> <fil> <fil> <fil> <fil> <fil> <fil> <fil> <fil> ⁇ "
    },
    {
        "start":43.97346875,
        "end":45.27284375,
        "speaker":0,
        "text":"الإتنين ⁇ "
    },
    {
        "start":45.79596875,
        "end":50.89221875,
        "speaker":1,
        "text":"وخلاص كمان بدون شن بدل قلب دور نجاة و بشام نورانا عامله إيه ⁇ "
    },
    {
        "start":51.97221875,
        "end":52.14096875,
        "speaker":1,
        "text":""
    },
    {
        "start":53.96346875,
        "end":54.36846875,
        "speaker":1,
        "text":"فايده ⁇ "
    },
    {
        "start":54.36846875,
        "end":59.14409375,
        "speaker":0,
        "text":"عندها بروت برضو صعب <fil> <fil> <fil> <fil> <fil> <fil> <fil> <fil> <fil> <fil> <fil> <fil> <fil> <fil> عمل جدا <fil> عمل جدا وك ⁇ "
    },
    {
        "start":59.88659375,
        "end":60.49409375,
        "speaker":0,
        "text":"زينب ⁇ "
    },
    {
        "start":60.88221875,
        "end":64.22346875,
        "speaker":0,
        "text":"ربنا أنقذها منه أيوه الحمد لله يعني الحمد لله ⁇ "
    },
    {
        "start":60.96659375,
        "end":61.40534375,
        "speaker":1,
        "text":"ب ب ب ب ب ب ب ب ب ب ب"
    },
    {
        "start":62.50221875,
        "end":74.85471875,
        "speaker":1,
        "text":"الحمد لله إحكولي على المسلسل و الأسره لسه كنت بقولهم أنا حاسس إن أنا مش قاعد مع شخصيتهم الحقيقيه هما لسه جوه المسلسل ده نور إحكيلي على كواليس المسلسل ⁇ "
    },
    {
        "start":72.49221875,
        "end":73.63971875,
        "speaker":0,
        "text":"<fil> <fil> <fil> <fil> <fi"
    },
    {
        "start":75.09096875,
        "end":86.97096875,
        "speaker":1,
        "text":"يعني حقيقي بجد مش الكلام اللي هو كده بقى عشان إحنا قاعدين مع بعض حقيقي كانت من أحلى الكواليس اللي ممكن حد يشوف حياته إم لأن إحنا قدمنا مع بعض وقت كبير أوي و من أول يوم ⁇ "
    }
]